Axial Compression Test-Jun-21-2024-09-34-39-AM.log,,,,,
,,,,,
System Information:,,,,,
IntelliMESUR Version: 2.2.1,,,,,
Test Frame Model: F505,,,,,
Test Frame Serial Number: 4418651,,,,,
Test Frame Capacity: 500 lbF / 2.2 kN,,,,,
Test Frame Firmware Version: 1.00.14,,,,,
Force Sensor Model: FS05-100,,,,,
Force Sensor Capacity: 500 N,,,,,
Force Sensor Resolution: 0.2 N,,,,,
Force Sensor Serial Number: 4425350,,,,,
"Calibration Date: Apr 29, 2024",,,,,
"Calibration Due Date: Apr 29, 2025",,,,,
,,,,,
Reading,Load [N],Distance [mm],Time [s],Stress [MPa],Strain [%]
1,0.2,-0.02,0,0.1,1
2,0.2,-0.02,0.004,0.1,1
3,0,-0.02,0.008,0,1
4,0,-0.02,0.012,0,1
5,0.2,-0.02,0.016,0.1,1
6,0.2,-0.02,0.02,0.1,1
7,0.2,-0.02,0.024,0.1,1
8,0.2,-0.02,0.028,0.1,1
9,0.2,-0.02,0.032,0.1,1
10,0.4,-0.02,0.036,0.2,1
11,0.2,-0.02,0.04,0.1,1
12,0.2,-0.02,0.044,0.1,1
13,0.2,-0.02,0.048,0.1,1
14,0.2,-0.02,0.052,0.1,1
15,0.2,-0.02,0.056,0.1,1
16,-0.2,-0.02,0.06,-0.1,1
17,0.2,-0.02,0.064,0.1,1
18,0.4,-0.02,0.068,0.2,1
19,0.2,-0.02,0.072,0.1,1
20,0.2,-0.02,0.076,0.1,1
21,0.2,-0.02,0.08,0.1,1
22,0.2,-0.02,0.084,0.1,1
23,0,-0.02,0.088,0,1
24,0.2,-0.02,0.092,0.1,1
25,0.2,-0.02,0.096,0.1,1
26,0.2,-0.02,0.1,0.1,1
27,0.2,-0.02,0.104,0.1,1
28,0.4,-0.02,0.108,0.2,1
29,0.4,-0.02,0.112,0.2,1
30,0.2,-0.02,0.116,0.1,1
31,0.2,-0.02,0.12,0.1,1
32,0.2,-0.02,0.124,0.1,1
33,0.2,-0.02,0.128,0.1,1
34,0.2,-0.02,0.132,0.1,1
35,0.2,-0.02,0.136,0.1,1
36,0.2,-0.02,0.14,0.1,1
37,0.2,-0.02,0.144,0.1,1
38,0.2,-0.02,0.148,0.1,1
39,0,-0.02,0.152,0,1
40,0,-0.02,0.156,0,1
41,0.2,-0.02,0.16,0.1,1
42,0.2,-0.02,0.164,0.1,1
43,0.2,-0.02,0.168,0.1,1
44,0.2,-0.02,0.172,0.1,1
45,0.2,-0.02,0.176,0.1,1
46,0.2,-0.02,0.18,0.1,1
47,0.2,-0.02,0.184,0.1,1
48,0.2,-0.02,0.188,0.1,1
49,0.4,-0.03,0.192,0.2,2
50,0.4,-0.03,0.196,0.2,2
51,0.2,-0.04,0.2,0.1,2.5
52,0.2,-0.05,0.204,0.1,3
53,0.2,-0.06,0.208,0.1,3.5
54,0.2,-0.06,0.212,0.1,3.5
55,0.2,-0.07,0.216,0.1,4
56,0.2,-0.08,0.22,0.1,4.5
57,-0.2,-0.08,0.224,-0.1,4.5
58,0,-0.09,0.228,0,5.5
59,0.2,-0.1,0.232,0.1,6
60,0.2,-0.11,0.236,0.1,6.5
61,0.2,-0.11,0.24,0.1,6.5
62,0.2,-0.12,0.244,0.1,7
63,0,-0.13,0.248,0,7.5
64,-0.2,-0.13,0.252,-0.1,7.5
65,0.2,-0.14,0.256,0.1,8
66,0.2,-0.15,0.26,0.1,9
67,0.2,-0.15,0.264,0.1,9
68,0,-0.16,0.268,0,9.5
69,-0.2,-0.17,0.272,-0.1,10
70,0.2,-0.18,0.276,0.1,10.5
71,0.2,-0.18,0.28,0.1,10.5
72,0.2,-0.19,0.284,0.1,11
73,0.2,-0.2,0.288,0.1,11.5
74,0.2,-0.2,0.292,0.1,11.5
75,0,-0.21,0.296,0,12.5
76,0.4,-0.22,0.3,0.2,13
77,0.2,-0.22,0.304,0.1,13
78,0.2,-0.23,0.308,0.1,13.5
79,0.2,-0.24,0.312,0.1,14
80,0.2,-0.25,0.316,0.1,14.5
81,0,-0.25,0.32,0,14.5
82,0.2,-0.26,0.324,0.1,15
83,0.2,-0.27,0.328,0.1,16
84,-0.2,-0.27,0.332,-0.1,16
85,0.2,-0.28,0.336,0.1,16.5
86,0.2,-0.29,0.34,0.1,17
87,0.4,-0.3,0.344,0.2,17.5
88,0.4,-0.3,0.348,0.2,17.5
89,0.2,-0.31,0.352,0.1,18
90,0.2,-0.32,0.356,0.1,18.5
91,-0.2,-0.32,0.36,-0.1,18.5
92,0.2,-0.33,0.364,0.1,19.5
93,0,-0.34,0.368,0,20
94,0.2,-0.34,0.372,0.1,20
95,0,-0.35,0.376,0,20.5
96,0.4,-0.36,0.38,0.2,21
97,0.2,-0.37,0.384,0.1,21.5
98,0.4,-0.36,0.388,0.2,21
99,0.2,-0.37,0.392,0.1,21.5
100,0.2,-0.38,0.396,0.1,22
101,-0.2,-0.38,0.4,-0.1,22
102,-0.2,-0.39,0.404,-0.1,23
103,0.2,-0.4,0.408,0.1,23.5
104,0.2,-0.4,0.412,0.1,23.5
105,0.2,-0.41,0.416,0.1,24
106,0.2,-0.42,0.42,0.1,24.5
107,0,-0.43,0.424,0,25
108,0,-0.43,0.428,0,25
109,0.4,-0.44,0.432,0.2,25.5
110,0.4,-0.45,0.436,0.2,26.5
111,0.2,-0.45,0.44,0.1,26.5
112,0.2,-0.46,0.444,0.1,27
113,0.2,-0.47,0.448,0.1,27.5
114,0.2,-0.48,0.452,0.1,28
115,0.2,-0.48,0.456,0.1,28
116,0.2,-0.49,0.46,0.1,28.5
117,0.2,-0.5,0.464,0.1,29
118,0.2,-0.51,0.468,0.1,30
119,0.2,-0.51,0.472,0.1,30
120,0.2,-0.52,0.476,0.1,30.5
121,0.2,-0.52,0.48,0.1,30.5
122,0.2,-0.53,0.484,0.1,31
123,0.2,-0.54,0.488,0.1,31.5
124,0.2,-0.55,0.492,0.1,32
125,0.2,-0.55,0.496,0.1,32
126,0.2,-0.56,0.5,0.1,32.5
127,-0.2,-0.57,0.504,-0.1,33.5
128,-0.2,-0.57,0.508,-0.1,33.5
129,0.4,-0.58,0.512,0.2,34
130,-0.2,-0.59,0.516,-0.1,34.5
131,0.2,-0.59,0.52,0.1,34.5
132,0.4,-0.6,0.524,0.2,35
133,0.2,-0.61,0.528,0.1,35.5
134,0.2,-0.62,0.532,0.1,36.5
135,0.2,-0.62,0.536,0.1,36.5
136,0.2,-0.63,0.54,0.1,37
137,0.2,-0.64,0.544,0.1,37.5
138,0.2,-0.64,0.548,0.1,37.5
139,0.2,-0.65,0.552,0.1,38
140,0.2,-0.66,0.556,0.1,38.5
141,0.4,-0.67,0.56,0.2,39
142,0.4,-0.67,0.564,0.2,39
143,0,-0.68,0.568,0,40
144,0,-0.69,0.572,0,40.5
145,0.2,-0.69,0.576,0.1,40.5
146,0.4,-0.7,0.58,0.2,41
147,0.2,-0.71,0.584,0.1,41.5
148,0.2,-0.71,0.588,0.1,41.5
149,0,-0.72,0.592,0,42
150,0.2,-0.73,0.596,0.1,42.5
151,0.4,-0.74,0.6,0.2,43.5
152,0.2,-0.74,0.604,0.1,43.5
153,0.2,-0.75,0.608,0.1,44
154,0,-0.76,0.612,0,44.5
155,0,-0.76,0.616,0,44.5
156,0.2,-0.77,0.62,0.1,45
157,0.2,-0.78,0.624,0.1,45.5
158,0.4,-0.78,0.628,0.2,45.5
159,0.2,-0.79,0.632,0.1,46
160,0.2,-0.8,0.636,0.1,47
161,0.2,-0.81,0.64,0.1,47.5
162,0.4,-0.81,0.644,0.2,47.5
163,0.2,-0.82,0.648,0.1,48
164,0.2,-0.82,0.652,0.1,48
165,0.2,-0.83,0.656,0.1,48.5
166,0.4,-0.84,0.66,0.2,49
167,-0.2,-0.85,0.664,-0.1,49.5
168,0.4,-0.85,0.668,0.2,49.5
169,0.2,-0.86,0.672,0.1,50.5
170,0,-0.87,0.676,0,51
171,0.2,-0.88,0.68,0.1,51.5
172,0.2,-0.88,0.684,0.1,51.5
173,0.2,-0.89,0.688,0.1,52
174,0.2,-0.9,0.692,0.1,52.5
175,0.2,-0.9,0.696,0.1,52.5
176,0.2,-0.91,0.7,0.1,53
177,0.2,-0.92,0.704,0.1,54
178,0.2,-0.92,0.708,0.1,54
179,0.2,-0.93,0.712,0.1,54.5
180,0.2,-0.94,0.716,0.1,55
181,0.2,-0.94,0.72,0.1,55
182,0.2,-0.95,0.724,0.1,55.5
183,0.2,-0.96,0.728,0.1,56
184,0.2,-0.97,0.732,0.1,56.5
185,0.4,-0.97,0.736,0.2,56.5
186,0.2,-0.98,0.74,0.1,57.5
187,0.4,-0.99,0.744,0.2,58
188,0,-0.99,0.748,0,58
189,0.2,-1,0.752,0.1,58.5
190,0.2,-1.01,0.756,0.1,59
191,0.2,-1.01,0.76,0.1,59
192,0.2,-1.02,0.764,0.1,59.5
193,0.2,-1.03,0.768,0.1,60
194,0.2,-1.04,0.772,0.1,61
195,0.2,-1.04,0.776,0.1,61
196,0.2,-1.05,0.78,0.1,61.5
197,0.2,-1.06,0.784,0.1,62
198,0.2,-1.06,0.788,0.1,62
199,0.2,-1.07,0.792,0.1,62.5
200,0,-1.08,0.796,0,63
201,0.4,-1.08,0.8,0.2,63
202,0.2,-1.09,0.804,0.1,63.5
203,0.2,-1.1,0.808,0.1,64.5
204,0,-1.11,0.812,0,65
205,0.2,-1.11,0.816,0.1,65
206,0.2,-1.12,0.82,0.1,65.5
207,0,-1.13,0.824,0,66
208,0.2,-1.13,0.828,0.1,66
209,0.2,-1.14,0.832,0.1,66.5
210,0.2,-1.15,0.836,0.1,67.5
211,0.2,-1.15,0.84,0.1,67.5
212,0.2,-1.16,0.844,0.1,68
213,0.2,-1.17,0.848,0.1,68.5
214,0,-1.18,0.852,0,69
215,0,-1.18,0.856,0,69
216,0.2,-1.19,0.86,0.1,69.5
217,0.2,-1.2,0.864,0.1,70
218,0.2,-1.2,0.868,0.1,70
219,0.2,-1.21,0.872,0.1,71
220,0.2,-1.22,0.876,0.1,71.5
221,0.2,-1.22,0.88,0.1,71.5
222,0.2,-1.23,0.884,0.1,72
223,0.2,-1.24,0.888,0.1,72.5
224,0.2,-1.24,0.892,0.1,72.5
225,0.2,-1.25,0.896,0.1,73
226,0,-1.26,0.9,0,73.5
227,0.2,-1.27,0.904,0.1,74.5
228,0.2,-1.27,0.908,0.1,74.5
229,-0.2,-1.28,0.912,-0.1,75
230,0,-1.29,0.916,0,75.5
231,0.2,-1.29,0.92,0.1,75.5
232,0.2,-1.3,0.924,0.1,76
233,0.2,-1.31,0.928,0.1,76.5
234,0.2,-1.31,0.932,0.1,76.5
235,0.2,-1.32,0.936,0.1,77
236,0.2,-1.33,0.94,0.1,78
237,-0.2,-1.34,0.944,-0.1,78.5
238,0.2,-1.34,0.948,0.1,78.5
239,0.2,-1.35,0.952,0.1,79
240,0.2,-1.36,0.956,0.1,79.5
241,0.2,-1.37,0.96,0.1,80
242,0.2,-1.38,0.964,0.1,80.5
243,0.2,-1.39,0.968,0.1,81.5
244,0.2,-1.39,0.972,0.1,81.5
245,0.2,-1.4,0.976,0.1,82
246,0,-1.41,0.98,0,82.5
247,0,-1.42,0.984,0,83
248,0.2,-1.42,0.988,0.1,83
249,0.2,-1.43,0.992,0.1,83.5
250,0.2,-1.44,0.996,0.1,84
251,-0.2,-1.44,1,-0.1,84
252,0.2,-1.45,1.004,0.1,85
253,0.2,-1.46,1.008,0.1,85.5
254,0.2,-1.46,1.012,0.1,85.5
255,0.2,-1.47,1.016,0.1,86
256,0.2,-1.48,1.02,0.1,86.5
257,0.2,-1.49,1.024,0.1,87
258,0.2,-1.49,1.028,0.1,87
259,0.4,-1.5,1.032,0.2,87.5
260,0.4,-1.51,1.036,0.2,88.5
261,0.4,-1.51,1.04,0.2,88.5
262,0.2,-1.52,1.044,0.1,89
263,0.2,-1.53,1.048,0.1,89.5
264,0.2,-1.54,1.052,0.1,90
265,0.2,-1.54,1.056,0.1,90
266,0.2,-1.55,1.06,0.1,90.5
267,0.2,-1.55,1.064,0.1,90.5
268,0.2,-1.56,1.068,0.1,91
269,0,-1.57,1.072,0,92
270,0.2,-1.58,1.076,0.1,92.5
271,0.2,-1.58,1.08,0.1,92.5
272,0.2,-1.59,1.084,0.1,93
273,0.2,-1.6,1.088,0.1,93.5
274,0.2,-1.6,1.092,0.1,93.5
275,0.2,-1.61,1.096,0.1,94
276,0.2,-1.62,1.1,0.1,94.5
277,0.2,-1.62,1.104,0.1,94.5
278,0.2,-1.63,1.108,0.1,95.5
279,0.2,-1.64,1.112,0.1,96
280,0.2,-1.65,1.116,0.1,96.5
281,0.2,-1.65,1.12,0.1,96.5
282,0.4,-1.66,1.124,0.2,97
283,0.2,-1.67,1.128,0.1,97.5
284,0.2,-1.67,1.132,0.1,97.5
285,0.2,-1.68,1.136,0.1,98
286,0.2,-1.69,1.14,0.1,99
287,0.2,-1.69,1.144,0.1,99
288,0.2,-1.7,1.148,0.1,99.5
289,0,-1.71,1.152,0,100
290,0.2,-1.72,1.156,0.1,100.5
291,0.2,-1.72,1.16,0.1,100.5
292,0.2,-1.73,1.164,0.1,101
293,0,-1.74,1.168,0,102
294,0,-1.74,1.172,0,102
295,0.2,-1.75,1.176,0.1,102.5
296,0,-1.76,1.18,0,103
297,0.2,-1.76,1.184,0.1,103
298,0.2,-1.77,1.188,0.1,103.5
299,0.2,-1.78,1.192,0.1,104
300,0.2,-1.78,1.196,0.1,104
301,0.4,-1.79,1.2,0.2,104.5
302,0.4,-1.8,1.204,0.2,105.5
303,0.4,-1.81,1.208,0.2,106
304,0.2,-1.81,1.212,0.1,106
305,0.2,-1.82,1.216,0.1,106.5
306,0,-1.83,1.22,0,107
307,0.4,-1.83,1.224,0.2,107
308,0.4,-1.84,1.228,0.2,107.5
309,0.2,-1.85,1.232,0.1,108
310,0.2,-1.85,1.236,0.1,108
311,0.2,-1.86,1.24,0.1,109
312,0.2,-1.87,1.244,0.1,109.5
313,0.4,-1.88,1.248,0.2,110
314,0.2,-1.88,1.252,0.1,110
315,0.2,-1.89,1.256,0.1,110.5
316,0.2,-1.9,1.26,0.1,111
317,0.2,-1.9,1.264,0.1,111
318,0.2,-1.91,1.268,0.1,111.5
319,0.2,-1.92,1.272,0.1,112.5
320,0.2,-1.92,1.276,0.1,112.5
321,0.2,-1.93,1.28,0.1,113
322,0.2,-1.94,1.284,0.1,113.5
323,0.2,-1.95,1.288,0.1,114
324,0.4,-1.95,1.292,0.2,114
325,0.2,-1.96,1.296,0.1,114.5
326,0.2,-1.96,1.3,0.1,114.5
327,0,-1.97,1.304,0,115
328,0.4,-1.98,1.308,0.2,116
329,0.2,-1.99,1.312,0.1,116.5
330,0.2,-1.99,1.316,0.1,116.5
331,0.2,-2,1.32,0.1,117
332,0.4,-2.01,1.324,0.2,117.5
333,0,-2.02,1.328,0,118
334,0.2,-2.02,1.332,0.1,118
335,-0.2,-2.03,1.336,-0.1,118.5
336,0.2,-2.03,1.34,0.1,118.5
337,0,-2.04,1.344,0,119.5
338,0,-2.05,1.348,0,120
339,0.2,-2.06,1.352,0.1,120.5
340,0.2,-2.06,1.356,0.1,120.5
341,0.2,-2.07,1.36,0.1,121
342,0.2,-2.08,1.364,0.1,121.5
343,0.2,-2.08,1.368,0.1,121.5
344,-0.2,-2.09,1.372,-0.1,122
345,-0.2,-2.1,1.376,-0.1,123
346,0.2,-2.1,1.38,0.1,123
347,0.2,-2.11,1.384,0.1,123.5
348,0,-2.12,1.388,0,124
349,0,-2.13,1.392,0,124.5
350,0.2,-2.13,1.396,0.1,124.5
351,0.4,-2.14,1.4,0.2,125
352,0.2,-2.15,1.404,0.1,125.5
353,-0.2,-2.15,1.408,-0.1,125.5
354,0,-2.16,1.412,0,126.5
355,-0.2,-2.17,1.416,-0.1,127
356,0,-2.18,1.42,0,127.5
357,0.2,-2.18,1.424,0.1,127.5
358,0.2,-2.19,1.428,0.1,128
359,0.2,-2.19,1.432,0.1,128
360,0,-2.2,1.436,0,128.5
361,0.2,-2.21,1.44,0.1,129
362,0,-2.22,1.444,0,130
363,0.2,-2.22,1.448,0.1,130
364,0.2,-2.23,1.452,0.1,130.5
365,0.4,-2.24,1.456,0.2,131
366,0.4,-2.24,1.46,0.2,131
367,0.2,-2.25,1.464,0.1,131.5
368,0.2,-2.26,1.468,0.1,132
369,0.2,-2.26,1.472,0.1,132
370,0.2,-2.27,1.476,0.1,132.5
371,0.4,-2.28,1.48,0.2,133.5
372,0.2,-2.29,1.484,0.1,134
373,-0.2,-2.29,1.488,-0.1,134
374,0.2,-2.3,1.492,0.1,134.5
375,0.2,-2.31,1.496,0.1,135
376,0.2,-2.31,1.5,0.1,135
377,0.2,-2.32,1.504,0.1,135.5
378,0.2,-2.33,1.508,0.1,136.5
379,0.2,-2.33,1.512,0.1,136.5
380,0.2,-2.34,1.516,0.1,137
381,0.4,-2.35,1.52,0.2,137.5
382,0.2,-2.36,1.524,0.1,138
383,0.2,-2.36,1.528,0.1,138
384,0.2,-2.37,1.532,0.1,138.5
385,0.4,-2.37,1.536,0.2,138.5
386,0.4,-2.37,1.54,0.2,138.5
387,0.4,-2.38,1.544,0.2,139
388,0.6,-2.39,1.548,0.3,140
389,0.4,-2.39,1.552,0.2,140
390,0.2,-2.4,1.556,0.1,140.5
391,0,-2.41,1.56,0,141
392,0,-2.42,1.564,0,141.5
393,0,-2.42,1.568,0,141.5
394,0.2,-2.43,1.572,0.1,142
395,0.2,-2.43,1.576,0.1,142
396,0.2,-2.44,1.58,0.1,142.5
397,0.2,-2.45,1.584,0.1,143.5
398,0.2,-2.46,1.588,0.1,144
399,0,-2.46,1.592,0,144
400,0.2,-2.47,1.596,0.1,144.5
401,0,-2.48,1.6,0,145
402,0.2,-2.48,1.604,0.1,145
403,0.2,-2.49,1.608,0.1,145.5
404,0.2,-2.5,1.612,0.1,146
405,0.2,-2.51,1.616,0.1,147
406,0.2,-2.51,1.62,0.1,147
407,0,-2.52,1.624,0,147.5
408,0,-2.53,1.628,0,148
409,0.2,-2.53,1.632,0.1,148
410,0.4,-2.54,1.636,0.2,148.5
411,0.2,-2.55,1.64,0.1,149
412,0.2,-2.55,1.644,0.1,149
413,0.6,-2.56,1.648,0.3,149.5
414,0.2,-2.57,1.652,0.1,150.5
415,0,-2.58,1.656,0,151
416,0.2,-2.58,1.66,0.1,151
417,0.2,-2.59,1.664,0.1,151.5
418,-0.2,-2.6,1.668,-0.1,152
419,0.2,-2.6,1.672,0.1,152
420,0.4,-2.61,1.676,0.2,152.5
421,0.2,-2.62,1.68,0.1,153
422,0.2,-2.62,1.684,0.1,153
423,0.2,-2.63,1.688,0.1,154
424,0.2,-2.64,1.692,0.1,154.5
425,0,-2.65,1.696,0,155
426,0.4,-2.65,1.7,0.2,155
427,0.2,-2.66,1.704,0.1,155.5
428,0.2,-2.66,1.708,0.1,155.5
429,0.2,-2.67,1.712,0.1,156
430,-0.2,-2.68,1.716,-0.1,156.5
431,0.4,-2.69,1.72,0.2,157.5
432,0.4,-2.69,1.724,0.2,157.5
433,0.2,-2.7,1.728,0.1,158
434,0.2,-2.71,1.732,0.1,158.5
435,0.2,-2.71,1.736,0.1,158.5
436,0.2,-2.72,1.74,0.1,159
437,0.2,-2.73,1.744,0.1,159.5
438,0.4,-2.73,1.748,0.2,159.5
439,0.4,-2.74,1.752,0.2,160
440,0,-2.75,1.756,0,161
441,-0.2,-2.76,1.76,-0.1,161.5
442,0.2,-2.76,1.764,0.1,161.5
443,0.2,-2.77,1.768,0.1,162
444,0.2,-2.78,1.772,0.1,162.5
445,0.2,-2.78,1.776,0.1,162.5
446,0.2,-2.79,1.78,0.1,163
447,0,-2.8,1.784,0,163.5
448,0.2,-2.81,1.788,0.1,164.5
449,-0.2,-2.81,1.792,-0.1,164.5
450,0.2,-2.82,1.796,0.1,165
451,0.2,-2.83,1.8,0.1,165.5
452,0.2,-2.83,1.804,0.1,165.5
453,0,-2.84,1.808,0,166
454,0.2,-2.85,1.812,0.1,166.5
455,0.2,-2.85,1.816,0.1,166.5
456,0.2,-2.86,1.82,0.1,167.5
457,0.2,-2.87,1.824,0.1,168
458,0.2,-2.88,1.828,0.1,168.5
459,0.2,-2.88,1.832,0.1,168.5
460,0.2,-2.89,1.836,0.1,169
461,0.2,-2.89,1.84,0.1,169
462,0.2,-2.9,1.844,0.1,169.5
463,0.4,-2.91,1.848,0.2,170
464,0.2,-2.92,1.852,0.1,171
465,0,-2.92,1.856,0,171
466,0,-2.93,1.86,0,171.5
467,0.2,-2.94,1.864,0.1,172
468,0,-2.95,1.868,0,172.5
469,0.2,-2.95,1.872,0.1,172.5
470,0.2,-2.96,1.876,0.1,173
471,0.2,-2.96,1.88,0.1,173
472,0.4,-2.97,1.884,0.2,173.5
473,0,-2.98,1.888,0,174.5
474,0.2,-2.99,1.892,0.1,175
475,0.2,-2.99,1.896,0.1,175
476,0,-3,1.9,0,175.5
477,0.2,-3.01,1.904,0.1,176
478,0.2,-3.01,1.908,0.1,176
479,0,-3.02,1.912,0,176.5
480,0.2,-3.03,1.916,0.1,177
481,0.2,-3.03,1.92,0.1,177
482,0,-3.04,1.924,0,178
483,0.2,-3.05,1.928,0.1,178.5
484,0.2,-3.06,1.932,0.1,179
485,0.2,-3.06,1.936,0.1,179
486,0.2,-3.07,1.94,0.1,179.5
487,0.2,-3.08,1.944,0.1,180
488,0.2,-3.08,1.948,0.1,180
489,0.2,-3.09,1.952,0.1,180.5
490,0.2,-3.1,1.956,0.1,181.5
491,0.2,-3.11,1.96,0.1,182
492,0.4,-3.11,1.964,0.2,182
493,0.2,-3.12,1.968,0.1,182.5
494,0.2,-3.13,1.972,0.1,183
495,0,-3.13,1.976,0,183
496,0.2,-3.14,1.98,0.1,183.5
497,0.2,-3.15,1.984,0.1,184
498,0.2,-3.15,1.988,0.1,184
499,0,-3.16,1.992,0,185
500,-0.2,-3.17,1.996,-0.1,185.5
501,0.2,-3.18,2,0.1,186
502,0.2,-3.18,2.004,0.1,186
503,0.2,-3.19,2.008,0.1,186.5
504,0.2,-3.19,2.012,0.1,186.5
505,0.2,-3.2,2.016,0.1,187
506,0.2,-3.21,2.02,0.1,187.5
507,-0.2,-3.22,2.024,-0.1,188.5
508,0.2,-3.22,2.028,0.1,188.5
509,0,-3.23,2.032,0,189
510,0.2,-3.24,2.036,0.1,189.5
511,0.4,-3.25,2.04,0.2,190
512,0.4,-3.25,2.044,0.2,190
513,0.2,-3.26,2.048,0.1,190.5
514,0,-3.26,2.052,0,190.5
515,0.2,-3.27,2.056,0.1,191
516,0.2,-3.28,2.06,0.1,192
517,0.2,-3.29,2.064,0.1,192.5
518,0.6,-3.29,2.068,0.3,192.5
519,0.4,-3.3,2.072,0.2,193
520,0.2,-3.31,2.076,0.1,193.5
521,0.2,-3.31,2.08,0.1,193.5
522,0,-3.32,2.084,0,194
523,0.2,-3.33,2.088,0.1,194.5
524,0.2,-3.34,2.092,0.1,195.5
525,0.2,-3.34,2.096,0.1,195.5
526,0.2,-3.35,2.1,0.1,196
527,0.2,-3.36,2.104,0.1,196.5
528,0.2,-3.37,2.108,0.1,197
529,0.2,-3.38,2.112,0.1,197.5
530,0.2,-3.39,2.116,0.1,198
531,0,-3.39,2.12,0,198
532,0.4,-3.4,2.124,0.2,199
533,0.2,-3.41,2.128,0.1,199.5
534,0.2,-3.42,2.132,0.1,200
535,0.2,-3.42,2.136,0.1,200
536,0.2,-3.43,2.14,0.1,200.5
537,0.4,-3.44,2.144,0.2,201
538,0,-3.44,2.148,0,201
539,0.2,-3.45,2.152,0.1,202
540,0.2,-3.46,2.156,0.1,202.5
541,0.2,-3.46,2.16,0.1,202.5
542,0.2,-3.47,2.164,0.1,203
543,0.2,-3.48,2.168,0.1,203.5
544,0.2,-3.49,2.172,0.1,204
545,0.4,-3.49,2.176,0.2,204
546,0.2,-3.5,2.18,0.1,204.5
547,0.4,-3.51,2.184,0.2,205.5
548,0.2,-3.51,2.188,0.1,205.5
549,0.4,-3.52,2.192,0.2,206
550,0,-3.53,2.196,0,206.5
551,0.2,-3.53,2.2,0.1,206.5
552,0.2,-3.54,2.204,0.1,207
553,0.2,-3.55,2.208,0.1,207.5
554,0.2,-3.56,2.212,0.1,208
555,0,-3.56,2.216,0,208
556,0.2,-3.57,2.22,0.1,209
557,0.2,-3.58,2.224,0.1,209.5
558,0,-3.58,2.228,0,209.5
559,0.2,-3.59,2.232,0.1,210
560,0,-3.6,2.236,0,210.5
561,0.2,-3.61,2.24,0.1,211
562,0.2,-3.61,2.244,0.1,211
563,0.2,-3.62,2.248,0.1,211.5
564,0,-3.63,2.252,0,212.5
565,-0.2,-3.63,2.256,-0.1,212.5
566,0.2,-3.64,2.26,0.1,213
567,0.2,-3.65,2.264,0.1,213.5
568,0.2,-3.65,2.268,0.1,213.5
569,0.2,-3.66,2.272,0.1,214
570,0,-3.67,2.276,0,214.5
571,0.2,-3.68,2.28,0.1,215
572,0.2,-3.68,2.284,0.1,215
573,0.2,-3.69,2.288,0.1,216
574,0.2,-3.7,2.292,0.1,216.5
575,0.2,-3.7,2.296,0.1,216.5
576,0.2,-3.71,2.3,0.1,217
577,0.2,-3.72,2.304,0.1,217.5
578,0.4,-3.72,2.308,0.2,217.5
579,0.4,-3.73,2.312,0.2,218
580,0,-3.74,2.316,0,218.5
581,0.2,-3.75,2.32,0.1,219.5
582,0.2,-3.75,2.324,0.1,219.5
583,0.2,-3.76,2.328,0.1,220
584,0.2,-3.77,2.332,0.1,220.5
585,0.4,-3.77,2.336,0.2,220.5
586,0.2,-3.78,2.34,0.1,221
587,0.2,-3.79,2.344,0.1,221.5
588,0.2,-3.8,2.348,0.1,222
589,0.2,-3.8,2.352,0.1,222
590,0,-3.81,2.356,0,223
591,0.2,-3.82,2.36,0.1,223.5
592,0,-3.82,2.364,0,223.5
593,0.2,-3.83,2.368,0.1,224
594,0.4,-3.84,2.372,0.2,224.5
595,0.2,-3.84,2.376,0.1,224.5
596,0,-3.85,2.38,0,225
597,0.2,-3.86,2.384,0.1,225.5
598,0.2,-3.87,2.388,0.1,226.5
599,0,-3.87,2.392,0,226.5
600,0,-3.88,2.396,0,227
601,0,-3.88,2.4,0,227
602,-0.2,-3.89,2.404,-0.1,227.5
603,0.2,-3.9,2.408,0.1,228
604,0.2,-3.91,2.412,0.1,228.5
605,0.2,-3.91,2.416,0.1,228.5
606,0.4,-3.92,2.42,0.2,229
607,0.2,-3.93,2.424,0.1,230
608,0.2,-3.94,2.428,0.1,230.5
609,0.2,-3.94,2.432,0.1,230.5
610,0.2,-3.95,2.436,0.1,231
611,0.4,-3.96,2.44,0.2,231.5
612,0.2,-3.96,2.444,0.1,231.5
613,0,-3.97,2.448,0,232
614,0.2,-3.98,2.452,0.1,232.5
615,0,-3.99,2.456,0,233.5
616,-0.2,-3.99,2.46,-0.1,233.5
617,0.2,-4,2.464,0.1,234
618,0.4,-4.01,2.468,0.2,234.5
619,0,-4.01,2.472,0,234.5
620,0,-4.02,2.476,0,235
621,0.2,-4.03,2.48,0.1,235.5
622,-0.2,-4.03,2.484,-0.1,235.5
623,0.2,-4.04,2.488,0.1,236.5
624,-0.2,-4.05,2.492,-0.1,237
625,0.2,-4.06,2.496,0.1,237.5
626,0.6,-4.06,2.5,0.3,237.5
627,0.4,-4.07,2.504,0.2,238
628,0,-4.08,2.508,0,238.5
629,0.2,-4.08,2.512,0.1,238.5
630,0.2,-4.09,2.516,0.1,239
631,0.2,-4.1,2.52,0.1,240
632,0.2,-4.1,2.524,0.1,240
633,0.6,-4.11,2.528,0.3,240.5
634,0.2,-4.12,2.532,0.1,241
635,0.2,-4.13,2.536,0.1,241.5
636,0.2,-4.13,2.54,0.1,241.5
637,0,-4.14,2.544,0,242
638,0.2,-4.15,2.548,0.1,242.5
639,0.2,-4.15,2.552,0.1,242.5
640,0.2,-4.16,2.556,0.1,243.5
641,0.2,-4.17,2.56,0.1,244
642,0,-4.18,2.564,0,244.5
643,0,-4.18,2.568,0,244.5
644,0,-4.19,2.572,0,245
645,0.2,-4.2,2.576,0.1,245.5
646,0.2,-4.2,2.58,0.1,245.5
647,0.2,-4.21,2.584,0.1,246
648,0,-4.22,2.588,0,247
649,0.2,-4.22,2.592,0.1,247
650,0,-4.23,2.596,0,247.5
651,0.2,-4.24,2.6,0.1,248
652,0.2,-4.25,2.604,0.1,248.5
653,0.2,-4.25,2.608,0.1,248.5
654,-0.2,-4.26,2.612,-0.1,249
655,0,-4.27,2.616,0,249.5
656,-0.2,-4.27,2.62,-0.1,249.5
657,-0.2,-4.28,2.624,-0.1,250.5
658,0.2,-4.29,2.628,0.1,251
659,0.2,-4.29,2.632,0.1,251
660,0.2,-4.3,2.636,0.1,251.5
661,0.2,-4.31,2.64,0.1,252
662,0,-4.32,2.644,0,252.5
663,0.2,-4.32,2.648,0.1,252.5
664,0.4,-4.33,2.652,0.2,253
665,0.2,-4.34,2.656,0.1,254
666,0.2,-4.34,2.66,0.1,254
667,0.2,-4.35,2.664,0.1,254.5
668,0.2,-4.36,2.668,0.1,255
669,0.2,-4.37,2.672,0.1,255.5
670,0.2,-4.37,2.676,0.1,255.5
671,0.2,-4.38,2.68,0.1,256
672,-0.2,-4.39,2.684,-0.1,256.5
673,-0.2,-4.39,2.688,-0.1,256.5
674,0,-4.4,2.692,0,257.5
675,0,-4.41,2.696,0,258
676,0.2,-4.41,2.7,0.1,258
677,0.2,-4.42,2.704,0.1,258.5
678,0,-4.43,2.708,0,259
679,0.2,-4.44,2.712,0.1,259.5
680,0.4,-4.44,2.716,0.2,259.5
681,0.2,-4.45,2.72,0.1,260
682,0.2,-4.46,2.724,0.1,261
683,0,-4.46,2.728,0,261
684,0,-4.47,2.732,0,261.5
685,0.4,-4.48,2.736,0.2,262
686,0.4,-4.48,2.74,0.2,262
687,0.2,-4.49,2.744,0.1,262.5
688,0.2,-4.5,2.748,0.1,263
689,-0.2,-4.51,2.752,-0.1,263.5
690,0.2,-4.51,2.756,0.1,263.5
691,0.2,-4.52,2.76,0.1,264.5
692,0.4,-4.53,2.764,0.2,265
693,0.2,-4.53,2.768,0.1,265
694,0,-4.54,2.772,0,265.5
695,0.4,-4.55,2.776,0.2,266
696,0.2,-4.56,2.78,0.1,266.5
697,0.2,-4.56,2.784,0.1,266.5
698,0.2,-4.57,2.788,0.1,267.5
699,0.2,-4.58,2.792,0.1,268
700,0.2,-4.58,2.796,0.1,268
701,0.2,-4.59,2.8,0.1,268.5
702,0.2,-4.6,2.804,0.1,269
703,0,-4.6,2.808,0,269
704,0.2,-4.61,2.812,0.1,269.5
705,0.2,-4.62,2.816,0.1,270
706,0.4,-4.63,2.82,0.2,271
707,0.2,-4.63,2.824,0.1,271
708,0.2,-4.64,2.828,0.1,271.5
709,0.2,-4.65,2.832,0.1,272
710,0.2,-4.65,2.836,0.1,272
711,0.2,-4.66,2.84,0.1,272.5
712,0.2,-4.67,2.844,0.1,273
713,0.2,-4.67,2.848,0.1,273
714,0.2,-4.68,2.852,0.1,273.5
715,0.2,-4.69,2.856,0.1,274.5
716,0.2,-4.7,2.86,0.1,275
717,0.2,-4.7,2.864,0.1,275
718,0.2,-4.71,2.868,0.1,275.5
719,0.2,-4.72,2.872,0.1,276
720,0,-4.72,2.876,0,276
721,0,-4.73,2.88,0,276.5
722,-0.2,-4.74,2.884,-0.1,277
723,0.2,-4.75,2.888,0.1,278
724,0.2,-4.75,2.892,0.1,278
725,0.2,-4.76,2.896,0.1,278.5
726,0.2,-4.77,2.9,0.1,279
727,0.2,-4.77,2.904,0.1,279
728,0.4,-4.78,2.908,0.2,279.5
729,0.2,-4.79,2.912,0.1,280
730,0.4,-4.79,2.916,0.2,280
731,0.2,-4.8,2.92,0.1,280.5
732,0.2,-4.81,2.924,0.1,281.5
733,0.2,-4.82,2.928,0.1,282
734,0.2,-4.82,2.932,0.1,282
735,0.2,-4.83,2.936,0.1,282.5
736,0,-4.84,2.94,0,283
737,0,-4.84,2.944,0,283
738,0.2,-4.85,2.948,0.1,283.5
739,0,-4.86,2.952,0,284
740,0.2,-4.87,2.956,0.1,285
741,0.2,-4.87,2.96,0.1,285
742,0.2,-4.88,2.964,0.1,285.5
743,0.2,-4.89,2.968,0.1,286
744,0.2,-4.89,2.972,0.1,286
745,0.2,-4.9,2.976,0.1,286.5
746,-0.2,-4.91,2.98,-0.1,287
747,0.2,-4.91,2.984,0.1,287
748,0.2,-4.92,2.988,0.1,287.5
749,0.2,-4.93,2.992,0.1,288.5
750,0.2,-4.94,2.996,0.1,289
751,0.2,-4.94,3,0.1,289
752,0.4,-4.95,3.004,0.2,289.5
753,0.2,-4.96,3.008,0.1,290
754,0.4,-4.96,3.012,0.2,290
755,0.2,-4.97,3.016,0.1,290.5
756,0.4,-4.98,3.02,0.2,291
757,0.2,-4.98,3.024,0.1,291
758,0,-4.99,3.028,0,292
759,-0.2,-5,3.032,-0.1,292.5
760,0,-5.01,3.036,0,293
761,0.2,-5.01,3.04,0.1,293
762,0.2,-5.02,3.044,0.1,293.5
763,0.2,-5.03,3.048,0.1,294
764,0,-5.03,3.052,0,294
765,0.2,-5.04,3.056,0.1,294.5
766,0.2,-5.05,3.06,0.1,295.5
767,0.4,-5.06,3.064,0.2,296
768,0.2,-5.06,3.068,0.1,296
769,0.2,-5.07,3.072,0.1,296.5
770,0.2,-5.08,3.076,0.1,297
771,0.2,-5.08,3.08,0.1,297
772,0.2,-5.09,3.084,0.1,297.5
773,0.2,-5.1,3.088,0.1,298
774,0.2,-5.1,3.092,0.1,298
775,0.4,-5.11,3.096,0.2,299
776,-0.4,-5.12,3.1,-0.2,299.5
777,0,-5.13,3.104,0,300
778,0.4,-5.13,3.108,0.2,300
779,0,-5.14,3.112,0,300.5
780,0,-5.15,3.116,0,301
781,0,-5.16,3.12,0,302
782,0.2,-5.16,3.124,0.1,302
783,0.2,-5.17,3.128,0.1,302.5
784,0.2,-5.17,3.132,0.1,302.5
785,0,-5.18,3.136,0,303
786,0.2,-5.19,3.14,0.1,303.5
787,0.2,-5.2,3.144,0.1,304
788,0.2,-5.2,3.148,0.1,304
789,0.2,-5.21,3.152,0.1,304.5
790,0.2,-5.22,3.156,0.1,305.5
791,0.2,-5.22,3.16,0.1,305.5
792,0.2,-5.23,3.164,0.1,306
793,0.2,-5.24,3.168,0.1,306.5
794,0.2,-5.25,3.172,0.1,307
795,0.2,-5.25,3.176,0.1,307
796,-0.2,-5.26,3.18,-0.1,307.5
797,0,-5.27,3.184,0,308
798,0.4,-5.27,3.188,0.2,308
799,0.2,-5.28,3.192,0.1,309
800,0.2,-5.29,3.196,0.1,309.5
801,0.2,-5.29,3.2,0.1,309.5
802,0.2,-5.3,3.204,0.1,310
803,0.2,-5.31,3.208,0.1,310.5
804,0.2,-5.32,3.212,0.1,311
805,0.4,-5.32,3.216,0.2,311
806,0.2,-5.33,3.22,0.1,311.5
807,0.2,-5.34,3.224,0.1,312.5
808,0.2,-5.35,3.228,0.1,313
809,0.2,-5.35,3.232,0.1,313
810,0.2,-5.36,3.236,0.1,313.5
811,0.2,-5.36,3.24,0.1,313.5
812,0,-5.37,3.244,0,314
813,0,-5.38,3.248,0,314.5
814,0.2,-5.39,3.252,0.1,315
815,0.2,-5.39,3.256,0.1,315
816,0.2,-5.4,3.26,0.1,316
817,0.4,-5.41,3.264,0.2,316.5
818,0.4,-5.41,3.268,0.2,316.5
819,0.2,-5.42,3.272,0.1,317
820,0.4,-5.43,3.276,0.2,317.5
821,0.4,-5.43,3.28,0.2,317.5
822,0.2,-5.44,3.284,0.1,318
823,-0.2,-5.45,3.288,-0.1,318.5
824,0.2,-5.46,3.292,0.1,319.5
825,0.2,-5.46,3.296,0.1,319.5
826,0.4,-5.47,3.3,0.2,320
827,0.2,-5.48,3.304,0.1,320.5
828,0.2,-5.48,3.308,0.1,320.5
829,0,-5.49,3.312,0,321
830,0.2,-5.5,3.316,0.1,321.5
831,0.2,-5.51,3.32,0.1,322
832,0.2,-5.51,3.324,0.1,322
833,0.2,-5.52,3.328,0.1,323
834,0.2,-5.53,3.332,0.1,323.5
835,0,-5.53,3.336,0,323.5
836,0.2,-5.54,3.34,0.1,324
837,0.2,-5.55,3.344,0.1,324.5
838,0.2,-5.55,3.348,0.1,324.5
839,0.2,-5.56,3.352,0.1,325
840,0.2,-5.57,3.356,0.1,325.5
841,0.2,-5.58,3.36,0.1,326.5
842,0.2,-5.58,3.364,0.1,326.5
843,0.2,-5.59,3.368,0.1,327
844,0.2,-5.6,3.372,0.1,327.5
845,0,-5.6,3.376,0,327.5
846,0,-5.61,3.38,0,328
847,0.2,-5.62,3.384,0.1,328.5
848,0.2,-5.62,3.388,0.1,328.5
849,0,-5.63,3.392,0,329
850,0.2,-5.64,3.396,0.1,330
851,0,-5.65,3.4,0,330.5
852,0,-5.65,3.404,0,330.5
853,0.6,-5.66,3.408,0.3,331
854,0.4,-5.67,3.412,0.2,331.5
855,0.2,-5.67,3.416,0.1,331.5
856,0.2,-5.68,3.42,0.1,332
857,0,-5.69,3.424,0,332.5
858,-0.2,-5.7,3.428,-0.1,333.5
859,0.4,-5.7,3.432,0.2,333.5
860,0.2,-5.71,3.436,0.1,334
861,0.2,-5.72,3.44,0.1,334.5
862,-0.2,-5.72,3.444,-0.1,334.5
863,0.2,-5.73,3.448,0.1,335
864,0.2,-5.74,3.452,0.1,335.5
865,0.2,-5.74,3.456,0.1,335.5
866,0.2,-5.75,3.46,0.1,336.5
867,0.2,-5.76,3.464,0.1,337
868,0.2,-5.77,3.468,0.1,337.5
869,0.2,-5.77,3.472,0.1,337.5
870,0.2,-5.78,3.476,0.1,338
871,0.2,-5.79,3.48,0.1,338.5
872,0.4,-5.79,3.484,0.2,338.5
873,0.4,-5.8,3.488,0.2,339
874,0.4,-5.81,3.492,0.2,340
875,0.2,-5.81,3.496,0.1,340
876,0,-5.82,3.5,0,340.5
877,0,-5.83,3.504,0,341
878,0.2,-5.84,3.508,0.1,341.5
879,0.4,-5.84,3.512,0.2,341.5
880,-0.2,-5.85,3.516,-0.1,342
881,0.2,-5.85,3.52,0.1,342
882,0.2,-5.86,3.524,0.1,342.5
883,0.2,-5.87,3.528,0.1,343.5
884,0.2,-5.88,3.532,0.1,344
885,0,-5.88,3.536,0,344
886,0.2,-5.89,3.54,0.1,344.5
887,0.2,-5.9,3.544,0.1,345
888,0,-5.91,3.548,0,345.5
889,0,-5.91,3.552,0,345.5
890,0.2,-5.92,3.556,0.1,346
891,0.4,-5.93,3.56,0.2,347
892,0.2,-5.93,3.564,0.1,347
893,0.2,-5.94,3.568,0.1,347.5
894,0.2,-5.95,3.572,0.1,348
895,0.2,-5.96,3.576,0.1,348.5
896,0.2,-5.96,3.58,0.1,348.5
897,0,-5.97,3.584,0,349
898,0.2,-5.97,3.588,0.1,349
899,0.2,-5.98,3.592,0.1,349.5
900,0.2,-5.99,3.596,0.1,350.5
901,0.4,-6,3.6,0.2,351
902,0.4,-6,3.604,0.2,351
903,0.2,-6.01,3.608,0.1,351.5
904,0.2,-6.02,3.612,0.1,352
905,0.2,-6.02,3.616,0.1,352
906,0,-6.03,3.62,0,352.5
907,0,-6.04,3.624,0,353
908,0,-6.04,3.628,0,353
909,0.2,-6.05,3.632,0.1,354
910,0.2,-6.06,3.636,0.1,354.5
911,0,-6.07,3.64,0,355
912,0.6,-6.07,3.644,0.3,355
913,0.2,-6.08,3.648,0.1,355.5
914,0.2,-6.09,3.652,0.1,356
915,0.2,-6.09,3.656,0.1,356
916,0.4,-6.1,3.66,0.2,356.5
917,0.2,-6.11,3.664,0.1,357.5
918,0.2,-6.11,3.668,0.1,357.5
919,0.2,-6.12,3.672,0.1,358
920,-0.2,-6.13,3.676,-0.1,358.5
921,0,-6.14,3.68,0,359
922,0.2,-6.14,3.684,0.1,359
923,0.2,-6.15,3.688,0.1,359.5
924,0.2,-6.15,3.692,0.1,359.5
925,0.2,-6.16,3.696,0.1,360
926,0.2,-6.17,3.7,0.1,361
927,0.2,-6.18,3.704,0.1,361.5
928,0.2,-6.18,3.708,0.1,361.5
929,0.2,-6.19,3.712,0.1,362
930,0.2,-6.2,3.716,0.1,362.5
931,0.2,-6.2,3.72,0.1,362.5
932,-0.2,-6.21,3.724,-0.1,363
933,0.2,-6.22,3.728,0.1,363.5
934,0.2,-6.22,3.732,0.1,363.5
935,0.2,-6.23,3.736,0.1,364.5
936,0.4,-6.24,3.74,0.2,365
937,0.2,-6.25,3.744,0.1,365.5
938,0.2,-6.25,3.748,0.1,365.5
939,0.2,-6.26,3.752,0.1,366
940,0.2,-6.27,3.756,0.1,366.5
941,0,-6.27,3.76,0,366.5
942,0.2,-6.28,3.764,0.1,367.5
943,0.2,-6.29,3.768,0.1,368
944,0.6,-6.3,3.772,0.3,368.5
945,0.2,-6.3,3.776,0.1,368.5
946,0.2,-6.31,3.78,0.1,369
947,0.2,-6.32,3.784,0.1,369.5
948,0,-6.32,3.788,0,369.5
949,0.2,-6.33,3.792,0.1,370
950,0.2,-6.34,3.796,0.1,371
951,0,-6.34,3.8,0,371
952,0.2,-6.35,3.804,0.1,371.5
953,-0.2,-6.36,3.808,-0.1,372
954,0.4,-6.37,3.812,0.2,372.5
955,0.2,-6.36,3.816,0.1,372
956,0.2,-6.37,3.82,0.1,372.5
957,0.2,-6.37,3.824,0.1,372.5
958,0,-6.38,3.828,0,373
959,0.2,-6.39,3.832,0.1,373.5
960,0.2,-6.4,3.836,0.1,374.5
961,-0.2,-6.4,3.84,-0.1,374.5
962,0.2,-6.41,3.844,0.1,375
963,0.2,-6.42,3.848,0.1,375.5
964,0.2,-6.43,3.852,0.1,376
965,0.2,-6.43,3.856,0.1,376
966,0.4,-6.44,3.86,0.2,376.5
967,0.4,-6.44,3.864,0.2,376.5
968,0.2,-6.45,3.868,0.1,377
969,0,-6.46,3.872,0,378
970,0.2,-6.47,3.876,0.1,378.5
971,0.2,-6.47,3.88,0.1,378.5
972,0.2,-6.48,3.884,0.1,379
973,-0.2,-6.49,3.888,-0.1,379.5
974,0,-6.49,3.892,0,379.5
975,0.2,-6.5,3.896,0.1,380
976,0.2,-6.51,3.9,0.1,380.5
977,0.2,-6.51,3.904,0.1,380.5
978,0.4,-6.52,3.908,0.2,381.5
979,0.2,-6.53,3.912,0.1,382
980,0.2,-6.54,3.916,0.1,382.5
981,0.4,-6.54,3.92,0.2,382.5
982,0.2,-6.55,3.924,0.1,383
983,0.2,-6.56,3.928,0.1,383.5
984,0.2,-6.56,3.932,0.1,383.5
985,0.2,-6.57,3.936,0.1,384
986,0,-6.58,3.94,0,385
987,0.2,-6.58,3.944,0.1,385
988,0.4,-6.59,3.948,0.2,385.5
989,0.2,-6.6,3.952,0.1,386
990,0.2,-6.61,3.956,0.1,386.5
991,0.2,-6.61,3.96,0.1,386.5
992,0.2,-6.62,3.964,0.1,387
993,0.2,-6.63,3.968,0.1,387.5
994,0.2,-6.63,3.972,0.1,387.5
995,0,-6.64,3.976,0,388.5
996,0.2,-6.65,3.98,0.1,389
997,0,-6.65,3.984,0,389
998,0.2,-6.66,3.988,0.1,389.5
999,0,-6.67,3.992,0,390
1000,0.2,-6.67,3.996,0.1,390
1001,0.2,-6.68,4,0.1,390.5
1002,0.2,-6.69,4.004,0.1,391
1003,0.4,-6.7,4.008,0.2,392
1004,0.6,-6.7,4.012,0.3,392
1005,0.2,-6.71,4.016,0.1,392.5
1006,0,-6.72,4.02,0,393
1007,0.2,-6.72,4.024,0.1,393
1008,0.2,-6.73,4.028,0.1,393.5
1009,0.2,-6.74,4.032,0.1,394
1010,0.2,-6.74,4.036,0.1,394
1011,0.2,-6.75,4.04,0.1,394.5
1012,0,-6.76,4.044,0,395.5
1013,0.2,-6.77,4.048,0.1,396
1014,0.4,-6.77,4.052,0.2,396
1015,0,-6.78,4.056,0,396.5
1016,0.2,-6.78,4.06,0.1,396.5
1017,0.2,-6.79,4.064,0.1,397
1018,-0.2,-6.8,4.068,-0.1,397.5
1019,-0.2,-6.81,4.072,-0.1,398
1020,0.2,-6.81,4.076,0.1,398
1021,0.4,-6.82,4.08,0.2,399
1022,0.2,-6.83,4.084,0.1,399.5
1023,0.2,-6.83,4.088,0.1,399.5
1024,0.2,-6.84,4.092,0.1,400
1025,0,-6.85,4.096,0,400.5
1026,0,-6.85,4.1,0,400.5
1027,0.2,-6.86,4.104,0.1,401
1028,0.2,-6.87,4.108,0.1,402
1029,0.6,-6.88,4.112,0.3,402.5
1030,0.2,-6.88,4.116,0.1,402.5
1031,0.2,-6.89,4.12,0.1,403
1032,0.2,-6.9,4.124,0.1,403.5
1033,0.2,-6.9,4.128,0.1,403.5
1034,0.6,-6.91,4.132,0.3,404
1035,0.2,-6.92,4.136,0.1,404.5
1036,0.2,-6.92,4.14,0.1,404.5
1037,0.2,-6.93,4.144,0.1,405.5
1038,0.2,-6.94,4.148,0.1,406
1039,0.2,-6.95,4.152,0.1,406.5
1040,0.2,-6.95,4.156,0.1,406.5
1041,0,-6.96,4.16,0,407
1042,0.2,-6.97,4.164,0.1,407.5
1043,0.4,-6.97,4.168,0.2,407.5
1044,0.2,-6.98,4.172,0.1,408
1045,0.2,-6.99,4.176,0.1,409
1046,-0.2,-6.99,4.18,-0.1,409
1047,0.2,-7,4.184,0.1,409.5
1048,0.2,-7.01,4.188,0.1,410
1049,0.2,-7.01,4.192,0.1,410
1050,0,-7.02,4.196,0,410.5
1051,0.2,-7.03,4.2,0.1,411
1052,0.2,-7.04,4.204,0.1,411.5
1053,0.2,-7.04,4.208,0.1,411.5
1054,0,-7.05,4.212,0,412.5
1055,0,-7.06,4.216,0,413
1056,0.2,-7.06,4.22,0.1,413
1057,0,-7.07,4.224,0,413.5
1058,0.2,-7.08,4.228,0.1,414
1059,0.2,-7.08,4.232,0.1,414
1060,-0.2,-7.09,4.236,-0.1,414.5
1061,0.2,-7.1,4.24,0.1,415
1062,0.2,-7.11,4.244,0.1,416
1063,0.4,-7.11,4.248,0.2,416
1064,0.2,-7.12,4.252,0.1,416.5
1065,0.2,-7.13,4.256,0.1,417
1066,0.2,-7.13,4.26,0.1,417
1067,0.2,-7.14,4.264,0.1,417.5
1068,0.2,-7.15,4.268,0.1,418
1069,0.2,-7.15,4.272,0.1,418
1070,0.2,-7.16,4.276,0.1,418.5
1071,0.2,-7.17,4.28,0.1,419.5
1072,0.4,-7.18,4.284,0.2,420
1073,0,-7.18,4.288,0,420
1074,0.2,-7.19,4.292,0.1,420.5
1075,0.2,-7.19,4.296,0.1,420.5
1076,0.2,-7.2,4.3,0.1,421
1077,0.2,-7.21,4.304,0.1,421.5
1078,0.4,-7.22,4.308,0.2,422
1079,0.4,-7.22,4.312,0.2,422
1080,0.2,-7.23,4.316,0.1,423
1081,0.2,-7.24,4.32,0.1,423.5
1082,0.2,-7.24,4.324,0.1,423.5
1083,0.2,-7.25,4.328,0.1,424
1084,0.2,-7.26,4.332,0.1,424.5
1085,0.2,-7.27,4.336,0.1,425
1086,0.4,-7.27,4.34,0.2,425
1087,0.2,-7.28,4.344,0.1,425.5
1088,0.2,-7.29,4.348,0.1,426.5
1089,0.4,-7.29,4.352,0.2,426.5
1090,0.4,-7.3,4.356,0.2,427
1091,0.2,-7.31,4.36,0.1,427.5
1092,0,-7.31,4.364,0,427.5
1093,0.2,-7.32,4.368,0.1,428
1094,0,-7.33,4.372,0,428.5
1095,-0.2,-7.34,4.376,-0.1,429
1096,0.2,-7.34,4.38,0.1,429
1097,0.4,-7.35,4.384,0.2,430
1098,0.2,-7.36,4.388,0.1,430.5
1099,0.2,-7.37,4.392,0.1,431
1100,0.2,-7.38,4.396,0.1,431.5
1101,0.2,-7.39,4.4,0.1,432
1102,0.2,-7.39,4.404,0.1,432
1103,0,-7.4,4.408,0,432.5
1104,0,-7.41,4.412,0,433.5
1105,0.2,-7.42,4.416,0.1,434
1106,0.2,-7.42,4.42,0.1,434
1107,0,-7.43,4.424,0,434.5
1108,0,-7.43,4.428,0,434.5
1109,0.2,-7.44,4.432,0.1,435
1110,0.2,-7.45,4.436,0.1,435.5
1111,0.2,-7.46,4.44,0.1,436.5
1112,0.2,-7.46,4.444,0.1,436.5
1113,0.2,-7.47,4.448,0.1,437
1114,0.2,-7.48,4.452,0.1,437.5
1115,0.4,-7.49,4.456,0.2,438
1116,0.2,-7.49,4.46,0.1,438
1117,0.2,-7.5,4.464,0.1,438.5
1118,0.2,-7.5,4.468,0.1,438.5
1119,0.2,-7.51,4.472,0.1,439
1120,0.2,-7.52,4.476,0.1,440
1121,0.2,-7.53,4.48,0.1,440.5
1122,0.2,-7.53,4.484,0.1,440.5
1123,0,-7.54,4.488,0,441
1124,0,-7.55,4.492,0,441.5
1125,0.2,-7.55,4.496,0.1,441.5
1126,0.2,-7.56,4.5,0.1,442
1127,0.4,-7.57,4.504,0.2,442.5
1128,0,-7.57,4.508,0,442.5
1129,0.2,-7.58,4.512,0.1,443.5
1130,0.2,-7.59,4.516,0.1,444
1131,0.2,-7.6,4.52,0.1,444.5
1132,0.2,-7.6,4.524,0.1,444.5
1133,0.2,-7.61,4.528,0.1,445
1134,0.2,-7.62,4.532,0.1,445.5
1135,0,-7.62,4.536,0,445.5
1136,0.2,-7.63,4.54,0.1,446
1137,0,-7.64,4.544,0,447
1138,0.2,-7.64,4.548,0.1,447
1139,0.2,-7.65,4.552,0.1,447.5
1140,0.2,-7.66,4.556,0.1,448
1141,0.2,-7.67,4.56,0.1,448.5
1142,0.2,-7.67,4.564,0.1,448.5
1143,0.4,-7.68,4.568,0.2,449
1144,0.2,-7.69,4.572,0.1,449.5
1145,0.2,-7.69,4.576,0.1,449.5
1146,0.2,-7.7,4.58,0.1,450.5
1147,0.2,-7.71,4.584,0.1,451
1148,0.2,-7.71,4.588,0.1,451
1149,0.2,-7.72,4.592,0.1,451.5
1150,0.2,-7.73,4.596,0.1,452
1151,0.2,-7.73,4.6,0.1,452
1152,0.2,-7.74,4.604,0.1,452.5
1153,0.2,-7.75,4.608,0.1,453
1154,0.4,-7.76,4.612,0.2,454
1155,0.2,-7.76,4.616,0.1,454
1156,0,-7.77,4.62,0,454.5
1157,0,-7.78,4.624,0,455
1158,0,-7.78,4.628,0,455
1159,0.2,-7.79,4.632,0.1,455.5
1160,0.2,-7.8,4.636,0.1,456
1161,0.2,-7.8,4.64,0.1,456
1162,0.2,-7.81,4.644,0.1,456.5
1163,0,-7.82,4.648,0,457.5
1164,0.2,-7.83,4.652,0.1,458
1165,0.2,-7.83,4.656,0.1,458
1166,0.2,-7.84,4.66,0.1,458.5
1167,0.2,-7.84,4.664,0.1,458.5
1168,0.2,-7.85,4.668,0.1,459
1169,-0.2,-7.86,4.672,-0.1,459.5
1170,0.4,-7.87,4.676,0.2,460
1171,0.2,-7.87,4.68,0.1,460
1172,0.2,-7.88,4.684,0.1,461
1173,-0.2,-7.89,4.688,-0.1,461.5
1174,0.2,-7.89,4.692,0.1,461.5
1175,0,-7.9,4.696,0,462
1176,0.2,-7.91,4.7,0.1,462.5
1177,0.2,-7.91,4.704,0.1,462.5
1178,0.2,-7.92,4.708,0.1,463
1179,0,-7.93,4.712,0,463.5
1180,0.2,-7.94,4.716,0.1,464.5
1181,0.2,-7.94,4.72,0.1,464.5
1182,0,-7.95,4.724,0,465
1183,0,-7.96,4.728,0,465.5
1184,0.2,-7.96,4.732,0.1,465.5
1185,0.2,-7.97,4.736,0.1,466
1186,0.2,-7.98,4.74,0.1,466.5
1187,0.2,-7.98,4.744,0.1,466.5
1188,0.2,-7.99,4.748,0.1,467.5
1189,0.2,-8,4.752,0.1,468
1190,0.2,-8.01,4.756,0.1,468.5
1191,0.2,-8.01,4.76,0.1,468.5
1192,0.2,-8.02,4.764,0.1,469
1193,0.2,-8.03,4.768,0.1,469.5
1194,0.2,-8.03,4.772,0.1,469.5
1195,0.2,-8.04,4.776,0.1,470
1196,0.2,-8.05,4.78,0.1,471
1197,0.2,-8.05,4.784,0.1,471
1198,0.2,-8.06,4.788,0.1,471.5
1199,0.2,-8.07,4.792,0.1,472
1200,0.2,-8.07,4.796,0.1,472
1201,0.2,-8.08,4.8,0.1,472.5
1202,0.2,-8.09,4.804,0.1,473
1203,0,-8.1,4.808,0,473.5
1204,0.2,-8.1,4.812,0.1,473.5
1205,0.2,-8.11,4.816,0.1,474.5
1206,0.2,-8.12,4.82,0.1,475
1207,0.4,-8.13,4.824,0.2,475.5
1208,0.4,-8.13,4.828,0.2,475.5
1209,0.2,-8.14,4.832,0.1,476
1210,0.4,-8.14,4.836,0.2,476
1211,0.2,-8.15,4.84,0.1,476.5
1212,0.2,-8.16,4.844,0.1,477
1213,0.4,-8.17,4.848,0.2,478
1214,0.2,-8.17,4.852,0.1,478
1215,0.4,-8.18,4.856,0.2,478.5
1216,0,-8.19,4.86,0,479
1217,0.2,-8.19,4.864,0.1,479
1218,0.2,-8.2,4.868,0.1,479.5
1219,0.2,-8.21,4.872,0.1,480
1220,0.2,-8.21,4.876,0.1,480
1221,0.2,-8.22,4.88,0.1,480.5
1222,0,-8.23,4.884,0,481.5
1223,0,-8.24,4.888,0,482
1224,0.4,-8.24,4.892,0.2,482
1225,0.2,-8.25,4.896,0.1,482.5
1226,0.2,-8.26,4.9,0.1,483
1227,0.2,-8.26,4.904,0.1,483
1228,0.2,-8.27,4.908,0.1,483.5
1229,0.4,-8.28,4.912,0.2,484
1230,0.2,-8.29,4.916,0.1,485
1231,0.2,-8.29,4.92,0.1,485
1232,0.2,-8.3,4.924,0.1,485.5
1233,0.2,-8.31,4.928,0.1,486
1234,0.2,-8.31,4.932,0.1,486
1235,0.2,-8.32,4.936,0.1,486.5
1236,0.2,-8.33,4.94,0.1,487
1237,0,-8.33,4.944,0,487
1238,-0.2,-8.34,4.948,-0.1,487.5
1239,0.2,-8.35,4.952,0.1,488.5
1240,0.4,-8.36,4.956,0.2,489
1241,0.2,-8.36,4.96,0.1,489
1242,0.4,-8.37,4.964,0.2,489.5
1243,0.4,-8.38,4.968,0.2,490
1244,-0.2,-8.38,4.972,-0.1,490
1245,0,-8.39,4.976,0,490.5
1246,0.2,-8.4,4.98,0.1,491
1247,-0.2,-8.4,4.984,-0.1,491
1248,0.2,-8.41,4.988,0.1,492
1249,-0.2,-8.42,4.992,-0.1,492.5
1250,0,-8.43,4.996,0,493
1251,-0.2,-8.43,5,-0.1,493
1252,0.2,-8.44,5.004,0.1,493.5
1253,0.2,-8.45,5.008,0.1,494
1254,0.2,-8.45,5.012,0.1,494
1255,0,-8.46,5.016,0,494.5
1256,0,-8.47,5.02,0,495.5
1257,0.2,-8.47,5.024,0.1,495.5
1258,0.2,-8.48,5.028,0.1,496
1259,0.2,-8.49,5.032,0.1,496.5
1260,0.4,-8.5,5.036,0.2,497
1261,0.4,-8.5,5.04,0.2,497
1262,0.2,-8.51,5.044,0.1,497.5
1263,0.2,-8.52,5.048,0.1,498
1264,0,-8.52,5.052,0,498
1265,0.2,-8.53,5.056,0.1,499
1266,0.4,-8.54,5.06,0.2,499.5
1267,0.2,-8.54,5.064,0.1,499.5
1268,0.4,-8.55,5.068,0.2,500
1269,0.2,-8.56,5.072,0.1,500.5
1270,0,-8.56,5.076,0,500.5
1271,0.2,-8.57,5.08,0.1,501
1272,0.4,-8.58,5.084,0.2,502
1273,0.2,-8.59,5.088,0.1,502.5
1274,0.2,-8.59,5.092,0.1,502.5
1275,0.2,-8.6,5.096,0.1,503
1276,0.2,-8.61,5.1,0.1,503.5
1277,0.2,-8.62,5.104,0.1,504
1278,0.2,-8.62,5.108,0.1,504
1279,0.2,-8.63,5.112,0.1,504.5
1280,0.2,-8.63,5.116,0.1,504.5
1281,0,-8.64,5.12,0,505.5
1282,0,-8.65,5.124,0,506
1283,0.2,-8.66,5.128,0.1,506.5
1284,0.4,-8.66,5.132,0.2,506.5
1285,0.2,-8.67,5.136,0.1,507
1286,0.2,-8.68,5.14,0.1,507.5
1287,-0.2,-8.68,5.144,-0.1,507.5
1288,0.2,-8.69,5.148,0.1,508
1289,0.2,-8.7,5.152,0.1,509
1290,0.4,-8.71,5.156,0.2,509.5
1291,0.2,-8.71,5.16,0.1,509.5
1292,0.2,-8.72,5.164,0.1,510
1293,0.2,-8.73,5.168,0.1,510.5
1294,0.2,-8.73,5.172,0.1,510.5
1295,0.6,-8.74,5.176,0.3,511
1296,0.4,-8.75,5.18,0.2,511.5
1297,0,-8.75,5.184,0,511.5
1298,-0.2,-8.76,5.188,-0.1,512.5
1299,0.2,-8.77,5.192,0.1,513
1300,0.4,-8.78,5.196,0.2,513.5
1301,0.4,-8.78,5.2,0.2,513.5
1302,0.2,-8.79,5.204,0.1,514
1303,0.2,-8.8,5.208,0.1,514.5
1304,0.2,-8.8,5.212,0.1,514.5
1305,0.4,-8.81,5.216,0.2,515
1306,0.4,-8.82,5.22,0.2,516
1307,0.2,-8.82,5.224,0.1,516
1308,0.2,-8.83,5.228,0.1,516.5
1309,0,-8.84,5.232,0,517
1310,0,-8.85,5.236,0,517.5
1311,-0.4,-8.85,5.24,-0.2,517.5
1312,-0.2,-8.86,5.244,-0.1,518
1313,0.2,-8.87,5.248,0.1,518.5
1314,0.2,-8.87,5.252,0.1,518.5
1315,0.2,-8.88,5.256,0.1,519.5
1316,0.2,-8.89,5.26,0.1,520
1317,0.2,-8.89,5.264,0.1,520
1318,0.4,-8.9,5.268,0.2,520.5
1319,0.2,-8.91,5.272,0.1,521
1320,0.2,-8.92,5.276,0.1,521.5
1321,0,-8.92,5.28,0,521.5
1322,0.2,-8.93,5.284,0.1,522
1323,0.4,-8.94,5.288,0.2,523
1324,0.2,-8.94,5.292,0.1,523
1325,0,-8.95,5.296,0,523.5
1326,0,-8.96,5.3,0,524
1327,0,-8.97,5.304,0,524.5
1328,0,-8.97,5.308,0,524.5
1329,0.2,-8.98,5.312,0.1,525
1330,0,-8.99,5.316,0,525.5
1331,0.2,-8.99,5.32,0.1,525.5
1332,0.2,-9,5.324,0.1,526.5
1333,0.2,-9.01,5.328,0.1,527
1334,0.2,-9.01,5.332,0.1,527
1335,0.2,-9.02,5.336,0.1,527.5
1336,0,-9.03,5.34,0,528
1337,0.2,-9.04,5.344,0.1,528.5
1338,0.2,-9.04,5.348,0.1,528.5
1339,0.2,-9.05,5.352,0.1,529
1340,0,-9.06,5.356,0,530
1341,0,-9.06,5.36,0,530
1342,0,-9.07,5.364,0,530.5
1343,0.2,-9.08,5.368,0.1,531
1344,0.2,-9.09,5.372,0.1,531.5
1345,0.2,-9.09,5.376,0.1,531.5
1346,0.2,-9.1,5.38,0.1,532
1347,0.2,-9.11,5.384,0.1,532.5
1348,0.2,-9.11,5.388,0.1,532.5
1349,0.4,-9.12,5.392,0.2,533.5
1350,0.2,-9.13,5.396,0.1,534
1351,0.2,-9.13,5.4,0.1,534
1352,0.4,-9.14,5.404,0.2,534.5
1353,0,-9.15,5.408,0,535
1354,0.2,-9.16,5.412,0.1,535.5
1355,0.4,-9.16,5.416,0.2,535.5
1356,0.2,-9.17,5.42,0.1,536.5
1357,0.2,-9.18,5.424,0.1,537
1358,0,-9.19,5.428,0,537.5
1359,0.4,-9.19,5.432,0.2,537.5
1360,0.2,-9.2,5.436,0.1,538
1361,0.2,-9.2,5.44,0.1,538
1362,0.2,-9.21,5.444,0.1,538.5
1363,0.4,-9.22,5.448,0.2,539
1364,0,-9.23,5.452,0,540
1365,0,-9.23,5.456,0,540
1366,0.2,-9.24,5.46,0.1,540.5
1367,0.2,-9.25,5.464,0.1,541
1368,-0.2,-9.26,5.468,-0.1,541.5
1369,0.2,-9.26,5.472,0.1,541.5
1370,0.4,-9.27,5.476,0.2,542
1371,0.4,-9.28,5.48,0.2,542.5
1372,0.2,-9.28,5.484,0.1,542.5
1373,0.2,-9.29,5.488,0.1,543.5
1374,0,-9.3,5.492,0,544
1375,0.4,-9.3,5.496,0.2,544
1376,0.6,-9.31,5.5,0.3,544.5
1377,0.4,-9.32,5.504,0.2,545
1378,0.2,-9.32,5.508,0.1,545
1379,0,-9.33,5.512,0,545.5
1380,0.2,-9.34,5.516,0.1,546
1381,0.2,-9.35,5.52,0.1,547
1382,-0.2,-9.35,5.524,-0.1,547
1383,-0.2,-9.36,5.528,-0.1,547.5
1384,-0.2,-9.37,5.532,-0.1,548
1385,0.2,-9.38,5.536,0.1,548.5
1386,0,-9.38,5.54,0,548.5
1387,0.2,-9.39,5.544,0.1,549
1388,0.2,-9.39,5.548,0.1,549
1389,0.2,-9.4,5.552,0.1,549.5
1390,0,-9.41,5.556,0,550.5
1391,0.2,-9.42,5.56,0.1,551
1392,0.2,-9.42,5.564,0.1,551
1393,0.2,-9.43,5.568,0.1,551.5
1394,0.2,-9.44,5.572,0.1,552
1395,0.2,-9.45,5.576,0.1,552.5
1396,0,-9.45,5.58,0,552.5
1397,0.2,-9.46,5.584,0.1,553
1398,0.2,-9.47,5.588,0.1,554
1399,0.2,-9.47,5.592,0.1,554
1400,0.4,-9.48,5.596,0.2,554.5
1401,0,-9.49,5.6,0,555
1402,0,-9.49,5.604,0,555
1403,0.6,-9.5,5.608,0.3,555.5
1404,0.4,-9.51,5.612,0.2,556
1405,0.4,-9.51,5.616,0.2,556
1406,0.2,-9.52,5.62,0.1,556.5
1407,0.2,-9.53,5.624,0.1,557.5
1408,0.4,-9.54,5.628,0.2,558
1409,0.2,-9.54,5.632,0.1,558
1410,0.4,-9.55,5.636,0.2,558.5
1411,-0.2,-9.56,5.64,-0.1,559
1412,0.2,-9.57,5.644,0.1,559.5
1413,0.2,-9.57,5.648,0.1,559.5
1414,0.4,-9.58,5.652,0.2,560
1415,0.2,-9.58,5.656,0.1,560
1416,0.2,-9.59,5.66,0.1,561
1417,0.2,-9.6,5.664,0.1,561.5
1418,0.2,-9.61,5.668,0.1,562
1419,0.2,-9.61,5.672,0.1,562
1420,0,-9.62,5.676,0,562.5
1421,0,-9.63,5.68,0,563
1422,0.2,-9.64,5.684,0.1,563.5
1423,0.2,-9.64,5.688,0.1,563.5
1424,0.2,-9.65,5.692,0.1,564.5
1425,0.2,-9.66,5.696,0.1,565
1426,0.4,-9.66,5.7,0.2,565
1427,0.2,-9.67,5.704,0.1,565.5
1428,0.2,-9.68,5.708,0.1,566
1429,0.2,-9.69,5.712,0.1,566.5
1430,0.2,-9.69,5.716,0.1,566.5
1431,0.2,-9.7,5.72,0.1,567.5
1432,0.2,-9.71,5.724,0.1,568
1433,0,-9.71,5.728,0,568
1434,0,-9.72,5.732,0,568.5
1435,0.2,-9.73,5.736,0.1,569
1436,0.2,-9.73,5.74,0.1,569
1437,0.2,-9.74,5.744,0.1,569.5
1438,0.2,-9.75,5.748,0.1,570
1439,0.2,-9.76,5.752,0.1,571
1440,0.4,-9.76,5.756,0.2,571
1441,0.4,-9.77,5.76,0.2,571.5
1442,0.4,-9.78,5.764,0.2,572
1443,0.4,-9.78,5.768,0.2,572
1444,0,-9.79,5.772,0,572.5
1445,0.2,-9.8,5.776,0.1,573
1446,0.2,-9.8,5.78,0.1,573
1447,0.4,-9.81,5.784,0.2,573.5
1448,0.2,-9.82,5.788,0.1,574.5
1449,0.2,-9.83,5.792,0.1,575
1450,0.2,-9.83,5.796,0.1,575
1451,0.2,-9.84,5.8,0.1,575.5
1452,0,-9.85,5.804,0,576
1453,0.2,-9.85,5.808,0.1,576
1454,0,-9.86,5.812,0,576.5
1455,0.2,-9.87,5.816,0.1,577
1456,0.4,-9.88,5.82,0.2,578
1457,0.2,-9.88,5.824,0.1,578
1458,0,-9.89,5.828,0,578.5
1459,0.2,-9.9,5.832,0.1,579
1460,0.2,-9.9,5.836,0.1,579
1461,0.2,-9.91,5.84,0.1,579.5
1462,0.2,-9.92,5.844,0.1,580
1463,0,-9.92,5.848,0,580
1464,0.2,-9.93,5.852,0.1,580.5
1465,0.2,-9.94,5.856,0.1,581.5
1466,0.2,-9.95,5.86,0.1,582
1467,0,-9.95,5.864,0,582
1468,0.2,-9.96,5.868,0.1,582.5
1469,0,-9.97,5.872,0,583
1470,0.2,-9.97,5.876,0.1,583
1471,0.2,-9.98,5.88,0.1,583.5
1472,0.2,-9.99,5.884,0.1,584
1473,0.2,-9.99,5.888,0.1,584
1474,0.2,-10,5.892,0.1,585
1475,0.2,-10.01,5.896,0.1,585.5
1476,0.6,-10.02,5.9,0.3,586
1477,0.2,-10.02,5.904,0.1,586
1478,0.2,-10.03,5.908,0.1,586.5
1479,0.2,-10.04,5.912,0.1,587
1480,0.2,-10.04,5.916,0.1,587
1481,0.2,-10.05,5.92,0.1,587.5
1482,0.2,-10.06,5.924,0.1,588.5
1483,0.2,-10.07,5.928,0.1,589
1484,0.4,-10.07,5.932,0.2,589
1485,0.2,-10.08,5.936,0.1,589.5
1486,0.2,-10.09,5.94,0.1,590
1487,0.2,-10.09,5.944,0.1,590
1488,0.2,-10.1,5.948,0.1,590.5
1489,0.2,-10.11,5.952,0.1,591
1490,0,-10.11,5.956,0,591
1491,0,-10.12,5.96,0,592
1492,0,-10.13,5.964,0,592.5
1493,0.2,-10.14,5.968,0.1,593
1494,0.2,-10.14,5.972,0.1,593
1495,0.4,-10.15,5.976,0.2,593.5
1496,0.2,-10.16,5.98,0.1,594
1497,0,-10.16,5.984,0,594
1498,0,-10.17,5.988,0,594.5
1499,0,-10.18,5.992,0,595.5
1500,0.4,-10.19,5.996,0.2,596
1501,0.2,-10.19,6,0.1,596
1502,0,-10.2,6.004,0,596.5
1503,0,-10.21,6.008,0,597
1504,0,-10.21,6.012,0,597
1505,0.4,-10.22,6.016,0.2,597.5
1506,0.4,-10.23,6.02,0.2,598
1507,0.2,-10.23,6.024,0.1,598
1508,0.2,-10.24,6.028,0.1,599
1509,0.2,-10.25,6.032,0.1,599.5
1510,0.2,-10.26,6.036,0.1,600
1511,0.4,-10.26,6.04,0.2,600
1512,0.2,-10.27,6.044,0.1,600.5
1513,0.2,-10.28,6.048,0.1,601
1514,0,-10.28,6.052,0,601
1515,0.2,-10.29,6.056,0.1,602
1516,0.2,-10.3,6.06,0.1,602.5
1517,0.4,-10.3,6.064,0.2,602.5
1518,0.2,-10.31,6.068,0.1,603
1519,0.2,-10.32,6.072,0.1,603.5
1520,0.4,-10.33,6.076,0.2,604
1521,0.2,-10.33,6.08,0.1,604
1522,0.2,-10.34,6.084,0.1,604.5
1523,0.2,-10.35,6.088,0.1,605.5
1524,0.6,-10.35,6.092,0.3,605.5
1525,0.4,-10.36,6.096,0.2,606
1526,-0.2,-10.37,6.1,-0.1,606.5
1527,0.2,-10.37,6.104,0.1,606.5
1528,0.2,-10.37,6.108,0.1,606.5
1529,0.2,-10.38,6.112,0.1,607
1530,0.4,-10.39,6.116,0.2,607.5
1531,0.2,-10.39,6.12,0.1,607.5
1532,0.2,-10.4,6.124,0.1,608
1533,0,-10.41,6.128,0,609
1534,0,-10.41,6.132,0,609
1535,0.2,-10.42,6.136,0.1,609.5
1536,0.4,-10.43,6.14,0.2,610
1537,0.4,-10.44,6.144,0.2,610.5
1538,0.2,-10.44,6.148,0.1,610.5
1539,0.2,-10.45,6.152,0.1,611
1540,0.2,-10.46,6.156,0.1,611.5
1541,-0.2,-10.46,6.16,-0.1,611.5
1542,0,-10.47,6.164,0,612.5
1543,0.4,-10.48,6.168,0.2,613
1544,0.2,-10.48,6.172,0.1,613
1545,0.2,-10.49,6.176,0.1,613.5
1546,0,-10.5,6.18,0,614
1547,-0.2,-10.51,6.184,-0.1,614.5
1548,0.2,-10.51,6.188,0.1,614.5
1549,0.4,-10.52,6.192,0.2,615
1550,0.4,-10.53,6.196,0.2,616
1551,0.2,-10.53,6.2,0.1,616
1552,0.4,-10.54,6.204,0.2,616.5
1553,0.6,-10.55,6.208,0.3,617
1554,0.2,-10.55,6.212,0.1,617
1555,0.2,-10.56,6.216,0.1,617.5
1556,0.2,-10.57,6.22,0.1,618
1557,0.2,-10.58,6.224,0.1,618.5
1558,0.2,-10.58,6.228,0.1,618.5
1559,0.4,-10.59,6.232,0.2,619.5
1560,0.4,-10.6,6.236,0.2,620
1561,0.2,-10.6,6.24,0.1,620
1562,0,-10.61,6.244,0,620.5
1563,0.2,-10.62,6.248,0.1,621
1564,0.4,-10.63,6.252,0.2,621.5
1565,0.2,-10.63,6.256,0.1,621.5
1566,0.2,-10.64,6.26,0.1,622
1567,0.2,-10.65,6.264,0.1,623
1568,0,-10.65,6.268,0,623
1569,0.4,-10.66,6.272,0.2,623.5
1570,0.4,-10.67,6.276,0.2,624
1571,0.4,-10.67,6.28,0.2,624
1572,0.2,-10.68,6.284,0.1,624.5
1573,0.2,-10.69,6.288,0.1,625
1574,0.2,-10.7,6.292,0.1,625.5
1575,0.2,-10.7,6.296,0.1,625.5
1576,0.2,-10.71,6.3,0.1,626.5
1577,0.6,-10.72,6.304,0.3,627
1578,0.2,-10.72,6.308,0.1,627
1579,0.4,-10.73,6.312,0.2,627.5
1580,0.2,-10.74,6.316,0.1,628
1581,0.2,-10.74,6.32,0.1,628
1582,0.2,-10.75,6.324,0.1,628.5
1583,0,-10.76,6.328,0,629
1584,0.2,-10.77,6.332,0.1,630
1585,0,-10.77,6.336,0,630
1586,-0.2,-10.78,6.34,-0.1,630.5
1587,0.4,-10.79,6.344,0.2,631
1588,0.2,-10.79,6.348,0.1,631
1589,0.2,-10.8,6.352,0.1,631.5
1590,0.2,-10.81,6.356,0.1,632
1591,0,-10.82,6.36,0,632.5
1592,0.2,-10.82,6.364,0.1,632.5
1593,0.4,-10.83,6.368,0.2,633.5
1594,0,-10.84,6.372,0,634
1595,0.2,-10.84,6.376,0.1,634
1596,0.2,-10.85,6.38,0.1,634.5
1597,0.4,-10.86,6.384,0.2,635
1598,0.6,-10.86,6.388,0.3,635
1599,0.2,-10.87,6.392,0.1,635.5
1600,0,-10.88,6.396,0,636.5
1601,0,-10.89,6.4,0,637
1602,0.2,-10.89,6.404,0.1,637
1603,0,-10.9,6.408,0,637.5
1604,0.2,-10.9,6.412,0.1,637.5
1605,0.2,-10.91,6.416,0.1,638
1606,0,-10.92,6.42,0,638.5
1607,0.2,-10.93,6.424,0.1,639
1608,0.4,-10.93,6.428,0.2,639
1609,0.2,-10.94,6.432,0.1,640
1610,0.4,-10.95,6.436,0.2,640.5
1611,0.2,-10.96,6.44,0.1,641
1612,0.2,-10.96,6.444,0.1,641
1613,0.2,-10.97,6.448,0.1,641.5
1614,0.2,-10.97,6.452,0.1,641.5
1615,0.2,-10.98,6.456,0.1,642
1616,0,-10.99,6.46,0,642.5
1617,0.2,-11,6.464,0.1,643.5
1618,0.4,-11,6.468,0.2,643.5
1619,0.4,-11.01,6.472,0.2,644
1620,0.4,-11.02,6.476,0.2,644.5
1621,0,-11.02,6.48,0,644.5
1622,-0.2,-11.03,6.484,-0.1,645
1623,-0.2,-11.04,6.488,-0.1,645.5
1624,0.2,-11.04,6.492,0.1,645.5
1625,0.2,-11.05,6.496,0.1,646
1626,0,-11.06,6.5,0,647
1627,0,-11.07,6.504,0,647.5
1628,0.2,-11.07,6.508,0.1,647.5
1629,0.2,-11.08,6.512,0.1,648
1630,0.4,-11.09,6.516,0.2,648.5
1631,0,-11.09,6.52,0,648.5
1632,0.2,-11.1,6.524,0.1,649
1633,0.2,-11.11,6.528,0.1,649.5
1634,0.2,-11.11,6.532,0.1,649.5
1635,0.4,-11.12,6.536,0.2,650.5
1636,0,-11.13,6.54,0,651
1637,0.2,-11.14,6.544,0.1,651.5
1638,0,-11.14,6.548,0,651.5
1639,0,-11.15,6.552,0,652
1640,0.2,-11.16,6.556,0.1,652.5
1641,0.2,-11.16,6.56,0.1,652.5
1642,0.2,-11.17,6.564,0.1,653
1643,0.2,-11.18,6.568,0.1,654
1644,0,-11.19,6.572,0,654.5
1645,0,-11.19,6.576,0,654.5
1646,0.2,-11.2,6.58,0.1,655
1647,0.2,-11.2,6.584,0.1,655
1648,0,-11.21,6.588,0,655.5
1649,0.2,-11.22,6.592,0.1,656
1650,0.2,-11.23,6.596,0.1,656.5
1651,0.2,-11.23,6.6,0.1,656.5
1652,0,-11.24,6.604,0,657.5
1653,0,-11.25,6.608,0,658
1654,0.2,-11.26,6.612,0.1,658.5
1655,0,-11.26,6.616,0,658.5
1656,0.2,-11.27,6.62,0.1,659
1657,0.2,-11.27,6.624,0.1,659
1658,0,-11.28,6.628,0,659.5
1659,0.2,-11.29,6.632,0.1,660
1660,0.2,-11.3,6.636,0.1,661
1661,-0.2,-11.3,6.64,-0.1,661
1662,0.2,-11.31,6.644,0.1,661.5
1663,0.2,-11.32,6.648,0.1,662
1664,0,-11.32,6.652,0,662
1665,0.2,-11.33,6.656,0.1,662.5
1666,0.2,-11.34,6.66,0.1,663
1667,0.2,-11.34,6.664,0.1,663
1668,0.2,-11.35,6.668,0.1,663.5
1669,0.2,-11.36,6.672,0.1,664.5
1670,0.4,-11.37,6.676,0.2,665
1671,0.2,-11.37,6.68,0.1,665
1672,0.2,-11.38,6.684,0.1,665.5
1673,0.4,-11.39,6.688,0.2,666
1674,0.2,-11.39,6.692,0.1,666
1675,0.2,-11.4,6.696,0.1,666.5
1676,-0.2,-11.41,6.7,-0.1,667.5
1677,0.2,-11.42,6.704,0.1,668
1678,0.2,-11.42,6.708,0.1,668
1679,0.2,-11.43,6.712,0.1,668.5
1680,0,-11.44,6.716,0,669
1681,0.4,-11.44,6.72,0.2,669
1682,0.2,-11.45,6.724,0.1,669.5
1683,0.2,-11.46,6.728,0.1,670
1684,0.4,-11.46,6.732,0.2,670
1685,0.2,-11.47,6.736,0.1,671
1686,0,-11.48,6.74,0,671.5
1687,0.2,-11.48,6.744,0.1,671.5
1688,0.2,-11.49,6.748,0.1,672
1689,0.2,-11.5,6.752,0.1,672.5
1690,0.2,-11.5,6.756,0.1,672.5
1691,0.2,-11.51,6.76,0.1,673
1692,0.2,-11.52,6.764,0.1,673.5
1693,0.2,-11.53,6.768,0.1,674.5
1694,0.2,-11.53,6.772,0.1,674.5
1695,0.2,-11.54,6.776,0.1,675
1696,0.4,-11.55,6.78,0.2,675.5
1697,0.2,-11.55,6.784,0.1,675.5
1698,0.4,-11.56,6.788,0.2,676
1699,0.2,-11.57,6.792,0.1,676.5
1700,0.2,-11.57,6.796,0.1,676.5
1701,0.2,-11.58,6.8,0.1,677
1702,0,-11.59,6.804,0,678
1703,0.2,-11.6,6.808,0.1,678.5
1704,0.2,-11.6,6.812,0.1,678.5
1705,0,-11.61,6.816,0,679
1706,0.2,-11.62,6.82,0.1,679.5
1707,0,-11.62,6.824,0,679.5
1708,0.2,-11.63,6.828,0.1,680
1709,0.2,-11.64,6.832,0.1,680.5
1710,0.2,-11.64,6.836,0.1,680.5
1711,0.2,-11.65,6.84,0.1,681.5
1712,0.2,-11.66,6.844,0.1,682
1713,0.2,-11.67,6.848,0.1,682.5
1714,-0.2,-11.67,6.852,-0.1,682.5
1715,0,-11.68,6.856,0,683
1716,0.2,-11.69,6.86,0.1,683.5
1717,0.2,-11.69,6.864,0.1,683.5
1718,0.4,-11.7,6.868,0.2,684
1719,0.4,-11.71,6.872,0.2,685
1720,0.8,-11.72,6.876,0.35,685.5
1721,0.6,-11.72,6.88,0.3,685.5
1722,0.2,-11.73,6.884,0.1,686
1723,0.2,-11.73,6.888,0.1,686
1724,0.2,-11.74,6.892,0.1,686.5
1725,0,-11.75,6.896,0,687
1726,0,-11.76,6.9,0,687.5
1727,0.2,-11.76,6.904,0.1,687.5
1728,0.2,-11.77,6.908,0.1,688.5
1729,0.2,-11.78,6.912,0.1,689
1730,0.2,-11.78,6.916,0.1,689
1731,0,-11.79,6.92,0,689.5
1732,0.2,-11.8,6.924,0.1,690
1733,0,-11.8,6.928,0,690
1734,0.2,-11.81,6.932,0.1,690.5
1735,0.2,-11.82,6.936,0.1,691
1736,0.4,-11.83,6.94,0.2,692
1737,0.4,-11.83,6.944,0.2,692
1738,0.2,-11.84,6.948,0.1,692.5
1739,0.2,-11.85,6.952,0.1,693
1740,0.4,-11.85,6.956,0.2,693
1741,0.2,-11.86,6.96,0.1,693.5
1742,-0.4,-11.87,6.964,-0.2,694
1743,0,-11.87,6.968,0,694
1744,0.2,-11.88,6.972,0.1,694.5
1745,0.2,-11.89,6.976,0.1,695.5
1746,0.4,-11.9,6.98,0.2,696
1747,0.2,-11.9,6.984,0.1,696
1748,0.2,-11.91,6.988,0.1,696.5
1749,0.2,-11.91,6.992,0.1,696.5
1750,0.2,-11.92,6.996,0.1,697
1751,0.2,-11.93,7,0.1,697.5
1752,0.2,-11.94,7.004,0.1,698
1753,0.2,-11.94,7.008,0.1,698
1754,0.2,-11.95,7.012,0.1,699
1755,0.2,-11.96,7.016,0.1,699.5
1756,0.2,-11.96,7.02,0.1,699.5
1757,0.2,-11.97,7.024,0.1,700
1758,0,-11.98,7.028,0,700.5
1759,0.2,-11.98,7.032,0.1,700.5
1760,0,-11.99,7.036,0,701
1761,0,-12,7.04,0,702
1762,0.2,-12.01,7.044,0.1,702.5
1763,0.2,-12.01,7.048,0.1,702.5
1764,0.2,-12.02,7.052,0.1,703
1765,0.4,-12.03,7.056,0.2,703.5
1766,0.2,-12.03,7.06,0.1,703.5
1767,0,-12.04,7.064,0,704
1768,0.2,-12.05,7.068,0.1,704.5
1769,0.4,-12.06,7.072,0.2,705.5
1770,0.2,-12.06,7.076,0.1,705.5
1771,0.4,-12.07,7.08,0.2,706
1772,0.2,-12.08,7.084,0.1,706.5
1773,0.2,-12.08,7.088,0.1,706.5
1774,0.4,-12.09,7.092,0.2,707
1775,0.2,-12.1,7.096,0.1,707.5
1776,0.2,-12.1,7.1,0.1,707.5
1777,0.2,-12.11,7.104,0.1,708
1778,0.4,-12.12,7.108,0.2,709
1779,0.2,-12.13,7.112,0.1,709.5
1780,0,-12.13,7.116,0,709.5
1781,0.2,-12.14,7.12,0.1,710
1782,0.2,-12.14,7.124,0.1,710
1783,0.2,-12.15,7.128,0.1,710.5
1784,0.6,-12.16,7.132,0.3,711
1785,0.2,-12.17,7.136,0.1,711.5
1786,0.2,-12.17,7.14,0.1,711.5
1787,0.2,-12.18,7.144,0.1,712.5
1788,0,-12.19,7.148,0,713
1789,0.2,-12.19,7.152,0.1,713
1790,0,-12.2,7.156,0,713.5
1791,0.2,-12.21,7.16,0.1,714
1792,0.2,-12.21,7.164,0.1,714
1793,0,-12.22,7.168,0,714.5
1794,0.2,-12.23,7.172,0.1,715
1795,0.2,-12.24,7.176,0.1,716
1796,0.2,-12.24,7.18,0.1,716
1797,0.2,-12.25,7.184,0.1,716.5
1798,0,-12.26,7.188,0,717
1799,0.2,-12.26,7.192,0.1,717
1800,0.2,-12.27,7.196,0.1,717.5
1801,0,-12.28,7.2,0,718
1802,0.2,-12.28,7.204,0.1,718
1803,0,-12.29,7.208,0,718.5
1804,0.2,-12.3,7.212,0.1,719.5
1805,0.2,-12.31,7.216,0.1,720
1806,0.2,-12.31,7.22,0.1,720
1807,0.2,-12.32,7.224,0.1,720.5
1808,0.2,-12.33,7.228,0.1,721
1809,0.2,-12.33,7.232,0.1,721
1810,0,-12.34,7.236,0,721.5
1811,0.4,-12.35,7.24,0.2,722
1812,0.4,-12.35,7.244,0.2,722
1813,0.2,-12.36,7.248,0.1,723
1814,0.4,-12.38,7.252,0.2,724
1815,0.2,-12.39,7.256,0.1,724.5
1816,0,-12.39,7.26,0,724.5
1817,0.2,-12.4,7.264,0.1,725
1818,0.2,-12.41,7.268,0.1,725.5
1819,0.4,-12.41,7.272,0.2,725.5
1820,0.2,-12.42,7.276,0.1,726.5
1821,0.2,-12.43,7.28,0.1,727
1822,0.4,-12.43,7.284,0.2,727
1823,0.4,-12.44,7.288,0.2,727.5
1824,0.2,-12.45,7.292,0.1,728
1825,0.2,-12.45,7.296,0.1,728
1826,0.2,-12.46,7.3,0.1,728.5
1827,0,-12.47,7.304,0,729
1828,0.2,-12.48,7.308,0.1,730
1829,0.2,-12.48,7.312,0.1,730
1830,0.2,-12.49,7.316,0.1,730.5
1831,0.2,-12.5,7.32,0.1,731
1832,0,-12.5,7.324,0,731
1833,0.2,-12.51,7.328,0.1,731.5
1834,0.2,-12.52,7.332,0.1,732
1835,0.2,-12.52,7.336,0.1,732
1836,0.2,-12.53,7.34,0.1,732.5
1837,0.2,-12.54,7.344,0.1,733.5
1838,-0.4,-12.55,7.348,-0.2,734
1839,0.2,-12.55,7.352,0.1,734
1840,0.2,-12.56,7.356,0.1,734.5
1841,0.2,-12.57,7.36,0.1,735
1842,0.2,-12.57,7.364,0.1,735
1843,0.4,-12.58,7.368,0.2,735.5
1844,0.4,-12.59,7.372,0.2,736.5
1845,0.2,-12.59,7.376,0.1,736.5
1846,0.4,-12.6,7.38,0.2,737
1847,0.2,-12.61,7.384,0.1,737.5
1848,0.2,-12.62,7.388,0.1,738
1849,0,-12.62,7.392,0,738
1850,0,-12.63,7.396,0,738.5
1851,0.2,-12.64,7.4,0.1,739
1852,0.2,-12.64,7.404,0.1,739
1853,0,-12.65,7.408,0,740
1854,0,-12.66,7.412,0,740.5
1855,0.2,-12.66,7.416,0.1,740.5
1856,0.2,-12.67,7.42,0.1,741
1857,0.2,-12.68,7.424,0.1,741.5
1858,0,-12.68,7.428,0,741.5
1859,0,-12.69,7.432,0,742
1860,0.2,-12.7,7.436,0.1,742.5
1861,0.4,-12.71,7.44,0.2,743.5
1862,0.4,-12.71,7.444,0.2,743.5
1863,0.4,-12.72,7.448,0.2,744
1864,0.2,-12.73,7.452,0.1,744.5
1865,0.2,-12.73,7.456,0.1,744.5
1866,0.2,-12.74,7.46,0.1,745
1867,0.2,-12.75,7.464,0.1,745.5
1868,0.2,-12.75,7.468,0.1,745.5
1869,0.4,-12.76,7.472,0.2,746
1870,0.2,-12.77,7.476,0.1,747
1871,0.2,-12.78,7.48,0.1,747.5
1872,0.2,-12.78,7.484,0.1,747.5
1873,0.2,-12.79,7.488,0.1,748
1874,0,-12.8,7.492,0,748.5
1875,0,-12.8,7.496,0,748.5
1876,0.6,-12.81,7.5,0.3,749
1877,0.4,-12.82,7.504,0.2,749.5
1878,0.2,-12.82,7.508,0.1,749.5
1879,0.2,-12.83,7.512,0.1,750.5
1880,0,-12.84,7.516,0,751
1881,0.2,-12.85,7.52,0.1,751.5
1882,0,-12.85,7.524,0,751.5
1883,0.2,-12.86,7.528,0.1,752
1884,0.2,-12.86,7.532,0.1,752
1885,0.2,-12.87,7.536,0.1,752.5
1886,0,-12.88,7.54,0,753
1887,0,-12.89,7.544,0,754
1888,0.2,-12.89,7.548,0.1,754
1889,0,-12.9,7.552,0,754.5
1890,0.2,-12.91,7.556,0.1,755
1891,0.2,-12.92,7.56,0.1,755.5
1892,0.2,-12.92,7.564,0.1,755.5
1893,0.2,-12.93,7.568,0.1,756
1894,0.2,-12.94,7.572,0.1,756.5
1895,0.2,-12.94,7.576,0.1,756.5
1896,0.2,-12.95,7.58,0.1,757.5
1897,0,-12.96,7.584,0,758
1898,0.2,-12.96,7.588,0.1,758
1899,0.2,-12.97,7.592,0.1,758.5
1900,0.2,-12.98,7.596,0.1,759
1901,0,-12.98,7.6,0,759
1902,0,-12.99,7.604,0,759.5
1903,-0.2,-13,7.608,-0.1,760
1904,0.2,-13.01,7.612,0.1,761
1905,0.2,-13.01,7.616,0.1,761
1906,0.4,-13.02,7.62,0.2,761.5
1907,0.4,-13.03,7.624,0.2,762
1908,0,-13.03,7.628,0,762
1909,0.2,-13.04,7.632,0.1,762.5
1910,0,-13.05,7.636,0,763
1911,0.2,-13.05,7.64,0.1,763
1912,0.2,-13.06,7.644,0.1,763.5
1913,0.2,-13.07,7.648,0.1,764.5
1914,0.2,-13.08,7.652,0.1,765
1915,0.2,-13.08,7.656,0.1,765
1916,0.2,-13.09,7.66,0.1,765.5
1917,0.6,-13.1,7.664,0.3,766
1918,0.2,-13.1,7.668,0.1,766
1919,0.6,-13.11,7.672,0.3,766.5
1920,0.4,-13.12,7.676,0.2,767.5
1921,0.2,-13.12,7.68,0.1,767.5
1922,0.4,-13.13,7.684,0.2,768
1923,0.2,-13.14,7.688,0.1,768.5
1924,0.2,-13.15,7.692,0.1,769
1925,0.4,-13.15,7.696,0.2,769
1926,0.4,-13.16,7.7,0.2,769.5
1927,0,-13.16,7.704,0,769.5
1928,0,-13.17,7.708,0,770
1929,0.2,-13.18,7.712,0.1,771
1930,0.2,-13.19,7.716,0.1,771.5
1931,0.4,-13.19,7.72,0.2,771.5
1932,0.4,-13.2,7.724,0.2,772
1933,0.2,-13.21,7.728,0.1,772.5
1934,0,-13.21,7.732,0,772.5
1935,0,-13.22,7.736,0,773
1936,0.2,-13.23,7.74,0.1,773.5
1937,0.4,-13.23,7.744,0.2,773.5
1938,0.2,-13.24,7.748,0.1,774.5
1939,-0.2,-13.25,7.752,-0.1,775
1940,-0.2,-13.26,7.756,-0.1,775.5
1941,0.2,-13.26,7.76,0.1,775.5
1942,0.4,-13.27,7.764,0.2,776
1943,0.2,-13.28,7.768,0.1,776.5
1944,0,-13.28,7.772,0,776.5
1945,0,-13.29,7.776,0,777
1946,-0.2,-13.3,7.78,-0.1,778
1947,0.2,-13.31,7.784,0.1,778.5
1948,0.2,-13.31,7.788,0.1,778.5
1949,0.4,-13.32,7.792,0.2,779
1950,0,-13.33,7.796,0,779.5
1951,0,-13.33,7.8,0,779.5
1952,0.2,-13.34,7.804,0.1,780
1953,0.4,-13.35,7.808,0.2,780.5
1954,-0.2,-13.35,7.812,-0.1,780.5
1955,0,-13.36,7.816,0,781.5
1956,0.2,-13.37,7.82,0.1,782
1957,0.2,-13.38,7.824,0.1,782.5
1958,0.2,-13.38,7.828,0.1,782.5
1959,0.4,-13.39,7.832,0.2,783
1960,0.2,-13.4,7.836,0.1,783.5
1961,0.2,-13.4,7.84,0.1,783.5
1962,0.4,-13.41,7.844,0.2,784
1963,0.4,-13.42,7.848,0.2,785
1964,0.4,-13.42,7.852,0.2,785
1965,0.2,-13.43,7.856,0.1,785.5
1966,0.2,-13.44,7.86,0.1,786
1967,0.2,-13.45,7.864,0.1,786.5
1968,0.2,-13.45,7.868,0.1,786.5
1969,0.2,-13.46,7.872,0.1,787
1970,0,-13.47,7.876,0,787.5
1971,-0.2,-13.47,7.88,-0.1,787.5
1972,0.2,-13.48,7.884,0.1,788.5
1973,0.2,-13.49,7.888,0.1,789
1974,0.2,-13.5,7.892,0.1,789.5
1975,0.2,-13.5,7.896,0.1,789.5
1976,0.2,-13.51,7.9,0.1,790
1977,0,-13.52,7.904,0,790.5
1978,0.2,-13.52,7.908,0.1,790.5
1979,0.2,-13.53,7.912,0.1,791
1980,0.2,-13.54,7.916,0.1,792
1981,0,-13.54,7.92,0,792
1982,0,-13.55,7.924,0,792.5
1983,-0.4,-13.56,7.928,-0.2,793
1984,0.2,-13.57,7.932,0.1,793.5
1985,0.2,-13.57,7.936,0.1,793.5
1986,0.2,-13.58,7.94,0.1,794
1987,0.2,-13.59,7.944,0.1,794.5
1988,0,-13.59,7.948,0,794.5
1989,0.2,-13.6,7.952,0.1,795.5
1990,0.6,-13.61,7.956,0.3,796
1991,0.4,-13.61,7.96,0.2,796
1992,0.2,-13.62,7.964,0.1,796.5
1993,0.2,-13.63,7.968,0.1,797
1994,0.2,-13.64,7.972,0.1,797.5
1995,0.2,-13.64,7.976,0.1,797.5
1996,0,-13.65,7.98,0,798
1997,0.2,-13.66,7.984,0.1,799
1998,0.2,-13.66,7.988,0.1,799
1999,0,-13.67,7.992,0,799.5
2000,0,-13.68,7.996,0,800
2001,0.2,-13.68,8,0.1,800
2002,0.2,-13.69,8.004,0.1,800.5
2003,0.2,-13.7,8.008,0.1,801
2004,0,-13.71,8.012,0,802
2005,0.2,-13.71,8.016,0.1,802
2006,0.2,-13.72,8.02,0.1,802.5
2007,0.2,-13.73,8.024,0.1,803
2008,0.2,-13.73,8.028,0.1,803
2009,0.2,-13.74,8.032,0.1,803.5
2010,0.2,-13.75,8.036,0.1,804
2011,0.4,-13.76,8.04,0.2,804.5
2012,0.2,-13.76,8.044,0.1,804.5
2013,0.2,-13.77,8.048,0.1,805.5
2014,0.2,-13.77,8.052,0.1,805.5
2015,0.2,-13.78,8.056,0.1,806
2016,0.4,-13.79,8.06,0.2,806.5
2017,0.2,-13.8,8.064,0.1,807
2018,0.2,-13.8,8.068,0.1,807
2019,0,-13.81,8.072,0,807.5
2020,0.2,-13.82,8.076,0.1,808
2021,0.2,-13.83,8.08,0.1,809
2022,0.2,-13.83,8.084,0.1,809
2023,0.4,-13.84,8.088,0.2,809.5
2024,0,-13.84,8.092,0,809.5
2025,0.2,-13.85,8.096,0.1,810
2026,0.2,-13.86,8.1,0.1,810.5
2027,0.2,-13.87,8.104,0.1,811
2028,0.2,-13.87,8.108,0.1,811
2029,0.2,-13.88,8.112,0.1,811.5
2030,0.2,-13.89,8.116,0.1,812.5
2031,0.4,-13.9,8.12,0.2,813
2032,0.2,-13.9,8.124,0.1,813
2033,0.2,-13.91,8.128,0.1,813.5
2034,0.2,-13.92,8.132,0.1,814
2035,0.2,-13.92,8.136,0.1,814
2036,0.2,-13.93,8.14,0.1,814.5
2037,0.2,-13.94,8.144,0.1,815
2038,0.2,-13.95,8.148,0.1,816
2039,0.2,-13.95,8.152,0.1,816
2040,0.2,-13.96,8.156,0.1,816.5
2041,0.2,-13.97,8.16,0.1,817
2042,0,-13.97,8.164,0,817
2043,0,-13.98,8.168,0,817.5
2044,0,-13.99,8.172,0,818
2045,0.2,-13.99,8.176,0.1,818
2046,0.2,-14,8.18,0.1,818.5
2047,-0.2,-14.01,8.184,-0.1,819.5
2048,0.2,-14.02,8.188,0.1,820
2049,0.2,-14.02,8.192,0.1,820
2050,0.4,-14.03,8.196,0.2,820.5
2051,0.2,-14.04,8.2,0.1,821
2052,-0.2,-14.04,8.204,-0.1,821
2053,0,-14.05,8.208,0,821.5
2054,0,-14.06,8.212,0,822
2055,0.2,-14.06,8.216,0.1,822
2056,0.2,-14.07,8.22,0.1,823
2057,0.4,-14.08,8.224,0.2,823.5
2058,0.2,-14.09,8.228,0.1,824
2059,0.4,-14.09,8.232,0.2,824
2060,0.6,-14.1,8.236,0.3,824.5
2061,0.2,-14.11,8.24,0.1,825
2062,0.2,-14.11,8.244,0.1,825
2063,-0.2,-14.12,8.248,-0.1,825.5
2064,0.2,-14.13,8.252,0.1,826.5
2065,0.2,-14.14,8.256,0.1,827
2066,0.4,-14.14,8.26,0.2,827
2067,0.4,-14.15,8.264,0.2,827.5
2068,0.2,-14.16,8.268,0.1,828
2069,0.2,-14.16,8.272,0.1,828
2070,0.4,-14.17,8.276,0.2,828.5
2071,0.2,-14.18,8.28,0.1,829
2072,0.2,-14.18,8.284,0.1,829
2073,0.2,-14.19,8.288,0.1,830
2074,-0.2,-14.2,8.292,-0.1,830.5
2075,0,-14.21,8.296,0,831
2076,0.2,-14.21,8.3,0.1,831
2077,0.2,-14.22,8.304,0.1,831.5
2078,0,-14.23,8.308,0,832
2079,-0.2,-14.23,8.312,-0.1,832
2080,-0.2,-14.24,8.316,-0.1,832.5
2081,0,-14.25,8.32,0,833.5
2082,0.2,-14.26,8.324,0.1,834
2083,0.2,-14.26,8.328,0.1,834
2084,0.2,-14.27,8.332,0.1,834.5
2085,0.2,-14.28,8.336,0.1,835
2086,0,-14.28,8.34,0,835
2087,0.2,-14.29,8.344,0.1,835.5
2088,0.2,-14.3,8.348,0.1,836.5
2089,0,-14.3,8.352,0,836.5
2090,0.2,-14.31,8.356,0.1,837
2091,0.2,-14.32,8.36,0.1,837.5
2092,0.2,-14.33,8.364,0.1,838
2093,-0.2,-14.33,8.368,-0.1,838
2094,0,-14.34,8.372,0,838.5
2095,0,-14.35,8.376,0,839
2096,0,-14.35,8.38,0,839
2097,0.2,-14.36,8.384,0.1,840
2098,0.2,-14.37,8.388,0.1,840.5
2099,0.2,-14.37,8.392,0.1,840.5
2100,0.2,-14.38,8.396,0.1,841
2101,0.2,-14.39,8.4,0.1,841.5
2102,0.2,-14.4,8.404,0.1,842
2103,0.2,-14.4,8.408,0.1,842
2104,0.2,-14.41,8.412,0.1,842.5
2105,0.2,-14.42,8.416,0.1,843.5
2106,0.4,-14.42,8.42,0.2,843.5
2107,0.2,-14.43,8.424,0.1,844
2108,0,-14.44,8.428,0,844.5
2109,0.2,-14.45,8.432,0.1,845
2110,0.2,-14.45,8.436,0.1,845
2111,0.2,-14.46,8.44,0.1,845.5
2112,0.2,-14.47,8.444,0.1,846
2113,0.2,-14.47,8.448,0.1,846
2114,0.4,-14.48,8.452,0.2,847
2115,0.2,-14.49,8.456,0.1,847.5
2116,0.2,-14.49,8.46,0.1,847.5
2117,0,-14.5,8.464,0,848
2118,-0.2,-14.51,8.468,-0.1,848.5
2119,0.2,-14.52,8.472,0.1,849
2120,0,-14.52,8.476,0,849
2121,0.2,-14.53,8.48,0.1,849.5
2122,0.2,-14.54,8.484,0.1,850.5
2123,0.2,-14.55,8.488,0.1,851
2124,0.2,-14.55,8.492,0.1,851
2125,0.2,-14.56,8.496,0.1,851.5
2126,0.2,-14.56,8.5,0.1,851.5
2127,0.4,-14.57,8.504,0.2,852
2128,0.2,-14.58,8.508,0.1,852.5
2129,0.2,-14.59,8.512,0.1,853
2130,0.2,-14.59,8.516,0.1,853
2131,0.2,-14.6,8.52,0.1,854
2132,0,-14.61,8.524,0,854.5
2133,0.2,-14.61,8.528,0.1,854.5
2134,0.6,-14.62,8.532,0.3,855
2135,0.2,-14.63,8.536,0.1,855.5
2136,0.4,-14.64,8.54,0.2,856
2137,0.4,-14.64,8.544,0.2,856
2138,0.2,-14.65,8.548,0.1,856.5
2139,0.4,-14.66,8.552,0.2,857.5
2140,0.2,-14.66,8.556,0.1,857.5
2141,0.2,-14.67,8.56,0.1,858
2142,0.4,-14.68,8.564,0.2,858.5
2143,0.4,-14.68,8.568,0.2,858.5
2144,0.4,-14.69,8.572,0.2,859
2145,0.2,-14.7,8.576,0.1,859.5
2146,0.4,-14.71,8.58,0.2,860
2147,0.2,-14.71,8.584,0.1,860
2148,0.2,-14.72,8.588,0.1,861
2149,0,-14.73,8.592,0,861.5
2150,0.2,-14.74,8.596,0.1,862
2151,0,-14.74,8.6,0,862
2152,0,-14.75,8.604,0,862.5
2153,0.4,-14.75,8.608,0.2,862.5
2154,-0.2,-14.76,8.612,-0.1,863
2155,-0.2,-14.77,8.616,-0.1,863.5
2156,0,-14.78,8.62,0,864.5
2157,0,-14.78,8.624,0,864.5
2158,-0.2,-14.79,8.628,-0.1,865
2159,0.2,-14.8,8.632,0.1,865.5
2160,0.2,-14.8,8.636,0.1,865.5
2161,0.2,-14.81,8.64,0.1,866
2162,0.2,-14.82,8.644,0.1,866.5
2163,0.2,-14.83,8.648,0.1,867.5
2164,0.2,-14.83,8.652,0.1,867.5
2165,0.2,-14.84,8.656,0.1,868
2166,0.2,-14.85,8.66,0.1,868.5
2167,-0.2,-14.86,8.664,-0.1,869
2168,0,-14.86,8.668,0,869
2169,0.4,-14.87,8.672,0.2,869.5
2170,0.2,-14.87,8.676,0.1,869.5
2171,0,-14.88,8.68,0,870
2172,0.2,-14.89,8.684,0.1,871
2173,0.2,-14.9,8.688,0.1,871.5
2174,0.4,-14.9,8.692,0.2,871.5
2175,0,-14.91,8.696,0,872
2176,0.2,-14.92,8.7,0.1,872.5
2177,0,-14.93,8.704,0,873
2178,0.2,-14.93,8.708,0.1,873
2179,0.2,-14.94,8.712,0.1,873.5
2180,0.2,-14.94,8.716,0.1,873.5
2181,0,-14.95,8.72,0,874.5
2182,0.2,-14.96,8.724,0.1,875
2183,0.2,-14.97,8.728,0.1,875.5
2184,0.6,-14.97,8.732,0.3,875.5
2185,0.8,-14.98,8.736,0.35,876
2186,0.2,-14.99,8.74,0.1,876.5
2187,0.2,-14.99,8.744,0.1,876.5
2188,0.4,-15,8.748,0.2,877
2189,0.4,-15.01,8.752,0.2,878
2190,0.2,-15.02,8.756,0.1,878.5
2191,0.2,-15.02,8.76,0.1,878.5
2192,0,-15.03,8.764,0,879
2193,-0.2,-15.04,8.768,-0.1,879.5
2194,0,-15.05,8.772,0,880
2195,0.4,-15.05,8.776,0.2,880
2196,0.2,-15.06,8.78,0.1,880.5
2197,0.2,-15.06,8.784,0.1,880.5
2198,0.2,-15.07,8.788,0.1,881.5
2199,0.2,-15.08,8.792,0.1,882
2200,0.2,-15.09,8.796,0.1,882.5
2201,0,-15.09,8.8,0,882.5
2202,0,-15.1,8.804,0,883
2203,0,-15.11,8.808,0,883.5
2204,0.2,-15.12,8.812,0.1,884
2205,0.2,-15.12,8.816,0.1,884
2206,0.2,-15.13,8.82,0.1,885
2207,0.2,-15.14,8.824,0.1,885.5
2208,0,-15.14,8.828,0,885.5
2209,0.2,-15.15,8.832,0.1,886
2210,0.2,-15.16,8.836,0.1,886.5
2211,0.4,-15.16,8.84,0.2,886.5
2212,0.2,-15.17,8.844,0.1,887
2213,0,-15.18,8.848,0,887.5
2214,0.2,-15.19,8.852,0.1,888.5
2215,0.2,-15.19,8.856,0.1,888.5
2216,0.6,-15.2,8.86,0.3,889
2217,0.6,-15.21,8.864,0.3,889.5
2218,0.2,-15.21,8.868,0.1,889.5
2219,0.2,-15.22,8.872,0.1,890
2220,0.2,-15.23,8.876,0.1,890.5
2221,0,-15.24,8.88,0,891
2222,0.2,-15.24,8.884,0.1,891
2223,0.2,-15.25,8.888,0.1,892
2224,0.4,-15.25,8.892,0.2,892
2225,0.2,-15.26,8.896,0.1,892.5
2226,0.4,-15.27,8.9,0.2,893
2227,0,-15.28,8.904,0,893.5
2228,0,-15.28,8.908,0,893.5
2229,0.2,-15.29,8.912,0.1,894
2230,0.2,-15.3,8.916,0.1,894.5
2231,0,-15.31,8.92,0,895.5
2232,0.2,-15.31,8.924,0.1,895.5
2233,0.2,-15.32,8.928,0.1,896
2234,0.2,-15.33,8.932,0.1,896.5
2235,0.2,-15.33,8.936,0.1,896.5
2236,0.2,-15.34,8.94,0.1,897
2237,0.2,-15.35,8.944,0.1,897.5
2238,0.4,-15.36,8.948,0.2,898
2239,0.4,-15.36,8.952,0.2,898
2240,0.2,-15.37,8.956,0.1,899
2241,0.2,-15.37,8.96,0.1,899
2242,-0.2,-15.37,8.964,-0.1,899
2243,0,-15.38,8.968,0,899.5
2244,0,-15.39,8.972,0,900
2245,0.2,-15.39,8.976,0.1,900
2246,0.2,-15.4,8.98,0.1,900.5
2247,0.2,-15.41,8.984,0.1,901
2248,-0.2,-15.42,8.988,-0.1,902
2249,0.6,-15.42,8.992,0.3,902
2250,0.2,-15.43,8.996,0.1,902.5
2251,0.2,-15.43,9,0.1,902.5
2252,0.2,-15.44,9.004,0.1,903
2253,0.4,-15.45,9.008,0.2,903.5
2254,0.2,-15.46,9.012,0.1,904
2255,0.4,-15.46,9.016,0.2,904
2256,0.2,-15.47,9.02,0.1,904.5
2257,0,-15.48,9.024,0,905.5
2258,0,-15.49,9.028,0,906
2259,0.2,-15.49,9.032,0.1,906
2260,0.2,-15.5,9.036,0.1,906.5
2261,0.2,-15.51,9.04,0.1,907
2262,0.2,-15.51,9.044,0.1,907
2263,0.4,-15.52,9.048,0.2,907.5
2264,-0.2,-15.53,9.052,-0.1,908
2265,0.2,-15.53,9.056,0.1,908
2266,0.4,-15.54,9.06,0.2,909
2267,0.2,-15.55,9.064,0.1,909.5
2268,0.2,-15.56,9.068,0.1,910
2269,0.2,-15.56,9.072,0.1,910
2270,0.6,-15.57,9.076,0.3,910.5
2271,0.4,-15.58,9.08,0.2,911
2272,0,-15.58,9.084,0,911
2273,0.2,-15.59,9.088,0.1,911.5
2274,0.4,-15.6,9.092,0.2,912.5
2275,0.6,-15.61,9.096,0.3,913
2276,0.2,-15.61,9.1,0.1,913
2277,0.2,-15.62,9.104,0.1,913.5
2278,0.2,-15.62,9.108,0.1,913.5
2279,0.2,-15.63,9.112,0.1,914
2280,0.2,-15.64,9.116,0.1,914.5
2281,0.2,-15.65,9.12,0.1,915
2282,0,-15.65,9.124,0,915
2283,-0.2,-15.66,9.128,-0.1,916
2284,0.2,-15.67,9.132,0.1,916.5
2285,0,-15.68,9.136,0,917
2286,0.2,-15.68,9.14,0.1,917
2287,0.2,-15.69,9.144,0.1,917.5
2288,0.2,-15.69,9.148,0.1,917.5
2289,0.2,-15.7,9.152,0.1,918
2290,0.4,-15.71,9.156,0.2,918.5
2291,0.2,-15.72,9.16,0.1,919.5
2292,0.4,-15.72,9.164,0.2,919.5
2293,0.2,-15.73,9.168,0.1,920
2294,0.6,-15.74,9.172,0.3,920.5
2295,0.2,-15.74,9.176,0.1,920.5
2296,0.2,-15.75,9.18,0.1,921
2297,0.2,-15.76,9.184,0.1,921.5
2298,0.4,-15.77,9.188,0.2,922
2299,0.2,-15.77,9.192,0.1,922
2300,0.2,-15.78,9.196,0.1,923
2301,0.2,-15.79,9.2,0.1,923.5
2302,0.2,-15.79,9.204,0.1,923.5
2303,0.4,-15.8,9.208,0.2,924
2304,0.2,-15.81,9.212,0.1,924.5
2305,0.4,-15.81,9.216,0.2,924.5
2306,0.2,-15.82,9.22,0.1,925
2307,0.2,-15.83,9.224,0.1,925.5
2308,0.4,-15.84,9.228,0.2,926.5
2309,0.2,-15.84,9.232,0.1,926.5
2310,0.4,-15.85,9.236,0.2,927
2311,0.6,-15.86,9.24,0.3,927.5
2312,0.4,-15.86,9.244,0.2,927.5
2313,0.2,-15.87,9.248,0.1,928
2314,0.6,-15.88,9.252,0.3,928.5
2315,0.2,-15.88,9.256,0.1,928.5
2316,0,-15.89,9.26,0,929
2317,0,-15.9,9.264,0,930
2318,0,-15.91,9.268,0,930.5
2319,0.2,-15.91,9.272,0.1,930.5
2320,0.2,-15.92,9.276,0.1,931
2321,0.4,-15.93,9.28,0.2,931.5
2322,0.2,-15.93,9.284,0.1,931.5
2323,0.2,-15.94,9.288,0.1,932
2324,0.2,-15.95,9.292,0.1,932.5
2325,0.2,-15.95,9.296,0.1,932.5
2326,0,-15.96,9.3,0,933.5
2327,0,-15.97,9.304,0,934
2328,0.2,-15.98,9.308,0.1,934.5
2329,0.2,-15.98,9.312,0.1,934.5
2330,0.4,-15.99,9.316,0.2,935
2331,0.4,-16,9.32,0.2,935.5
2332,0.2,-16,9.324,0.1,935.5
2333,0.6,-16.01,9.328,0.3,936.5
2334,0.2,-16.02,9.332,0.1,937
2335,0,-16.02,9.336,0,937
2336,0,-16.03,9.34,0,937.5
2337,0,-16.04,9.344,0,938
2338,0.2,-16.05,9.348,0.1,938.5
2339,0,-16.05,9.352,0,938.5
2340,0.2,-16.06,9.356,0.1,939
2341,0.4,-16.07,9.36,0.2,940
2342,0.2,-16.07,9.364,0.1,940
2343,0,-16.08,9.368,0,940.5
2344,0,-16.09,9.372,0,941
2345,0.2,-16.1,9.376,0.1,941.5
2346,0.2,-16.1,9.38,0.1,941.5
2347,0.2,-16.11,9.384,0.1,942
2348,0.2,-16.11,9.388,0.1,942
2349,0.2,-16.12,9.392,0.1,942.5
2350,0.4,-16.13,9.396,0.2,943.5
2351,0.2,-16.14,9.4,0.1,944
2352,0.2,-16.14,9.404,0.1,944
2353,0.2,-16.15,9.408,0.1,944.5
2354,0.2,-16.16,9.412,0.1,945
2355,-0.2,-16.16,9.416,-0.1,945
2356,0.2,-16.17,9.42,0.1,945.5
2357,0.2,-16.18,9.424,0.1,946
2358,0.2,-16.18,9.428,0.1,946
2359,0.2,-16.19,9.432,0.1,947
2360,0.2,-16.2,9.436,0.1,947.5
2361,0.2,-16.21,9.44,0.1,948
2362,0.2,-16.21,9.444,0.1,948
2363,0.2,-16.22,9.448,0.1,948.5
2364,0,-16.23,9.452,0,949
2365,0,-16.23,9.456,0,949
2366,0.2,-16.24,9.46,0.1,949.5
2367,0.2,-16.25,9.464,0.1,950.5
2368,0.2,-16.25,9.468,0.1,950.5
2369,0.2,-16.26,9.472,0.1,951
2370,0.2,-16.27,9.476,0.1,951.5
2371,0.2,-16.28,9.48,0.1,952
2372,0.2,-16.28,9.484,0.1,952
2373,0.4,-16.29,9.488,0.2,952.5
2374,0.2,-16.29,9.492,0.1,952.5
2375,0.2,-16.3,9.496,0.1,953
2376,0.2,-16.31,9.5,0.1,954
2377,0,-16.32,9.504,0,954.5
2378,0.2,-16.32,9.508,0.1,954.5
2379,0.4,-16.33,9.512,0.2,955
2380,0.2,-16.34,9.516,0.1,955.5
2381,0.2,-16.34,9.52,0.1,955.5
2382,0,-16.35,9.524,0,956
2383,0.2,-16.36,9.528,0.1,956.5
2384,-0.2,-16.37,9.532,-0.1,957.5
2385,0,-16.37,9.536,0,957.5
2386,0,-16.38,9.54,0,958
2387,0.2,-16.39,9.544,0.1,958.5
2388,0.2,-16.39,9.548,0.1,958.5
2389,0.2,-16.4,9.552,0.1,959
2390,0.2,-16.41,9.556,0.1,959.5
2391,0.2,-16.41,9.56,0.1,959.5
2392,0.2,-16.42,9.564,0.1,960
2393,0,-16.43,9.568,0,961
2394,0.4,-16.44,9.572,0.2,961.5
2395,0.4,-16.44,9.576,0.2,961.5
2396,0.2,-16.45,9.58,0.1,962
2397,0.2,-16.46,9.584,0.1,962.5
2398,0.2,-16.46,9.588,0.1,962.5
2399,0.2,-16.47,9.592,0.1,963
2400,0.2,-16.48,9.596,0.1,963.5
2401,0,-16.48,9.6,0,963.5
2402,0.2,-16.49,9.604,0.1,964.5
2403,0.2,-16.5,9.608,0.1,965
2404,0.2,-16.51,9.612,0.1,965.5
2405,0.2,-16.51,9.616,0.1,965.5
2406,0.2,-16.52,9.62,0.1,966
2407,0.4,-16.52,9.624,0.2,966
2408,0.2,-16.53,9.628,0.1,966.5
2409,0.2,-16.54,9.632,0.1,967.5
2410,0.4,-16.55,9.636,0.2,968
2411,0.2,-16.55,9.64,0.1,968
2412,0.2,-16.56,9.644,0.1,968.5
2413,0.2,-16.57,9.648,0.1,969
2414,0,-16.57,9.652,0,969
2415,0.2,-16.58,9.656,0.1,969.5
2416,0.2,-16.59,9.66,0.1,970
2417,0,-16.59,9.664,0,970
2418,0.2,-16.6,9.668,0.1,971
2419,0.2,-16.61,9.672,0.1,971.5
2420,0.2,-16.62,9.676,0.1,972
2421,0.2,-16.62,9.68,0.1,972
2422,0.4,-16.63,9.684,0.2,972.5
2423,0.2,-16.64,9.688,0.1,973
2424,0.2,-16.64,9.692,0.1,973
2425,0.2,-16.65,9.696,0.1,973.5
2426,0.2,-16.66,9.7,0.1,974.5
2427,0.2,-16.66,9.704,0.1,974.5
2428,0.4,-16.67,9.708,0.2,975
2429,0,-16.68,9.712,0,975.5
2430,0.2,-16.69,9.716,0.1,976
2431,0.2,-16.69,9.72,0.1,976
2432,0,-16.7,9.724,0,976.5
2433,0.4,-16.71,9.728,0.2,977
2434,0.2,-16.71,9.732,0.1,977
2435,0,-16.72,9.736,0,978
2436,0.2,-16.73,9.74,0.1,978.5
2437,0.2,-16.73,9.744,0.1,978.5
2438,0.6,-16.74,9.748,0.3,979
2439,0.2,-16.75,9.752,0.1,979.5
2440,-0.2,-16.75,9.756,-0.1,979.5
2441,0.4,-16.76,9.76,0.2,980
2442,0.4,-16.77,9.764,0.2,980.5
2443,0.2,-16.78,9.768,0.1,981.5
2444,0.2,-16.78,9.772,0.1,981.5
2445,-0.4,-16.79,9.776,-0.2,982
2446,0.2,-16.8,9.78,0.1,982.5
2447,0.2,-16.8,9.784,0.1,982.5
2448,0.2,-16.81,9.788,0.1,983
2449,0.2,-16.82,9.792,0.1,983.5
2450,0,-16.82,9.796,0,983.5
2451,0.2,-16.83,9.8,0.1,984
2452,0,-16.84,9.804,0,985
2453,0.2,-16.85,9.808,0.1,985.5
2454,0.2,-16.85,9.812,0.1,985.5
2455,0.2,-16.86,9.816,0.1,986
2456,0.4,-16.87,9.82,0.2,986.5
2457,0.2,-16.87,9.824,0.1,986.5
2458,0.2,-16.88,9.828,0.1,987
2459,0.2,-16.89,9.832,0.1,987.5
2460,0.2,-16.89,9.836,0.1,987.5
2461,0.2,-16.9,9.84,0.1,988.5
2462,0.2,-16.91,9.844,0.1,989
2463,0.2,-16.92,9.848,0.1,989.5
2464,0.2,-16.92,9.852,0.1,989.5
2465,0.2,-16.93,9.856,0.1,990
2466,0.4,-16.93,9.86,0.2,990
2467,0,-16.94,9.864,0,990.5
2468,0.2,-16.95,9.868,0.1,991
2469,0.2,-16.96,9.872,0.1,992
2470,-0.2,-16.96,9.876,-0.1,992
2471,-0.2,-16.97,9.88,-0.1,992.5
2472,0.2,-16.98,9.884,0.1,993
2473,0.2,-16.98,9.888,0.1,993
2474,0.2,-16.99,9.892,0.1,993.5
2475,0,-17,9.896,0,994
2476,0.4,-17,9.9,0.2,994
2477,0.4,-17.01,9.904,0.2,994.5
2478,0.2,-17.02,9.908,0.1,995.5
2479,0,-17.03,9.912,0,996
2480,0.2,-17.03,9.916,0.1,996
2481,0.2,-17.04,9.92,0.1,996.5
2482,0.2,-17.05,9.924,0.1,997
2483,0,-17.05,9.928,0,997
2484,0,-17.06,9.932,0,997.5
2485,0,-17.07,9.936,0,998
2486,0.2,-17.07,9.94,0.1,998
2487,0.4,-17.08,9.944,0.2,999
2488,0.2,-17.09,9.948,0.1,999.5
2489,0.4,-17.09,9.952,0.2,999.5
2490,0.2,-17.1,9.956,0.1,1000
2491,0.6,-17.11,9.96,0.3,1000.5
2492,0.4,-17.12,9.964,0.2,1001
2493,0.2,-17.12,9.968,0.1,1001
2494,0,-17.13,9.972,0,1002
2495,0.4,-17.14,9.976,0.2,1002.5
2496,0.2,-17.14,9.98,0.1,1002.5
2497,0.2,-17.15,9.984,0.1,1003
2498,0.2,-17.16,9.988,0.1,1003.5
2499,0.4,-17.16,9.992,0.2,1003.5
2500,0,-17.17,9.996,0,1004
2501,0.2,-17.18,10,0.1,1004.5
2502,0.2,-17.19,10.004,0.1,1005.5
2503,0.4,-17.19,10.008,0.2,1005.5
2504,0.2,-17.2,10.012,0.1,1006
2505,0,-17.21,10.016,0,1006.5
2506,0,-17.21,10.02,0,1006.5
2507,0.2,-17.22,10.024,0.1,1007
2508,0.2,-17.23,10.028,0.1,1007.5
2509,0.2,-17.23,10.032,0.1,1007.5
2510,-0.2,-17.24,10.036,-0.1,1008
2511,0,-17.25,10.04,0,1009
2512,0.2,-17.26,10.044,0.1,1009.5
2513,0.2,-17.26,10.048,0.1,1009.5
2514,0.2,-17.27,10.052,0.1,1010
2515,0.2,-17.27,10.056,0.1,1010
2516,0.2,-17.28,10.06,0.1,1010.5
2517,0,-17.29,10.064,0,1011
2518,0.2,-17.3,10.068,0.1,1011.5
2519,0,-17.3,10.072,0,1011.5
2520,0.2,-17.31,10.076,0.1,1012.5
2521,0.2,-17.32,10.08,0.1,1013
2522,0.4,-17.33,10.084,0.2,1013.5
2523,-0.4,-17.33,10.088,-0.2,1013.5
2524,0,-17.34,10.092,0,1014
2525,0.2,-17.34,10.096,0.1,1014
2526,0.2,-17.35,10.1,0.1,1014.5
2527,0.2,-17.36,10.104,0.1,1015
2528,0.2,-17.38,10.108,0.1,1016.5
2529,0.2,-17.38,10.112,0.1,1016.5
2530,0.2,-17.39,10.116,0.1,1017
2531,0.2,-17.4,10.12,0.1,1017.5
2532,0.2,-17.4,10.124,0.1,1017.5
2533,0.2,-17.41,10.128,0.1,1018
2534,0.2,-17.42,10.132,0.1,1018.5
2535,0.2,-17.43,10.136,0.1,1019.5
2536,0.4,-17.43,10.14,0.2,1019.5
2537,0.2,-17.44,10.144,0.1,1020
2538,0.2,-17.45,10.148,0.1,1020.5
2539,0.4,-17.45,10.152,0.2,1020.5
2540,0.4,-17.46,10.156,0.2,1021
2541,0.2,-17.47,10.16,0.1,1021.5
2542,0.2,-17.47,10.164,0.1,1021.5
2543,0.2,-17.48,10.168,0.1,1022
2544,-0.2,-17.49,10.172,-0.1,1023
2545,0,-17.5,10.176,0,1023.5
2546,0.2,-17.5,10.18,0.1,1023.5
2547,0.2,-17.51,10.184,0.1,1024
2548,0.2,-17.52,10.188,0.1,1024.5
2549,0.2,-17.52,10.192,0.1,1024.5
2550,0.2,-17.53,10.196,0.1,1025
2551,0.2,-17.54,10.2,0.1,1025.5
2552,0.2,-17.54,10.204,0.1,1025.5
2553,0.2,-17.55,10.208,0.1,1026.5
2554,0.2,-17.56,10.212,0.1,1027
2555,0.2,-17.57,10.216,0.1,1027.5
2556,0.2,-17.57,10.22,0.1,1027.5
2557,0.2,-17.58,10.224,0.1,1028
2558,0.2,-17.58,10.228,0.1,1028
2559,0,-17.59,10.232,0,1028.5
2560,0,-17.6,10.236,0,1029
2561,0.2,-17.61,10.24,0.1,1030
2562,0.2,-17.61,10.244,0.1,1030
2563,0.2,-17.62,10.248,0.1,1030.5
2564,0.2,-17.63,10.252,0.1,1031
2565,0.2,-17.63,10.256,0.1,1031
2566,0,-17.64,10.26,0,1031.5
2567,0.2,-17.65,10.264,0.1,1032
2568,0.2,-17.65,10.268,0.1,1032
2569,0.2,-17.66,10.272,0.1,1032.5
2570,0,-17.67,10.276,0,1033.5
2571,0.2,-17.68,10.28,0.1,1034
2572,0.2,-17.68,10.284,0.1,1034
2573,0,-17.69,10.288,0,1034.5
2574,0.2,-17.7,10.292,0.1,1035
2575,0.2,-17.7,10.296,0.1,1035
2576,0.2,-17.71,10.3,0.1,1035.5
2577,0.2,-17.72,10.304,0.1,1036.5
2578,0.2,-17.72,10.308,0.1,1036.5
2579,0.6,-17.73,10.312,0.3,1037
2580,0.2,-17.74,10.316,0.1,1037.5
2581,0.6,-17.75,10.32,0.3,1038
2582,0.2,-17.75,10.324,0.1,1038
2583,0.2,-17.76,10.328,0.1,1038.5
2584,0.2,-17.77,10.332,0.1,1039
2585,0.2,-17.77,10.336,0.1,1039
2586,0.2,-17.78,10.34,0.1,1040
2587,0.2,-17.79,10.344,0.1,1040.5
2588,0.2,-17.79,10.348,0.1,1040.5
2589,0.2,-17.8,10.352,0.1,1041
2590,0.4,-17.81,10.356,0.2,1041.5
2591,0.2,-17.81,10.36,0.1,1041.5
2592,0,-17.82,10.364,0,1042
2593,0.2,-17.83,10.368,0.1,1042.5
2594,0.2,-17.84,10.372,0.1,1043.5
2595,0.2,-17.84,10.376,0.1,1043.5
2596,0.2,-17.85,10.38,0.1,1044
2597,0.2,-17.86,10.384,0.1,1044.5
2598,0.6,-17.86,10.388,0.3,1044.5
2599,0.2,-17.87,10.392,0.1,1045
2600,0.2,-17.88,10.396,0.1,1045.5
2601,0,-17.88,10.4,0,1045.5
2602,0.2,-17.89,10.404,0.1,1046
2603,0.2,-17.9,10.408,0.1,1047
2604,0.4,-17.91,10.412,0.2,1047.5
2605,0.2,-17.91,10.416,0.1,1047.5
2606,0.2,-17.92,10.42,0.1,1048
2607,0.2,-17.93,10.424,0.1,1048.5
2608,0,-17.93,10.428,0,1048.5
2609,0.2,-17.94,10.432,0.1,1049
2610,0.4,-17.95,10.436,0.2,1049.5
2611,0.2,-17.95,10.44,0.1,1049.5
2612,0.2,-17.96,10.444,0.1,1050.5
2613,0.2,-17.97,10.448,0.1,1051
2614,0.2,-17.98,10.452,0.1,1051.5
2615,0.2,-17.98,10.456,0.1,1051.5
2616,0.2,-17.99,10.46,0.1,1052
2617,0.2,-17.99,10.464,0.1,1052
2618,0.2,-18,10.468,0.1,1052.5
2619,0.2,-18.01,10.472,0.1,1053
2620,0,-18.02,10.476,0,1054
2621,0.2,-18.02,10.48,0.1,1054
2622,0.2,-18.03,10.484,0.1,1054.5
2623,0,-18.04,10.488,0,1055
2624,-0.2,-18.04,10.492,-0.1,1055
2625,0.2,-18.05,10.496,0.1,1055.5
2626,0.2,-18.06,10.5,0.1,1056
2627,0.2,-18.06,10.504,0.1,1056
2628,0.2,-18.07,10.508,0.1,1056.5
2629,0.2,-18.08,10.512,0.1,1057.5
2630,0.2,-18.09,10.516,0.1,1058
2631,0.4,-18.09,10.52,0.2,1058
2632,0.2,-18.1,10.524,0.1,1058.5
2633,0.2,-18.11,10.528,0.1,1059
2634,0.2,-18.11,10.532,0.1,1059
2635,0.2,-18.12,10.536,0.1,1059.5
2636,0.2,-18.13,10.54,0.1,1060
2637,0.2,-18.14,10.544,0.1,1061
2638,0.2,-18.14,10.548,0.1,1061
2639,0.2,-18.15,10.552,0.1,1061.5
2640,0.2,-18.16,10.556,0.1,1062
2641,0.2,-18.16,10.56,0.1,1062
2642,0.4,-18.17,10.564,0.2,1062.5
2643,0.2,-18.18,10.568,0.1,1063
2644,0.2,-18.18,10.572,0.1,1063
2645,-0.2,-18.19,10.576,-0.1,1063.5
2646,0,-18.2,10.58,0,1064.5
2647,0.4,-18.21,10.584,0.2,1065
2648,0.2,-18.21,10.588,0.1,1065
2649,0.2,-18.22,10.592,0.1,1065.5
2650,0.2,-18.22,10.596,0.1,1065.5
2651,0,-18.23,10.6,0,1066
2652,-0.2,-18.24,10.604,-0.1,1066.5
2653,0.2,-18.25,10.608,0.1,1067.5
2654,0,-18.25,10.612,0,1067.5
2655,0.2,-18.26,10.616,0.1,1068
2656,0.2,-18.27,10.62,0.1,1068.5
2657,0.4,-18.28,10.624,0.2,1069
2658,0.2,-18.28,10.628,0.1,1069
2659,0.4,-18.29,10.632,0.2,1069.5
2660,0.2,-18.29,10.636,0.1,1069.5
2661,0,-18.3,10.64,0,1070
2662,0,-18.31,10.644,0,1071
2663,0,-18.32,10.648,0,1071.5
2664,0.2,-18.32,10.652,0.1,1071.5
2665,0.2,-18.33,10.656,0.1,1072
2666,0,-18.34,10.66,0,1072.5
2667,0.2,-18.34,10.664,0.1,1072.5
2668,0.4,-18.35,10.668,0.2,1073
2669,0.2,-18.36,10.672,0.1,1073.5
2670,0.2,-18.36,10.676,0.1,1073.5
2671,0.2,-18.37,10.68,0.1,1074.5
2672,0.2,-18.38,10.684,0.1,1075
2673,0.4,-18.39,10.688,0.2,1075.5
2674,0.6,-18.39,10.692,0.3,1075.5
2675,0.2,-18.4,10.696,0.1,1076
2676,0.4,-18.41,10.7,0.2,1076.5
2677,0.2,-18.41,10.704,0.1,1076.5
2678,0,-18.42,10.708,0,1077
2679,0,-18.43,10.712,0,1078
2680,0.4,-18.44,10.716,0.2,1078.5
2681,0.2,-18.44,10.72,0.1,1078.5
2682,0.4,-18.45,10.724,0.2,1079
2683,0.4,-18.46,10.728,0.2,1079.5
2684,0.4,-18.46,10.732,0.2,1079.5
2685,0.2,-18.47,10.736,0.1,1080
2686,0.4,-18.48,10.74,0.2,1080.5
2687,0,-18.48,10.744,0,1080.5
2688,0.2,-18.49,10.748,0.1,1081.5
2689,0.2,-18.5,10.752,0.1,1082
2690,0.4,-18.51,10.756,0.2,1082.5
2691,0.2,-18.51,10.76,0.1,1082.5
2692,0.2,-18.52,10.764,0.1,1083
2693,0.2,-18.53,10.768,0.1,1083.5
2694,0.2,-18.53,10.772,0.1,1083.5
2695,0,-18.54,10.776,0,1084
2696,0.2,-18.55,10.78,0.1,1085
2697,0.4,-18.55,10.784,0.2,1085
2698,0.2,-18.56,10.788,0.1,1085.5
2699,0.2,-18.57,10.792,0.1,1086
2700,0.4,-18.58,10.796,0.2,1086.5
2701,0.2,-18.58,10.8,0.1,1086.5
2702,0.4,-18.59,10.804,0.2,1087
2703,0.2,-18.6,10.808,0.1,1087.5
2704,0,-18.6,10.812,0,1087.5
2705,0.2,-18.61,10.816,0.1,1088.5
2706,0.2,-18.62,10.82,0.1,1089
2707,0.2,-18.63,10.824,0.1,1089.5
2708,0.2,-18.63,10.828,0.1,1089.5
2709,0,-18.64,10.832,0,1090
2710,0,-18.65,10.836,0,1090.5
2711,0,-18.65,10.84,0,1090.5
2712,0.2,-18.66,10.844,0.1,1091
2713,0.2,-18.67,10.848,0.1,1092
2714,0.2,-18.67,10.852,0.1,1092
2715,0.2,-18.68,10.856,0.1,1092.5
2716,0.2,-18.69,10.86,0.1,1093
2717,0.2,-18.7,10.864,0.1,1093.5
2718,0.4,-18.7,10.868,0.2,1093.5
2719,0.2,-18.71,10.872,0.1,1094
2720,0.2,-18.72,10.876,0.1,1094.5
2721,0.2,-18.72,10.88,0.1,1094.5
2722,0,-18.73,10.884,0,1095.5
2723,-0.2,-18.74,10.888,-0.1,1096
2724,0.2,-18.74,10.892,0.1,1096
2725,0.2,-18.75,10.896,0.1,1096.5
2726,0.2,-18.76,10.9,0.1,1097
2727,0.2,-18.77,10.904,0.1,1097.5
2728,0.2,-18.77,10.908,0.1,1097.5
2729,0.4,-18.78,10.912,0.2,1098
2730,0.4,-18.79,10.916,0.2,1099
2731,0.4,-18.79,10.92,0.2,1099
2732,0,-18.8,10.924,0,1099.5
2733,0,-18.81,10.928,0,1100
2734,0.2,-18.81,10.932,0.1,1100
2735,0.2,-18.82,10.936,0.1,1100.5
2736,0.2,-18.83,10.94,0.1,1101
2737,0.2,-18.83,10.944,0.1,1101
2738,0.2,-18.84,10.948,0.1,1102
2739,0.2,-18.85,10.952,0.1,1102.5
2740,0.4,-18.86,10.956,0.2,1103
2741,0.2,-18.86,10.96,0.1,1103
2742,0.2,-18.87,10.964,0.1,1103.5
2743,0.2,-18.88,10.968,0.1,1104
2744,0.2,-18.89,10.972,0.1,1104.5
2745,0.2,-18.89,10.976,0.1,1104.5
2746,0,-18.9,10.98,0,1105.5
2747,0.2,-18.9,10.984,0.1,1105.5
2748,0,-18.91,10.988,0,1106
2749,0.2,-18.92,10.992,0.1,1106.5
2750,0.2,-18.93,10.996,0.1,1107
2751,0.4,-18.93,11,0.2,1107
2752,0.2,-18.94,11.004,0.1,1107.5
2753,0.2,-18.95,11.008,0.1,1108
2754,-0.2,-18.96,11.012,-0.1,1109
2755,-0.2,-18.96,11.016,-0.1,1109
2756,0.2,-18.97,11.02,0.1,1109.5
2757,0,-18.97,11.024,0,1109.5
2758,0.2,-18.98,11.028,0.1,1110
2759,0.2,-18.99,11.032,0.1,1110.5
2760,0.2,-19,11.036,0.1,1111
2761,0.6,-19,11.04,0.3,1111
2762,0.2,-19.01,11.044,0.1,1111.5
2763,0.2,-19.02,11.048,0.1,1112.5
2764,0.2,-19.02,11.052,0.1,1112.5
2765,0.2,-19.03,11.056,0.1,1113
2766,0.2,-19.04,11.06,0.1,1113.5
2767,0.4,-19.05,11.064,0.2,1114
2768,0.2,-19.05,11.068,0.1,1114
2769,0.2,-19.06,11.072,0.1,1114.5
2770,0,-19.07,11.076,0,1115
2771,0.6,-19.08,11.08,0.3,1116
2772,0.4,-19.08,11.084,0.2,1116
2773,0.2,-19.09,11.088,0.1,1116.5
2774,0.2,-19.09,11.092,0.1,1116.5
2775,0,-19.1,11.096,0,1117
2776,0.6,-19.11,11.1,0.3,1117.5
2777,0.2,-19.12,11.104,0.1,1118
2778,0.4,-19.12,11.108,0.2,1118
2779,0.2,-19.13,11.112,0.1,1118.5
2780,0.2,-19.14,11.116,0.1,1119.5
2781,0.2,-19.15,11.12,0.1,1120
2782,0.2,-19.15,11.124,0.1,1120
2783,0.2,-19.16,11.128,0.1,1120.5
2784,0.2,-19.17,11.132,0.1,1121
2785,0.2,-19.17,11.136,0.1,1121
2786,0,-19.18,11.14,0,1121.5
2787,0.2,-19.19,11.144,0.1,1122
2788,0,-19.19,11.148,0,1122
2789,0.2,-19.2,11.152,0.1,1123
2790,0.4,-19.21,11.156,0.2,1123.5
2791,0.2,-19.22,11.16,0.1,1124
2792,0.2,-19.22,11.164,0.1,1124
2793,0,-19.23,11.168,0,1124.5
2794,0.2,-19.24,11.172,0.1,1125
2795,0.2,-19.24,11.176,0.1,1125
2796,0.2,-19.25,11.18,0.1,1125.5
2797,0.2,-19.26,11.184,0.1,1126.5
2798,0.2,-19.27,11.188,0.1,1127
2799,0.2,-19.27,11.192,0.1,1127
2800,0.2,-19.28,11.196,0.1,1127.5
2801,0.2,-19.28,11.2,0.1,1127.5
2802,0,-19.29,11.204,0,1128
2803,0,-19.3,11.208,0,1128.5
2804,-0.2,-19.31,11.212,-0.1,1129
2805,0,-19.31,11.216,0,1129
2806,0.2,-19.32,11.22,0.1,1130
2807,0.2,-19.33,11.224,0.1,1130.5
2808,0.2,-19.34,11.228,0.1,1131
2809,0.2,-19.34,11.232,0.1,1131
2810,0.2,-19.35,11.236,0.1,1131.5
2811,0.2,-19.36,11.24,0.1,1132
2812,0.2,-19.36,11.244,0.1,1132
2813,0.2,-19.37,11.248,0.1,1132.5
2814,0.2,-19.37,11.252,0.1,1132.5
2815,0.2,-19.38,11.256,0.1,1133.5
2816,0,-19.38,11.26,0,1133.5
2817,0,-19.39,11.264,0,1134
2818,0.2,-19.4,11.268,0.1,1134.5
2819,0,-19.4,11.272,0,1134.5
2820,0.2,-19.41,11.276,0.1,1135
2821,0.2,-19.42,11.28,0.1,1135.5
2822,0.2,-19.42,11.284,0.1,1135.5
2823,0,-19.43,11.288,0,1136.5
2824,0.2,-19.44,11.292,0.1,1137
2825,0.2,-19.45,11.296,0.1,1137.5
2826,0.2,-19.45,11.3,0.1,1137.5
2827,-0.2,-19.46,11.304,-0.1,1138
2828,-0.2,-19.47,11.308,-0.1,1138.5
2829,0.2,-19.47,11.312,0.1,1138.5
2830,0,-19.48,11.316,0,1139
2831,0.2,-19.49,11.32,0.1,1140
2832,0.2,-19.49,11.324,0.1,1140
2833,0.2,-19.5,11.328,0.1,1140.5
2834,0.2,-19.51,11.332,0.1,1141
2835,0.2,-19.52,11.336,0.1,1141.5
2836,0.2,-19.52,11.34,0.1,1141.5
2837,0.4,-19.53,11.344,0.2,1142
2838,0.4,-19.54,11.348,0.2,1142.5
2839,0.2,-19.54,11.352,0.1,1142.5
2840,0.2,-19.55,11.356,0.1,1143.5
2841,0.2,-19.56,11.36,0.1,1144
2842,0.2,-19.57,11.364,0.1,1144.5
2843,0.2,-19.57,11.368,0.1,1144.5
2844,0.2,-19.58,11.372,0.1,1145
2845,0.2,-19.59,11.376,0.1,1145.5
2846,-0.2,-19.59,11.38,-0.1,1145.5
2847,0.2,-19.6,11.384,0.1,1146
2848,-0.2,-19.61,11.388,-0.1,1147
2849,0.2,-19.61,11.392,0.1,1147
2850,0.2,-19.62,11.396,0.1,1147.5
2851,0.2,-19.63,11.4,0.1,1148
2852,0.2,-19.64,11.404,0.1,1148.5
2853,-0.2,-19.64,11.408,-0.1,1148.5
2854,0.2,-19.65,11.412,0.1,1149
2855,0.2,-19.66,11.416,0.1,1149.5
2856,0.2,-19.66,11.42,0.1,1149.5
2857,0,-19.67,11.424,0,1150.5
2858,0,-19.68,11.428,0,1151
2859,0.2,-19.68,11.432,0.1,1151
2860,0.2,-19.69,11.436,0.1,1151.5
2861,0.2,-19.7,11.44,0.1,1152
2862,0.2,-19.71,11.444,0.1,1152.5
2863,0.2,-19.71,11.448,0.1,1152.5
2864,0.2,-19.72,11.452,0.1,1153
2865,0.2,-19.73,11.456,0.1,1154
2866,0.2,-19.73,11.46,0.1,1154
2867,0.2,-19.74,11.464,0.1,1154.5
2868,0.2,-19.75,11.468,0.1,1155
2869,0.2,-19.76,11.472,0.1,1155.5
2870,0.2,-19.76,11.476,0.1,1155.5
2871,0.2,-19.77,11.48,0.1,1156
2872,0,-19.78,11.484,0,1156.5
2873,0.2,-19.78,11.488,0.1,1156.5
2874,0.6,-19.79,11.492,0.3,1157.5
2875,0.4,-19.8,11.496,0.2,1158
2876,0.2,-19.8,11.5,0.1,1158
2877,0.2,-19.81,11.504,0.1,1158.5
2878,0,-19.82,11.508,0,1159
2879,0.2,-19.83,11.512,0.1,1159.5
2880,-0.2,-19.83,11.516,-0.1,1159.5
2881,0.2,-19.84,11.52,0.1,1160
2882,0.2,-19.85,11.524,0.1,1161
2883,0.2,-19.85,11.528,0.1,1161
2884,0.2,-19.86,11.532,0.1,1161.5
2885,0.2,-19.87,11.536,0.1,1162
2886,0,-19.87,11.54,0,1162
2887,0.2,-19.88,11.544,0.1,1162.5
2888,0.2,-19.89,11.548,0.1,1163
2889,0.2,-19.9,11.552,0.1,1163.5
2890,0.2,-19.9,11.556,0.1,1163.5
2891,0.2,-19.91,11.56,0.1,1164.5
2892,-0.2,-19.92,11.564,-0.1,1165
2893,0.2,-19.92,11.568,0.1,1165
2894,0.2,-19.93,11.572,0.1,1165.5
2895,0,-19.94,11.576,0,1166
2896,0.2,-19.95,11.58,0.1,1166.5
2897,0.4,-19.95,11.584,0.2,1166.5
2898,0.2,-19.96,11.588,0.1,1167.5
2899,0.2,-19.97,11.592,0.1,1168
2900,0.2,-19.97,11.596,0.1,1168
2901,0.4,-19.98,11.6,0.2,1168.5
2902,0.2,-19.99,11.604,0.1,1169
2903,0.4,-19.99,11.608,0.2,1169
2904,0.2,-20,11.612,0.1,1169.5
2905,0.2,-20.01,11.616,0.1,1170
2906,0.2,-20.02,11.62,0.1,1171
2907,0,-20.02,11.624,0,1171
2908,0.2,-20.03,11.628,0.1,1171.5
2909,0,-20.04,11.632,0,1172
2910,0.2,-20.04,11.636,0.1,1172
2911,0,-20.05,11.64,0,1172.5
2912,0.2,-20.06,11.644,0.1,1173
2913,0.2,-20.06,11.648,0.1,1173
2914,0.2,-20.07,11.652,0.1,1173.5
2915,0.2,-20.08,11.656,0.1,1174.5
2916,0.2,-20.09,11.66,0.1,1175
2917,0.2,-20.09,11.664,0.1,1175
2918,0.2,-20.1,11.668,0.1,1175.5
2919,0.2,-20.11,11.672,0.1,1176
2920,0.2,-20.11,11.676,0.1,1176
2921,0.2,-20.12,11.68,0.1,1176.5
2922,0.2,-20.13,11.684,0.1,1177
2923,0.2,-20.14,11.688,0.1,1178
2924,0.2,-20.14,11.692,0.1,1178
2925,0.2,-20.15,11.696,0.1,1178.5
2926,0.2,-20.16,11.7,0.1,1179
2927,0.6,-20.16,11.704,0.3,1179
2928,0.4,-20.17,11.708,0.2,1179.5
2929,0.4,-20.18,11.712,0.2,1180
2930,0.4,-20.18,11.716,0.2,1180
2931,0.2,-20.19,11.72,0.1,1180.5
2932,0.2,-20.2,11.724,0.1,1181.5
2933,0.4,-20.21,11.728,0.2,1182
2934,0,-20.21,11.732,0,1182
2935,0.2,-20.22,11.736,0.1,1182.5
2936,0.2,-20.23,11.74,0.1,1183
2937,0.4,-20.23,11.744,0.2,1183
2938,0.2,-20.24,11.748,0.1,1183.5
2939,0.2,-20.25,11.752,0.1,1184
2940,0.2,-20.25,11.756,0.1,1184
2941,0.2,-20.26,11.76,0.1,1185
2942,0.2,-20.27,11.764,0.1,1185.5
2943,0.2,-20.28,11.768,0.1,1186
2944,0.4,-20.28,11.772,0.2,1186
2945,0.2,-20.29,11.776,0.1,1186.5
2946,0.2,-20.3,11.78,0.1,1187
2947,0,-20.3,11.784,0,1187
2948,0.2,-20.31,11.788,0.1,1187.5
2949,0.4,-20.32,11.792,0.2,1188.5
2950,0.2,-20.33,11.796,0.1,1189
2951,-0.2,-20.33,11.8,-0.1,1189
2952,-0.2,-20.34,11.804,-0.1,1189.5
2953,0.4,-20.35,11.808,0.2,1190
2954,0.4,-20.35,11.812,0.2,1190
2955,0.4,-20.36,11.816,0.2,1190.5
2956,0.2,-20.37,11.82,0.1,1191
2957,0.2,-20.37,11.824,0.1,1191
2958,0.2,-20.38,11.828,0.1,1192
2959,-0.2,-20.39,11.832,-0.1,1192.5
2960,0.2,-20.4,11.836,0.1,1193
2961,0.2,-20.4,11.84,0.1,1193
2962,-0.2,-20.41,11.844,-0.1,1193.5
2963,0.2,-20.42,11.848,0.1,1194
2964,0.2,-20.42,11.852,0.1,1194
2965,0.2,-20.43,11.856,0.1,1194.5
2966,0.2,-20.44,11.86,0.1,1195.5
2967,0.2,-20.44,11.864,0.1,1195.5
2968,0.4,-20.45,11.868,0.2,1196
2969,0.2,-20.46,11.872,0.1,1196.5
2970,0.2,-20.47,11.876,0.1,1197
2971,0.4,-20.47,11.88,0.2,1197
2972,0.4,-20.48,11.884,0.2,1197.5
2973,0.2,-20.49,11.888,0.1,1198
2974,0,-20.49,11.892,0,1198
2975,0.2,-20.5,11.896,0.1,1199
2976,0.2,-20.51,11.9,0.1,1199.5
2977,0.2,-20.52,11.904,0.1,1200
2978,0.2,-20.52,11.908,0.1,1200
2979,0.2,-20.53,11.912,0.1,1200.5
2980,0.4,-20.54,11.916,0.2,1201
2981,0.2,-20.54,11.92,0.1,1201
2982,0.2,-20.55,11.924,0.1,1202
2983,0.2,-20.56,11.928,0.1,1202.5
2984,0.2,-20.56,11.932,0.1,1202.5
2985,0.4,-20.57,11.936,0.2,1203
2986,0,-20.58,11.94,0,1203.5
2987,0,-20.59,11.944,0,1204
2988,0.2,-20.59,11.948,0.1,1204
2989,0.2,-20.6,11.952,0.1,1204.5
2990,0.2,-20.61,11.956,0.1,1205.5
2991,0.2,-20.61,11.96,0.1,1205.5
2992,0.2,-20.62,11.964,0.1,1206
2993,0.2,-20.63,11.968,0.1,1206.5
2994,0.2,-20.63,11.972,0.1,1206.5
2995,0.2,-20.64,11.976,0.1,1207
2996,0,-20.65,11.98,0,1207.5
2997,0.2,-20.66,11.984,0.1,1208
2998,0.4,-20.66,11.988,0.2,1208
2999,0.2,-20.67,11.992,0.1,1209
3000,0.2,-20.68,11.996,0.1,1209.5
3001,0.2,-20.68,12,0.1,1209.5
3002,0.2,-20.69,12.004,0.1,1210
3003,0.2,-20.7,12.008,0.1,1210.5
3004,0.4,-20.7,12.012,0.2,1210.5
3005,0.2,-20.71,12.016,0.1,1211
3006,0.2,-20.72,12.02,0.1,1211.5
3007,0.2,-20.73,12.024,0.1,1212.5
3008,0.4,-20.73,12.028,0.2,1212.5
3009,0.2,-20.74,12.032,0.1,1213
3010,0.2,-20.75,12.036,0.1,1213.5
3011,0,-20.75,12.04,0,1213.5
3012,0,-20.76,12.044,0,1214
3013,0.2,-20.77,12.048,0.1,1214.5
3014,0,-20.78,12.052,0,1215
3015,0.2,-20.78,12.056,0.1,1215
3016,0.2,-20.79,12.06,0.1,1216
3017,0.2,-20.8,12.064,0.1,1216.5
3018,0.2,-20.8,12.068,0.1,1216.5
3019,0.2,-20.81,12.072,0.1,1217
3020,0.2,-20.82,12.076,0.1,1217.5
3021,0.2,-20.82,12.08,0.1,1217.5
3022,0.2,-20.83,12.084,0.1,1218
3023,0.2,-20.84,12.088,0.1,1218.5
3024,0.2,-20.85,12.092,0.1,1219.5
3025,0.6,-20.85,12.096,0.3,1219.5
3026,0.2,-20.86,12.1,0.1,1220
3027,0,-20.86,12.104,0,1220
3028,0,-20.87,12.108,0,1220.5
3029,0.2,-20.88,12.112,0.1,1221
3030,0,-20.89,12.116,0,1221.5
3031,0.2,-20.89,12.12,0.1,1221.5
3032,0.2,-20.9,12.124,0.1,1222
3033,0.2,-20.91,12.128,0.1,1223
3034,0,-20.91,12.132,0,1223
3035,0.2,-20.92,12.136,0.1,1223.5
3036,0.2,-20.93,12.14,0.1,1224
3037,0.2,-20.94,12.144,0.1,1224.5
3038,0.2,-20.94,12.148,0.1,1224.5
3039,0.2,-20.95,12.152,0.1,1225
3040,-0.4,-20.96,12.156,-0.2,1225.5
3041,0,-20.96,12.16,0,1225.5
3042,0.2,-20.97,12.164,0.1,1226.5
3043,0.2,-20.98,12.168,0.1,1227
3044,0.2,-20.98,12.172,0.1,1227
3045,0.2,-20.99,12.176,0.1,1227.5
3046,0.2,-21,12.18,0.1,1228
3047,0.2,-21.01,12.184,0.1,1228.5
3048,0.2,-21.01,12.188,0.1,1228.5
3049,0.2,-21.02,12.192,0.1,1229
3050,0.2,-21.03,12.196,0.1,1230
3051,0.2,-21.03,12.2,0.1,1230
3052,0.2,-21.04,12.204,0.1,1230.5
3053,0.2,-21.05,12.208,0.1,1231
3054,0.2,-21.05,12.212,0.1,1231
3055,0.2,-21.06,12.216,0.1,1231.5
3056,0,-21.07,12.22,0,1232
3057,0,-21.08,12.224,0,1232.5
3058,0.2,-21.08,12.228,0.1,1232.5
3059,0.2,-21.09,12.232,0.1,1233.5
3060,0.4,-21.1,12.236,0.2,1234
3061,0.2,-21.1,12.24,0.1,1234
3062,0.2,-21.11,12.244,0.1,1234.5
3063,0.2,-21.12,12.248,0.1,1235
3064,0,-21.12,12.252,0,1235
3065,0.6,-21.13,12.256,0.3,1235.5
3066,0,-21.14,12.26,0,1236.5
3067,0.4,-21.15,12.264,0.2,1237
3068,0.2,-21.15,12.268,0.1,1237
3069,0.2,-21.16,12.272,0.1,1237.5
3070,0.2,-21.17,12.276,0.1,1238
3071,0.2,-21.17,12.28,0.1,1238
3072,0,-21.18,12.284,0,1238.5
3073,0.2,-21.19,12.288,0.1,1239
3074,0.2,-21.19,12.292,0.1,1239
3075,0.2,-21.2,12.296,0.1,1240
3076,0.4,-21.21,12.3,0.2,1240.5
3077,0.6,-21.22,12.304,0.3,1241
3078,0.4,-21.22,12.308,0.2,1241
3079,0.6,-21.23,12.312,0.3,1241.5
3080,0.8,-21.24,12.316,0.35,1242
3081,0.6,-21.24,12.32,0.3,1242
3082,0.6,-21.25,12.324,0.3,1242.5
3083,1,-21.26,12.328,0.45,1243.5
3084,0.8,-21.27,12.332,0.35,1244
3085,1,-21.27,12.336,0.45,1244
3086,1,-21.28,12.34,0.45,1244.5
3087,1.4,-21.28,12.344,0.65,1244.5
3088,1.2,-21.29,12.348,0.55,1245
3089,1.8,-21.3,12.352,0.85,1245.5
3090,1.6,-21.31,12.356,0.75,1246
3091,1.4,-21.31,12.36,0.65,1246
3092,1.4,-21.32,12.364,0.65,1247
3093,1.4,-21.33,12.368,0.65,1247.5
3094,1.4,-21.33,12.372,0.65,1247.5
3095,1.4,-21.34,12.376,0.65,1248
3096,1.6,-21.35,12.38,0.75,1248.5
3097,1.6,-21.35,12.384,0.75,1248.5
3098,1.6,-21.36,12.388,0.75,1249
3099,2.2,-21.37,12.392,1.05,1249.5
3100,2.2,-21.38,12.396,1.05,1250.5
3101,2.6,-21.38,12.4,1.2,1250.5
3102,2.6,-21.39,12.404,1.2,1251
3103,2.4,-21.4,12.408,1.1,1251.5
3104,2.8,-21.4,12.412,1.3,1251.5
3105,3.6,-21.41,12.416,1.7,1252
3106,3.6,-21.42,12.42,1.7,1252.5
3107,3.6,-21.42,12.424,1.7,1252.5
3108,3.8,-21.43,12.428,1.8,1253
3109,4.2,-21.44,12.432,1.95,1254
3110,4.4,-21.45,12.436,2.05,1254.5
3111,4.6,-21.45,12.44,2.15,1254.5
3112,4.4,-21.46,12.444,2.05,1255
3113,4.8,-21.46,12.448,2.25,1255
3114,4.8,-21.47,12.452,2.25,1255.5
3115,5.2,-21.48,12.456,2.45,1256
3116,4.8,-21.49,12.46,2.25,1256.5
3117,5,-21.49,12.464,2.35,1256.5
3118,5,-21.5,12.468,2.35,1257.5
3119,5,-21.51,12.472,2.35,1258
3120,4.6,-21.51,12.476,2.15,1258
3121,4.6,-21.52,12.48,2.15,1258.5
3122,4.8,-21.53,12.484,2.25,1259
3123,4.8,-21.53,12.488,2.25,1259
3124,5,-21.54,12.492,2.35,1259.5
3125,5.4,-21.55,12.496,2.55,1260
3126,5.8,-21.56,12.5,2.7,1261
3127,5.8,-21.56,12.504,2.7,1261
3128,6.4,-21.57,12.508,3,1261.5
3129,7,-21.57,12.512,3.25,1261.5
3130,7.8,-21.58,12.516,3.65,1262
3131,8,-21.59,12.52,3.75,1262.5
3132,8.6,-21.6,12.524,4,1263
3133,9,-21.6,12.528,4.2,1263
3134,9.4,-21.61,12.532,4.4,1263.5
3135,9.4,-21.61,12.536,4.4,1263.5
3136,10,-21.62,12.54,4.7,1264.5
3137,10.2,-21.63,12.544,4.75,1265
3138,10.6,-21.63,12.548,4.95,1265
3139,10.6,-21.64,12.552,4.95,1265.5
3140,10.8,-21.65,12.556,5.05,1266
3141,10.8,-21.65,12.56,5.05,1266
3142,11.4,-21.66,12.564,5.35,1266.5
3143,11.6,-21.67,12.568,5.45,1267.5
3144,11.6,-21.67,12.572,5.45,1267.5
3145,11.4,-21.68,12.576,5.35,1268
3146,11,-21.68,12.58,5.15,1268
3147,10.8,-21.68,12.584,5.05,1268
3148,10.2,-21.68,12.588,4.75,1268
3149,10,-21.68,12.592,4.7,1268
3150,10,-21.68,12.596,4.7,1268
3151,9.8,-21.68,12.6,4.6,1268
3152,9.8,-21.68,12.604,4.6,1268
3153,9.6,-21.68,12.608,4.5,1268
3154,9.6,-21.68,12.612,4.5,1268
3155,9.6,-21.68,12.616,4.5,1268
3156,9.4,-21.68,12.62,4.4,1268
3157,9.4,-21.68,12.624,4.4,1268
3158,9.4,-21.68,12.628,4.4,1268
3159,9.4,-21.68,12.632,4.4,1268
3160,9.4,-21.68,12.636,4.4,1268
3161,9.4,-21.68,12.64,4.4,1268
3162,9.2,-21.68,12.644,4.3,1268
3163,9.2,-21.68,12.648,4.3,1268
3164,9.2,-21.68,12.652,4.3,1268
3165,9.2,-21.68,12.656,4.3,1268
3166,11.8,-21.67,12.66,4.2,1268
