sep=	
pf06mt02

System Information:
IntelliMESUR Version: 2.2.1
Test Frame Model: F505
Test Frame Serial Number: 4418651
Test Frame Capacity: 500 lbF / 2.2 kN
Test Frame Firmware Version: 1.00.14
Force Sensor Model: FS05-100
Force Sensor Capacity: 500 N
Force Sensor Resolution: 0.2 N
Force Sensor Serial Number: 4425350
Calibration Date: Apr 29, 2024
Calibration Due Date: Apr 29, 2025

Reading	Load [N]	Distance [mm]	Time [s]	Stress [MPa]	Strain [%]	
1	0.2	0.00	0.000	0.04	0.0
2	0.2	0.00	0.004	0.04	0.0
3	0.0	0.00	0.008	0.00	0.0
4	0.0	0.00	0.012	0.00	0.0
5	0.0	0.00	0.016	0.00	0.0
6	0.2	0.00	0.020	0.04	0.0
7	0.0	0.00	0.024	0.00	0.0
8	0.0	0.00	0.028	0.00	0.0
9	0.0	0.00	0.032	0.00	0.0
10	0.0	0.00	0.036	0.00	0.0
11	0.0	0.00	0.040	0.00	0.0
12	0.0	0.00	0.044	0.00	0.0
13	0.0	0.00	0.048	0.00	0.0
14	0.0	0.00	0.052	0.00	0.0
15	0.0	0.00	0.056	0.00	0.0
16	0.2	0.00	0.060	0.04	0.0
17	0.0	0.00	0.064	0.00	0.0
18	0.0	0.00	0.068	0.00	0.0
19	-0.2	0.00	0.072	-0.04	0.0
20	0.0	0.00	0.076	0.00	0.0
21	0.2	0.00	0.080	0.04	0.0
22	0.0	0.00	0.084	0.00	0.0
23	0.0	0.00	0.088	0.00	0.0
24	-0.2	0.00	0.092	-0.04	0.0
25	0.0	0.00	0.096	0.00	0.0
26	0.0	0.00	0.100	0.00	0.0
27	-0.2	0.00	0.104	-0.04	0.0
28	0.0	0.00	0.108	0.00	0.0
29	0.0	0.00	0.112	0.00	0.0
30	0.0	0.00	0.116	0.00	0.0
31	0.0	0.00	0.120	0.00	0.0
32	0.0	0.00	0.124	0.00	0.0
33	0.0	0.00	0.128	0.00	0.0
34	0.0	0.00	0.132	0.00	0.0
35	0.0	0.00	0.136	0.00	0.0
36	0.2	0.00	0.140	0.04	0.0
37	0.0	0.00	0.144	0.00	0.0
38	0.0	0.00	0.148	0.00	0.0
39	-0.2	0.00	0.152	-0.04	0.0
40	-0.2	0.00	0.156	-0.04	0.0
41	-0.2	0.00	0.160	-0.04	0.0
42	0.0	0.00	0.164	0.00	0.0
43	0.0	0.00	0.168	0.00	0.0
44	-0.2	0.00	0.172	-0.04	0.0
45	-0.2	0.00	0.176	-0.04	0.0
46	0.0	0.00	0.180	0.00	0.0
47	0.0	0.00	0.184	0.00	0.0
48	0.0	0.00	0.188	0.00	0.0
49	0.0	-0.01	0.192	0.00	0.4
50	-0.2	-0.02	0.196	-0.04	0.6
51	0.0	-0.02	0.200	0.00	0.6
52	-0.2	-0.03	0.204	-0.04	1.0
53	0.0	-0.05	0.208	0.00	1.6
54	-0.4	-0.05	0.212	-0.08	1.6
55	0.0	-0.05	0.216	0.00	1.6
56	0.0	-0.06	0.220	0.00	1.8
57	0.0	-0.07	0.224	0.00	2.2
58	0.0	-0.07	0.228	0.00	2.2
59	0.0	-0.08	0.232	0.00	2.4
60	0.0	-0.09	0.236	0.00	2.8
61	0.2	-0.09	0.240	0.04	2.8
62	0.0	-0.10	0.244	0.00	3.0
63	0.2	-0.11	0.248	0.04	3.4
64	0.0	-0.12	0.252	0.00	3.8
65	0.0	-0.12	0.256	0.00	3.8
66	-0.2	-0.13	0.260	-0.04	4.0
67	0.0	-0.14	0.264	0.00	4.4
68	-0.2	-0.14	0.268	-0.04	4.4
69	0.0	-0.15	0.272	0.00	4.6
70	0.0	-0.16	0.276	0.00	5.0
71	0.0	-0.16	0.280	0.00	5.0
72	-0.2	-0.17	0.284	-0.04	5.2
73	0.2	-0.18	0.288	0.04	5.6
74	0.0	-0.19	0.292	0.00	5.8
75	0.0	-0.19	0.296	0.00	5.8
76	0.0	-0.20	0.300	0.00	6.2
77	0.0	-0.21	0.304	0.00	6.6
78	0.0	-0.21	0.308	0.00	6.6
79	0.0	-0.22	0.312	0.00	6.8
80	0.0	-0.23	0.316	0.00	7.2
81	0.0	-0.23	0.320	0.00	7.2
82	0.2	-0.24	0.324	0.04	7.4
83	0.0	-0.25	0.328	0.00	7.8
84	0.0	-0.25	0.332	0.00	7.8
85	0.2	-0.26	0.336	0.04	8.0
86	0.0	-0.27	0.340	0.00	8.4
87	0.2	-0.28	0.344	0.04	8.6
88	0.0	-0.28	0.348	0.00	8.6
89	-0.4	-0.30	0.352	-0.08	9.2
90	0.0	-0.30	0.356	0.00	9.2
91	0.0	-0.30	0.360	0.00	9.2
92	-0.2	-0.31	0.364	-0.04	9.6
93	0.0	-0.32	0.368	0.00	10.0
94	0.0	-0.32	0.372	0.00	10.0
95	-0.2	-0.33	0.376	-0.04	10.2
96	0.0	-0.34	0.380	0.00	10.6
97	0.0	-0.35	0.384	0.00	10.8
98	0.0	-0.35	0.388	0.00	10.8
99	-0.2	-0.37	0.392	-0.04	11.4
100	0.0	-0.37	0.396	0.00	11.4
101	0.0	-0.37	0.400	0.00	11.4
102	-0.2	-0.38	0.404	-0.04	11.8
103	0.0	-0.39	0.408	0.00	12.0
104	-0.2	-0.39	0.412	-0.04	12.0
105	-0.2	-0.40	0.416	-0.04	12.4
106	0.0	-0.41	0.420	0.00	12.6
107	0.0	-0.42	0.424	0.00	13.0
108	0.0	-0.42	0.428	0.00	13.0
109	0.0	-0.44	0.432	0.00	13.6
110	-0.2	-0.44	0.436	-0.04	13.6
111	0.0	-0.44	0.440	0.00	13.6
112	-0.2	-0.45	0.444	-0.04	14.0
113	0.0	-0.46	0.448	0.00	14.2
114	0.2	-0.46	0.452	0.04	14.2
115	0.0	-0.47	0.456	0.00	14.6
116	0.0	-0.48	0.460	0.00	14.8
117	0.0	-0.49	0.464	0.00	15.2
118	0.0	-0.49	0.468	0.00	15.2
119	0.0	-0.50	0.472	0.00	15.4
120	0.2	-0.51	0.476	0.04	15.8
121	0.0	-0.51	0.480	0.00	15.8
122	0.0	-0.52	0.484	0.00	16.0
123	-0.4	-0.53	0.488	-0.08	16.4
124	0.0	-0.53	0.492	0.00	16.4
125	0.0	-0.54	0.496	0.00	16.8
126	0.0	-0.55	0.500	0.00	17.0
127	-0.2	-0.55	0.504	-0.04	17.0
128	-0.2	-0.57	0.508	-0.04	17.6
129	0.0	-0.57	0.512	0.00	17.6
130	-0.2	-0.58	0.516	-0.04	18.0
131	0.0	-0.58	0.520	0.00	18.0
132	0.0	-0.59	0.524	0.00	18.2
133	0.0	-0.60	0.528	0.00	18.6
134	-0.4	-0.60	0.532	-0.08	18.6
135	0.0	-0.62	0.536	0.00	19.2
136	0.0	-0.62	0.540	0.00	19.2
137	0.0	-0.62	0.544	0.00	19.2
138	-0.2	-0.63	0.548	-0.04	19.6
139	0.2	-0.64	0.552	0.04	19.8
140	0.2	-0.65	0.556	0.04	20.2
141	0.0	-0.65	0.560	0.00	20.2
142	0.2	-0.66	0.564	0.04	20.4
143	0.0	-0.67	0.568	0.00	20.8
144	-0.2	-0.67	0.572	-0.04	20.8
145	0.0	-0.69	0.576	0.00	21.4
146	0.0	-0.69	0.580	0.00	21.4
147	0.0	-0.69	0.584	0.00	21.4
148	0.0	-0.70	0.588	0.00	21.6
149	0.0	-0.71	0.592	0.00	22.0
150	0.0	-0.72	0.596	0.00	22.2
151	0.0	-0.72	0.600	0.00	22.2
152	0.0	-0.73	0.604	0.00	22.6
153	0.2	-0.74	0.608	0.04	23.0
154	0.0	-0.74	0.612	0.00	23.0
155	0.2	-0.75	0.616	0.04	23.2
156	0.0	-0.76	0.620	0.00	23.6
157	0.0	-0.77	0.624	0.00	23.8
158	-0.2	-0.78	0.628	-0.04	24.2
159	0.0	-0.79	0.632	0.00	24.4
160	0.0	-0.80	0.636	0.00	24.8
161	0.2	-0.80	0.640	0.04	24.8
162	0.2	-0.81	0.644	0.04	25.0
163	0.0	-0.82	0.648	0.00	25.4
164	0.0	-0.82	0.652	0.00	25.4
165	-0.4	-0.83	0.656	-0.08	25.6
166	0.0	-0.84	0.660	0.00	26.0
167	0.0	-0.84	0.664	0.00	26.0
168	0.0	-0.85	0.668	0.00	26.4
169	0.0	-0.86	0.672	0.00	26.6
170	0.0	-0.86	0.676	0.00	26.6
171	0.0	-0.87	0.680	0.00	27.0
172	0.0	-0.89	0.684	0.00	27.6
173	0.2	-0.89	0.688	0.04	27.6
174	0.2	-0.89	0.692	0.04	27.6
175	-0.2	-0.90	0.696	-0.04	27.8
176	0.0	-0.91	0.700	0.00	28.2
177	0.0	-0.91	0.704	0.00	28.2
178	0.0	-0.92	0.708	0.00	28.4
179	0.0	-0.93	0.712	0.00	28.8
180	0.2	-0.93	0.716	0.04	28.8
181	0.2	-0.94	0.720	0.04	29.2
182	0.0	-0.96	0.724	0.00	29.8
183	0.0	-0.96	0.728	0.00	29.8
184	-0.2	-0.96	0.732	-0.04	29.8
185	0.2	-0.97	0.736	0.04	30.0
186	0.0	-0.98	0.740	0.00	30.4
187	0.2	-0.98	0.744	0.04	30.4
188	0.0	-0.99	0.748	0.00	30.6
189	0.0	-1.00	0.752	0.00	31.0
190	0.0	-1.00	0.756	0.00	31.0
191	0.0	-1.01	0.760	0.00	31.2
192	0.0	-1.03	0.764	0.00	31.8
193	0.2	-1.03	0.768	0.04	31.8
194	0.2	-1.03	0.772	0.04	31.8
195	0.0	-1.04	0.776	0.00	32.2
196	-0.4	-1.05	0.780	-0.08	32.6
197	0.0	-1.05	0.784	0.00	32.6
198	0.2	-1.06	0.788	0.04	32.8
199	0.0	-1.07	0.792	0.00	33.2
200	0.0	-1.07	0.796	0.00	33.2
201	0.2	-1.08	0.800	0.04	33.4
202	0.4	-1.09	0.804	0.08	33.8
203	0.0	-1.10	0.808	0.00	34.0
204	-0.2	-1.10	0.812	-0.04	34.0
205	0.0	-1.11	0.816	0.00	34.4
206	-0.2	-1.12	0.820	-0.04	34.6
207	0.0	-1.12	0.824	0.00	34.6
208	0.2	-1.13	0.828	0.04	35.0
209	0.2	-1.14	0.832	0.04	35.2
210	0.0	-1.14	0.836	0.00	35.2
211	0.0	-1.15	0.840	0.00	35.6
212	0.0	-1.16	0.844	0.00	36.0
213	0.0	-1.16	0.848	0.00	36.0
214	0.0	-1.17	0.852	0.00	36.2
215	0.0	-1.18	0.856	0.00	36.6
216	0.0	-1.19	0.860	0.00	36.8
217	0.0	-1.19	0.864	0.00	36.8
218	0.2	-1.20	0.868	0.04	37.2
219	0.0	-1.21	0.872	0.00	37.4
220	0.0	-1.21	0.876	0.00	37.4
221	-0.2	-1.22	0.880	-0.04	37.8
222	-0.2	-1.23	0.884	-0.04	38.0
223	0.0	-1.23	0.888	0.00	38.0
224	0.0	-1.24	0.892	0.00	38.4
225	0.0	-1.25	0.896	0.00	38.6
226	0.2	-1.26	0.900	0.04	39.0
227	0.0	-1.26	0.904	0.00	39.0
228	0.0	-1.28	0.908	0.00	39.6
229	0.0	-1.28	0.912	0.00	39.6
230	0.0	-1.28	0.916	0.00	39.6
231	-0.2	-1.29	0.920	-0.04	40.0
232	0.0	-1.30	0.924	0.00	40.2
233	0.0	-1.30	0.928	0.00	40.2
234	0.0	-1.31	0.932	0.00	40.6
235	-0.2	-1.32	0.936	-0.04	40.8
236	-0.2	-1.32	0.940	-0.04	40.8
237	0.0	-1.33	0.944	0.00	41.2
238	0.0	-1.34	0.948	0.00	41.4
239	-0.2	-1.34	0.952	-0.04	41.4
240	-0.2	-1.35	0.956	-0.04	41.8
241	0.2	-1.36	0.960	0.04	42.2
242	0.0	-1.37	0.964	0.00	42.4
243	0.0	-1.37	0.968	0.00	42.4
244	0.0	-1.38	0.972	0.00	42.8
245	0.0	-1.39	0.976	0.00	43.0
246	0.0	-1.39	0.980	0.00	43.0
247	-0.2	-1.40	0.984	-0.04	43.4
248	0.0	-1.41	0.988	0.00	43.6
249	0.0	-1.41	0.992	0.00	43.6
250	0.0	-1.42	0.996	0.00	44.0
251	0.0	-1.43	1.000	0.00	44.2
252	0.0	-1.44	1.004	0.00	44.6
253	0.0	-1.44	1.008	0.00	44.6
254	0.0	-1.45	1.012	0.00	44.8
255	0.0	-1.46	1.016	0.00	45.2
256	0.2	-1.46	1.020	0.04	45.2
257	-0.2	-1.48	1.024	-0.04	45.8
258	0.4	-1.48	1.028	0.08	45.8
259	0.2	-1.48	1.032	0.04	45.8
260	-0.2	-1.49	1.036	-0.04	46.2
261	0.0	-1.50	1.040	0.00	46.4
262	0.0	-1.51	1.044	0.00	46.8
263	0.0	-1.51	1.048	0.00	46.8
264	0.0	-1.52	1.052	0.00	47.0
265	0.0	-1.53	1.056	0.00	47.4
266	-0.2	-1.53	1.060	-0.04	47.4
267	-0.2	-1.55	1.064	-0.04	48.0
268	0.0	-1.55	1.068	0.00	48.0
269	0.2	-1.55	1.072	0.04	48.0
270	0.2	-1.56	1.076	0.04	48.2
271	0.0	-1.57	1.080	0.00	48.6
272	0.0	-1.57	1.084	0.00	48.6
273	0.0	-1.58	1.088	0.00	49.0
274	-0.2	-1.59	1.092	-0.04	49.2
275	-0.2	-1.60	1.096	-0.04	49.6
276	0.0	-1.60	1.100	0.00	49.6
277	-0.2	-1.61	1.104	-0.04	49.8
278	0.0	-1.62	1.108	0.00	50.2
279	-0.2	-1.62	1.112	-0.04	50.2
280	0.0	-1.63	1.116	0.00	50.4
281	-0.2	-1.64	1.120	-0.04	50.8
282	-0.2	-1.64	1.124	-0.04	50.8
283	0.0	-1.65	1.128	0.00	51.0
284	0.0	-1.66	1.132	0.00	51.4
285	-0.2	-1.67	1.136	-0.04	51.8
286	0.0	-1.67	1.140	0.00	51.8
287	0.0	-1.68	1.144	0.00	52.0
288	0.0	-1.69	1.148	0.00	52.4
289	0.0	-1.69	1.152	0.00	52.4
290	0.0	-1.70	1.156	0.00	52.6
291	0.2	-1.71	1.160	0.04	53.0
292	0.0	-1.71	1.164	0.00	53.0
293	0.0	-1.72	1.168	0.00	53.2
294	0.0	-1.73	1.172	0.00	53.6
295	0.0	-1.74	1.176	0.00	53.8
296	0.0	-1.74	1.180	0.00	53.8
297	0.0	-1.75	1.184	0.00	54.2
298	0.0	-1.76	1.188	0.00	54.4
299	0.0	-1.76	1.192	0.00	54.4
300	0.0	-1.77	1.196	0.00	54.8
301	-0.2	-1.77	1.200	-0.04	54.8
302	0.0	-1.77	1.204	0.00	54.8
303	0.2	-1.78	1.208	0.04	55.2
304	0.0	-1.80	1.212	0.00	55.8
305	0.2	-1.80	1.216	0.04	55.8
306	-0.4	-1.80	1.220	-0.08	55.8
307	0.2	-1.81	1.224	0.04	56.0
308	0.0	-1.82	1.228	0.00	56.4
309	0.0	-1.82	1.232	0.00	56.4
310	0.2	-1.83	1.236	0.04	56.6
311	0.0	-1.84	1.240	0.00	57.0
312	0.0	-1.84	1.244	0.00	57.0
313	0.2	-1.85	1.248	0.04	57.2
314	0.0	-1.87	1.252	0.00	57.8
315	0.2	-1.87	1.256	0.04	57.8
316	0.0	-1.87	1.260	0.00	57.8
317	0.2	-1.88	1.264	0.04	58.2
318	0.0	-1.89	1.268	0.00	58.6
319	-0.2	-1.89	1.272	-0.04	58.6
320	0.0	-1.90	1.276	0.00	58.8
321	0.0	-1.91	1.280	0.00	59.2
322	-0.2	-1.91	1.284	-0.04	59.2
323	-0.2	-1.92	1.288	-0.04	59.4
324	0.0	-1.94	1.292	0.00	60.0
325	0.0	-1.94	1.296	0.00	60.0
326	-0.2	-1.94	1.300	-0.04	60.0
327	0.0	-1.95	1.304	0.00	60.4
328	0.0	-1.95	1.308	0.00	60.4
329	0.0	-1.96	1.312	0.00	60.6
330	0.0	-1.97	1.316	0.00	61.0
331	-0.2	-1.97	1.320	-0.04	61.0
332	-0.2	-1.98	1.324	-0.04	61.4
333	0.0	-1.99	1.328	0.00	61.6
334	0.2	-2.00	1.332	0.04	62.0
335	0.0	-2.00	1.336	0.00	62.0
336	0.0	-2.01	1.340	0.00	62.2
337	0.0	-2.02	1.344	0.00	62.6
338	0.2	-2.02	1.348	0.04	62.6
339	0.2	-2.03	1.352	0.04	62.8
340	0.0	-2.04	1.356	0.00	63.2
341	0.4	-2.04	1.360	0.08	63.2
342	0.0	-2.05	1.364	0.00	63.4
343	0.0	-2.06	1.368	0.00	63.8
344	0.0	-2.07	1.372	0.00	64.0
345	0.4	-2.07	1.376	0.08	64.0
346	0.0	-2.08	1.380	0.00	64.4
347	-0.2	-2.09	1.384	-0.04	64.8
348	0.0	-2.09	1.388	0.00	64.8
349	0.0	-2.10	1.392	0.00	65.0
350	0.0	-2.12	1.396	0.00	65.6
351	0.0	-2.12	1.400	0.00	65.6
352	0.0	-2.12	1.404	0.00	65.6
353	0.0	-2.13	1.408	0.00	66.0
354	0.0	-2.14	1.412	0.00	66.2
355	0.2	-2.14	1.416	0.04	66.2
356	0.0	-2.15	1.420	0.00	66.6
357	-0.2	-2.16	1.424	-0.04	66.8
358	0.0	-2.16	1.428	0.00	66.8
359	-0.2	-2.17	1.432	-0.04	67.2
360	-0.2	-2.19	1.436	-0.04	67.8
361	0.0	-2.19	1.440	0.00	67.8
362	0.0	-2.19	1.444	0.00	67.8
363	0.0	-2.20	1.448	0.00	68.2
364	-0.2	-2.20	1.452	-0.04	68.2
365	0.0	-2.21	1.456	0.00	68.4
366	0.0	-2.22	1.460	0.00	68.8
367	0.0	-2.23	1.464	0.00	69.0
368	0.0	-2.23	1.468	0.00	69.0
369	-0.2	-2.24	1.472	-0.04	69.4
370	0.2	-2.25	1.476	0.04	69.6
371	0.0	-2.25	1.480	0.00	69.6
372	-0.2	-2.26	1.484	-0.04	70.0
373	0.0	-2.27	1.488	0.00	70.2
374	0.4	-2.27	1.492	0.08	70.2
375	0.2	-2.28	1.496	0.04	70.6
376	0.0	-2.29	1.500	0.00	70.8
377	0.0	-2.30	1.504	0.00	71.2
378	0.0	-2.30	1.508	0.00	71.2
379	-0.2	-2.31	1.512	-0.04	71.6
380	-0.2	-2.32	1.516	-0.04	71.8
381	0.0	-2.32	1.520	0.00	71.8
382	0.2	-2.33	1.524	0.04	72.2
383	0.0	-2.34	1.528	0.00	72.4
384	0.0	-2.34	1.532	0.00	72.4
385	0.0	-2.35	1.536	0.00	72.8
386	-0.2	-2.36	1.540	-0.04	73.0
387	0.2	-2.37	1.544	0.04	73.4
388	0.0	-2.37	1.548	0.00	73.4
389	0.0	-2.39	1.552	0.00	74.0
390	0.0	-2.39	1.556	0.00	74.0
391	0.0	-2.39	1.560	0.00	74.0
392	0.0	-2.40	1.564	0.00	74.4
393	0.0	-2.41	1.568	0.00	74.6
394	0.0	-2.41	1.572	0.00	74.6
395	0.0	-2.42	1.576	0.00	75.0
396	0.0	-2.44	1.580	0.00	75.6
397	0.0	-2.44	1.584	0.00	75.6
398	0.0	-2.44	1.588	0.00	75.6
399	0.0	-2.46	1.592	0.00	76.2
400	-0.2	-2.46	1.596	-0.04	76.2
401	0.0	-2.46	1.600	0.00	76.2
402	-0.2	-2.47	1.604	-0.04	76.4
403	-0.2	-2.48	1.608	-0.04	76.8
404	0.0	-2.48	1.612	0.00	76.8
405	0.0	-2.49	1.616	0.00	77.0
406	0.0	-2.50	1.620	0.00	77.4
407	0.0	-2.50	1.624	0.00	77.4
408	0.0	-2.51	1.628	0.00	77.8
409	0.0	-2.53	1.632	0.00	78.4
410	-0.2	-2.53	1.636	-0.04	78.4
411	0.2	-2.53	1.640	0.04	78.4
412	0.0	-2.54	1.644	0.00	78.6
413	0.0	-2.55	1.648	0.00	79.0
414	0.0	-2.55	1.652	0.00	79.0
415	0.0	-2.56	1.656	0.00	79.2
416	0.2	-2.57	1.660	0.04	79.6
417	0.0	-2.57	1.664	0.00	79.6
418	-0.2	-2.58	1.668	-0.04	79.8
419	0.0	-2.59	1.672	0.00	80.2
420	0.2	-2.60	1.676	0.04	80.4
421	0.0	-2.60	1.680	0.00	80.4
422	0.4	-2.61	1.684	0.08	80.8
423	0.0	-2.62	1.688	0.00	81.2
424	0.0	-2.62	1.692	0.00	81.2
425	0.0	-2.64	1.696	0.00	81.8
426	0.0	-2.64	1.700	0.00	81.8
427	0.0	-2.64	1.704	0.00	81.8
428	0.0	-2.65	1.708	0.00	82.0
429	0.0	-2.66	1.712	0.00	82.4
430	0.0	-2.67	1.716	0.00	82.6
431	0.0	-2.67	1.720	0.00	82.6
432	0.0	-2.68	1.724	0.00	83.0
433	0.4	-2.69	1.728	0.08	83.2
434	0.0	-2.69	1.732	0.00	83.2
435	-0.2	-2.70	1.736	-0.04	83.6
436	0.0	-2.71	1.740	0.00	84.0
437	-0.2	-2.72	1.744	-0.04	84.2
438	0.0	-2.72	1.748	0.00	84.2
439	0.0	-2.73	1.752	0.00	84.6
440	0.0	-2.74	1.756	0.00	84.8
441	0.0	-2.74	1.760	0.00	84.8
442	0.0	-2.75	1.764	0.00	85.2
443	0.0	-2.76	1.768	0.00	85.4
444	0.0	-2.78	1.772	0.00	86.0
445	-0.4	-2.78	1.776	-0.08	86.0
446	0.0	-2.79	1.780	0.00	86.4
447	0.0	-2.80	1.784	0.00	86.6
448	0.0	-2.80	1.788	0.00	86.6
449	-0.2	-2.81	1.792	-0.04	87.0
450	-0.4	-2.82	1.796	-0.08	87.4
451	-0.2	-2.82	1.800	-0.04	87.4
452	-0.2	-2.83	1.804	-0.04	87.6
453	-0.4	-2.84	1.808	-0.08	88.0
454	0.0	-2.84	1.812	0.00	88.0
455	-0.4	-2.85	1.816	-0.08	88.2
456	-0.2	-2.86	1.820	-0.04	88.6
457	-0.4	-2.87	1.824	-0.08	88.8
458	0.0	-2.87	1.828	0.00	88.8
459	0.2	-2.88	1.832	0.04	89.2
460	0.0	-2.89	1.836	0.00	89.4
461	0.0	-2.89	1.840	0.00	89.4
462	0.0	-2.90	1.844	0.00	89.8
463	0.0	-2.91	1.848	0.00	90.0
464	0.0	-2.91	1.852	0.00	90.0
465	0.0	-2.92	1.856	0.00	90.4
466	0.0	-2.93	1.860	0.00	90.8
467	0.0	-2.93	1.864	0.00	90.8
468	0.0	-2.94	1.868	0.00	91.0
469	0.0	-2.95	1.872	0.00	91.4
470	0.0	-2.96	1.876	0.00	91.6
471	0.0	-2.96	1.880	0.00	91.6
472	0.0	-2.98	1.884	0.00	92.2
473	-0.6	-2.98	1.888	-0.12	92.2
474	-0.2	-2.98	1.892	-0.04	92.2
475	0.0	-2.99	1.896	0.00	92.6
476	0.2	-3.00	1.900	0.04	92.8
477	0.0	-3.00	1.904	0.00	92.8
478	0.0	-3.01	1.908	0.00	93.2
479	0.0	-3.02	1.912	0.00	93.4
480	0.2	-3.03	1.916	0.04	93.8
481	0.2	-3.03	1.920	0.04	93.8
482	0.0	-3.04	1.924	0.00	94.2
483	-0.2	-3.05	1.928	-0.04	94.4
484	0.0	-3.05	1.932	0.00	94.4
485	0.0	-3.06	1.936	0.00	94.8
486	0.0	-3.07	1.940	0.00	95.0
487	-0.2	-3.07	1.944	-0.04	95.0
488	0.0	-3.08	1.948	0.00	95.4
489	0.0	-3.09	1.952	0.00	95.6
490	0.0	-3.10	1.956	0.00	96.0
491	0.2	-3.10	1.960	0.04	96.0
492	0.0	-3.11	1.964	0.00	96.2
493	0.2	-3.12	1.968	0.04	96.6
494	0.0	-3.12	1.972	0.00	96.6
495	0.0	-3.13	1.976	0.00	97.0
496	0.2	-3.14	1.980	0.04	97.2
497	0.0	-3.15	1.984	0.00	97.6
498	0.0	-3.15	1.988	0.00	97.6
499	0.0	-3.16	1.992	0.00	97.8
500	0.0	-3.17	1.996	0.00	98.2
501	0.0	-3.17	2.000	0.00	98.2
502	-0.4	-3.18	2.004	-0.08	98.4
503	0.0	-3.19	2.008	0.00	98.8
504	0.2	-3.19	2.012	0.04	98.8
505	0.2	-3.20	2.016	0.04	99.0
506	0.0	-3.21	2.020	0.00	99.4
507	0.0	-3.22	2.024	0.00	99.6
508	0.2	-3.22	2.028	0.04	99.6
509	0.2	-3.23	2.032	0.04	100.0
510	-0.2	-3.24	2.036	-0.04	100.4
511	-0.2	-3.24	2.040	-0.04	100.4
512	0.0	-3.25	2.044	0.00	100.6
513	0.2	-3.26	2.048	0.04	101.0
514	-0.2	-3.26	2.052	-0.04	101.0
515	0.0	-3.27	2.056	0.00	101.2
516	0.2	-3.28	2.060	0.04	101.6
517	-0.4	-3.30	2.064	-0.08	102.2
518	0.0	-3.30	2.068	0.00	102.2
519	-0.2	-3.30	2.072	-0.04	102.2
520	-0.2	-3.31	2.076	-0.04	102.4
521	0.0	-3.31	2.080	0.00	102.4
522	0.2	-3.32	2.084	0.04	102.8
523	0.0	-3.33	2.088	0.00	103.0
524	0.0	-3.34	2.092	0.00	103.4
525	0.0	-3.34	2.096	0.00	103.4
526	0.2	-3.35	2.100	0.04	103.8
527	0.0	-3.37	2.104	0.00	104.4
528	0.0	-3.37	2.108	0.00	104.4
529	0.0	-3.37	2.112	0.00	104.4
530	0.0	-3.38	2.116	0.00	104.6
531	0.4	-3.38	2.120	0.08	104.6
532	0.2	-3.39	2.124	0.04	105.0
533	0.0	-3.40	2.128	0.00	105.2
534	0.2	-3.41	2.132	0.04	105.6
535	0.4	-3.41	2.136	0.08	105.6
536	0.0	-3.42	2.140	0.00	105.8
537	0.0	-3.44	2.144	0.00	106.6
538	0.0	-3.44	2.148	0.00	106.6
539	0.0	-3.44	2.152	0.00	106.6
540	0.0	-3.45	2.156	0.00	106.8
541	0.0	-3.45	2.160	0.00	106.8
542	0.2	-3.46	2.164	0.04	107.2
543	0.2	-3.47	2.168	0.04	107.4
544	0.0	-3.48	2.172	0.00	107.8
545	0.0	-3.48	2.176	0.00	107.8
546	0.0	-3.49	2.180	0.00	108.0
547	0.0	-3.50	2.184	0.00	108.4
548	-0.2	-3.50	2.188	-0.04	108.4
549	0.0	-3.51	2.192	0.00	108.6
550	-0.2	-3.52	2.196	-0.04	109.0
551	0.0	-3.53	2.200	0.00	109.2
552	-0.2	-3.53	2.204	-0.04	109.2
553	0.0	-3.54	2.208	0.00	109.6
554	0.0	-3.55	2.212	0.00	110.0
555	0.0	-3.55	2.216	0.00	110.0
556	0.0	-3.56	2.220	0.00	110.2
557	0.0	-3.57	2.224	0.00	110.6
558	0.0	-3.57	2.228	0.00	110.6
559	0.0	-3.58	2.232	0.00	110.8
560	0.0	-3.59	2.236	0.00	111.2
561	0.2	-3.60	2.240	0.04	111.4
562	0.0	-3.60	2.244	0.00	111.4
563	0.0	-3.62	2.248	0.00	112.0
564	0.0	-3.62	2.252	0.00	112.0
565	-0.2	-3.63	2.256	-0.04	112.4
566	-0.2	-3.63	2.260	-0.04	112.4
567	0.0	-3.64	2.264	0.00	112.6
568	0.0	-3.65	2.268	0.00	113.0
569	0.0	-3.65	2.272	0.00	113.0
570	0.0	-3.66	2.276	0.00	113.4
571	-0.2	-3.67	2.280	-0.04	113.6
572	0.0	-3.67	2.284	0.00	113.6
573	0.0	-3.69	2.288	0.00	114.2
574	0.0	-3.69	2.292	0.00	114.2
575	0.0	-3.70	2.296	0.00	114.6
576	-0.2	-3.70	2.300	-0.04	114.6
577	0.4	-3.71	2.304	0.08	114.8
578	0.0	-3.72	2.308	0.00	115.2
579	0.0	-3.72	2.312	0.00	115.2
580	0.0	-3.73	2.316	0.00	115.4
581	0.0	-3.74	2.320	0.00	115.8
582	-0.6	-3.75	2.324	-0.12	116.0
583	0.0	-3.75	2.328	0.00	116.0
584	-0.2	-3.76	2.332	-0.04	116.4
585	0.0	-3.77	2.336	0.00	116.8
586	0.0	-3.77	2.340	0.00	116.8
587	-0.2	-3.78	2.344	-0.04	117.0
588	0.0	-3.79	2.348	0.00	117.4
589	0.0	-3.79	2.352	0.00	117.4
590	0.0	-3.80	2.356	0.00	117.6
591	-0.2	-3.82	2.360	-0.04	118.2
592	0.0	-3.82	2.364	0.00	118.2
593	0.0	-3.82	2.368	0.00	118.2
594	0.0	-3.83	2.372	0.00	118.6
595	0.0	-3.84	2.376	0.00	118.8
596	0.0	-3.84	2.380	0.00	118.8
597	0.2	-3.85	2.384	0.04	119.2
598	0.0	-3.86	2.388	0.00	119.6
599	0.0	-3.86	2.392	0.00	119.6
600	0.0	-3.87	2.396	0.00	119.8
601	0.0	-3.88	2.400	0.00	120.2
602	0.0	-3.89	2.404	0.00	120.4
603	-0.2	-3.89	2.408	-0.04	120.4
604	-0.4	-3.90	2.412	-0.08	120.8
605	-0.2	-3.91	2.416	-0.04	121.0
606	-0.2	-3.91	2.420	-0.04	121.0
607	0.0	-3.92	2.424	0.00	121.4
608	0.4	-3.94	2.428	0.08	122.0
609	0.2	-3.94	2.432	0.04	122.0
610	0.2	-3.94	2.436	0.04	122.0
611	0.0	-3.96	2.440	0.00	122.6
612	0.0	-3.96	2.444	0.00	122.6
613	0.2	-3.96	2.448	0.04	122.6
614	-0.2	-3.97	2.452	-0.04	123.0
615	0.2	-3.98	2.456	0.04	123.2
616	0.0	-3.98	2.460	0.00	123.2
617	0.0	-3.99	2.464	0.00	123.6
618	0.0	-4.00	2.468	0.00	123.8
619	0.0	-4.01	2.472	0.00	124.2
620	0.0	-4.01	2.476	0.00	124.2
621	0.2	-4.02	2.480	0.04	124.4
622	0.0	-4.03	2.484	0.00	124.8
623	0.0	-4.03	2.488	0.00	124.8
624	-0.2	-4.04	2.492	-0.04	125.0
625	-0.4	-4.05	2.496	-0.08	125.4
626	0.0	-4.05	2.500	0.00	125.4
627	0.2	-4.06	2.504	0.04	125.6
628	0.2	-4.07	2.508	0.04	126.0
629	0.0	-4.08	2.512	0.00	126.4
630	0.0	-4.08	2.516	0.00	126.4
631	0.0	-4.09	2.520	0.00	126.6
632	0.0	-4.10	2.524	0.00	127.0
633	0.2	-4.10	2.528	0.04	127.0
634	0.2	-4.11	2.532	0.04	127.2
635	-0.2	-4.12	2.536	-0.04	127.6
636	-0.2	-4.13	2.540	-0.04	127.8
637	0.0	-4.13	2.544	0.00	127.8
638	-0.2	-4.14	2.548	-0.04	128.2
639	-0.2	-4.15	2.552	-0.04	128.4
640	0.0	-4.15	2.556	0.00	128.4
641	0.0	-4.16	2.560	0.00	128.8
642	0.0	-4.17	2.564	0.00	129.2
643	0.0	-4.17	2.568	0.00	129.2
644	0.0	-4.18	2.572	0.00	129.4
645	-0.4	-4.19	2.576	-0.08	129.8
646	0.0	-4.20	2.580	0.00	130.0
647	0.6	-4.20	2.584	0.12	130.0
648	-0.2	-4.21	2.588	-0.04	130.4
649	0.0	-4.22	2.592	0.00	130.6
650	0.0	-4.22	2.596	0.00	130.6
651	0.0	-4.23	2.600	0.00	131.0
652	0.0	-4.24	2.604	0.00	131.2
653	0.0	-4.24	2.608	0.00	131.2
654	-0.2	-4.25	2.612	-0.04	131.6
655	0.0	-4.26	2.616	0.00	131.8
656	0.0	-4.28	2.620	0.00	132.6
657	0.0	-4.28	2.624	0.00	132.6
658	0.0	-4.28	2.628	0.00	132.6
659	0.0	-4.29	2.632	0.00	132.8
660	0.2	-4.29	2.636	0.04	132.8
661	0.0	-4.30	2.640	0.00	133.2
662	0.0	-4.31	2.644	0.00	133.4
663	-0.2	-4.32	2.648	-0.04	133.8
664	-0.2	-4.32	2.652	-0.04	133.8
665	0.0	-4.33	2.656	0.00	134.0
666	0.0	-4.34	2.660	0.00	134.4
667	0.2	-4.34	2.664	0.04	134.4
668	-0.2	-4.35	2.668	-0.04	134.6
669	0.0	-4.36	2.672	0.00	135.0
670	0.0	-4.36	2.676	0.00	135.0
671	0.0	-4.37	2.680	0.00	135.2
672	0.2	-4.38	2.684	0.04	135.6
673	-0.2	-4.39	2.688	-0.04	136.0
674	0.0	-4.39	2.692	0.00	136.0
675	0.2	-4.40	2.696	0.04	136.2
676	0.0	-4.41	2.700	0.00	136.6
677	0.0	-4.41	2.704	0.00	136.6
678	-0.2	-4.42	2.708	-0.04	136.8
679	-0.2	-4.43	2.712	-0.04	137.2
680	0.2	-4.44	2.716	0.04	137.4
681	0.0	-4.44	2.720	0.00	137.4
682	0.0	-4.46	2.724	0.00	138.0
683	0.0	-4.46	2.728	0.00	138.0
684	0.0	-4.46	2.732	0.00	138.0
685	0.0	-4.48	2.736	0.00	138.6
686	0.0	-4.48	2.740	0.00	138.6
687	0.0	-4.48	2.744	0.00	138.6
688	0.0	-4.49	2.748	0.00	139.0
689	0.0	-4.50	2.752	0.00	139.4
690	0.0	-4.51	2.756	0.00	139.6
691	0.2	-4.51	2.760	0.04	139.6
692	0.0	-4.52	2.764	0.00	140.0
693	0.2	-4.53	2.768	0.04	140.2
694	0.2	-4.53	2.772	0.04	140.2
695	0.0	-4.54	2.776	0.00	140.6
696	0.0	-4.55	2.780	0.00	140.8
697	-0.2	-4.55	2.784	-0.04	140.8
698	-0.2	-4.56	2.788	-0.04	141.2
699	0.0	-4.57	2.792	0.00	141.4
700	0.2	-4.58	2.796	0.04	141.8
701	0.2	-4.58	2.800	0.04	141.8
702	0.0	-4.59	2.804	0.00	142.2
703	0.0	-4.60	2.808	0.00	142.4
704	0.0	-4.60	2.812	0.00	142.4
705	0.0	-4.61	2.816	0.00	142.8
706	-0.2	-4.62	2.820	-0.04	143.0
707	0.0	-4.63	2.824	0.00	143.4
708	0.0	-4.63	2.828	0.00	143.4
709	0.0	-4.64	2.832	0.00	143.6
710	0.0	-4.65	2.836	0.00	144.0
711	0.0	-4.65	2.840	0.00	144.0
712	0.0	-4.66	2.844	0.00	144.2
713	0.0	-4.67	2.848	0.00	144.6
714	0.0	-4.67	2.852	0.00	144.6
715	0.0	-4.68	2.856	0.00	144.8
716	0.2	-4.69	2.860	0.04	145.2
717	0.0	-4.70	2.864	0.00	145.6
718	0.0	-4.70	2.868	0.00	145.6
719	0.0	-4.71	2.872	0.00	145.8
720	0.0	-4.72	2.876	0.00	146.2
721	-0.2	-4.72	2.880	-0.04	146.2
722	0.0	-4.73	2.884	0.00	146.4
723	0.2	-4.74	2.888	0.04	146.8
724	0.2	-4.74	2.892	0.04	146.8
725	0.0	-4.75	2.896	0.00	147.0
726	0.0	-4.76	2.900	0.00	147.4
727	0.0	-4.77	2.904	0.00	147.6
728	0.0	-4.77	2.908	0.00	147.6
729	0.0	-4.78	2.912	0.00	148.0
730	0.0	-4.80	2.916	0.00	148.6
731	0.0	-4.80	2.920	0.00	148.6
732	0.0	-4.80	2.924	0.00	148.6
733	0.0	-4.81	2.928	0.00	149.0
734	0.2	-4.81	2.932	0.04	149.0
735	0.0	-4.82	2.936	0.00	149.2
736	-0.2	-4.83	2.940	-0.04	149.6
737	0.0	-4.84	2.944	0.00	149.8
738	-0.2	-4.84	2.948	-0.04	149.8
739	-0.2	-4.85	2.952	-0.04	150.2
740	0.0	-4.87	2.956	0.00	150.8
741	0.0	-4.87	2.960	0.00	150.8
742	0.2	-4.87	2.964	0.04	150.8
743	-0.4	-4.88	2.968	-0.08	151.0
744	-0.2	-4.89	2.972	-0.04	151.4
745	0.0	-4.89	2.976	0.00	151.4
746	0.0	-4.90	2.980	0.00	151.8
747	-0.2	-4.91	2.984	-0.04	152.0
748	-0.2	-4.91	2.988	-0.04	152.0
749	0.0	-4.92	2.992	0.00	152.4
750	0.0	-4.94	2.996	0.00	153.0
751	0.0	-4.94	3.000	0.00	153.0
752	0.0	-4.94	3.004	0.00	153.0
753	0.0	-4.95	3.008	0.00	153.2
754	-0.4	-4.96	3.012	-0.08	153.6
755	0.0	-4.96	3.016	0.00	153.6
756	0.0	-4.97	3.020	0.00	153.8
757	-0.2	-4.98	3.024	-0.04	154.2
758	0.0	-4.98	3.028	0.00	154.2
759	0.0	-5.00	3.032	0.00	154.8
760	0.0	-5.00	3.036	0.00	154.8
761	0.0	-5.00	3.040	0.00	154.8
762	0.0	-5.01	3.044	0.00	155.2
763	-0.2	-5.02	3.048	-0.04	155.4
764	-0.4	-5.03	3.052	-0.08	155.8
765	0.2	-5.03	3.056	0.04	155.8
766	0.0	-5.04	3.060	0.00	156.0
767	0.2	-5.05	3.064	0.04	156.4
768	-0.2	-5.05	3.068	-0.04	156.4
769	0.0	-5.06	3.072	0.00	156.6
770	0.0	-5.07	3.076	0.00	157.0
771	-0.2	-5.08	3.080	-0.04	157.2
772	0.0	-5.08	3.084	0.00	157.2
773	0.4	-5.09	3.088	0.08	157.6
774	0.2	-5.10	3.092	0.04	157.8
775	0.2	-5.10	3.096	0.04	157.8
776	0.0	-5.12	3.100	0.00	158.6
777	0.0	-5.12	3.104	0.00	158.6
778	0.0	-5.12	3.108	0.00	158.6
779	0.0	-5.13	3.112	0.00	158.8
780	0.0	-5.14	3.116	0.00	159.2
781	-0.2	-5.15	3.120	-0.04	159.4
782	0.0	-5.15	3.124	0.00	159.4
783	0.0	-5.16	3.128	0.00	159.8
784	0.0	-5.16	3.132	0.00	159.8
785	0.0	-5.17	3.136	0.00	160.0
786	-0.2	-5.18	3.140	-0.04	160.4
787	0.0	-5.19	3.144	0.00	160.6
788	0.0	-5.19	3.148	0.00	160.6
789	0.2	-5.20	3.152	0.04	161.0
790	0.0	-5.21	3.156	0.00	161.4
791	0.0	-5.22	3.160	0.00	161.6
792	0.0	-5.22	3.164	0.00	161.6
793	0.0	-5.23	3.168	0.00	162.0
794	-0.2	-5.24	3.172	-0.04	162.2
795	0.0	-5.24	3.176	0.00	162.2
796	-0.2	-5.25	3.180	-0.04	162.6
797	0.0	-5.26	3.184	0.00	162.8
798	0.0	-5.26	3.188	0.00	162.8
799	0.4	-5.27	3.192	0.08	163.2
800	0.2	-5.28	3.196	0.04	163.4
801	0.0	-5.28	3.200	0.00	163.4
802	0.2	-5.29	3.204	0.04	163.8
803	0.0	-5.30	3.208	0.00	164.0
804	-0.2	-5.31	3.212	-0.04	164.4
805	-0.2	-5.31	3.216	-0.04	164.4
806	0.0	-5.32	3.220	0.00	164.8
807	0.0	-5.33	3.224	0.00	165.0
808	0.0	-5.33	3.228	0.00	165.0
809	0.0	-5.34	3.232	0.00	165.4
810	0.0	-5.35	3.236	0.00	165.6
811	0.0	-5.35	3.240	0.00	165.6
812	0.0	-5.36	3.244	0.00	166.0
813	0.0	-5.37	3.248	0.00	166.2
814	0.0	-5.38	3.252	0.00	166.6
815	0.0	-5.38	3.256	0.00	166.6
816	0.0	-5.39	3.260	0.00	166.8
817	0.0	-5.40	3.264	0.00	167.2
818	0.0	-5.40	3.268	0.00	167.2
819	0.0	-5.41	3.272	0.00	167.4
820	0.0	-5.42	3.276	0.00	167.8
821	0.0	-5.42	3.280	0.00	167.8
822	0.0	-5.44	3.284	0.00	168.4
823	0.4	-5.44	3.288	0.08	168.4
824	0.0	-5.44	3.292	0.00	168.4
825	0.0	-5.46	3.296	0.00	169.0
826	0.0	-5.46	3.300	0.00	169.0
827	-0.2	-5.46	3.304	-0.04	169.0
828	0.0	-5.47	3.308	0.00	169.4
829	0.0	-5.48	3.312	0.00	169.6
830	0.0	-5.49	3.316	0.00	170.0
831	0.0	-5.49	3.320	0.00	170.0
832	0.0	-5.50	3.324	0.00	170.2
833	0.0	-5.51	3.328	0.00	170.6
834	0.0	-5.51	3.332	0.00	170.6
835	-0.2	-5.52	3.336	-0.04	170.8
836	0.0	-5.53	3.340	0.00	171.2
837	0.2	-5.53	3.344	0.04	171.2
838	0.0	-5.54	3.348	0.00	171.6
839	-0.2	-5.55	3.352	-0.04	171.8
840	0.0	-5.56	3.356	0.00	172.2
841	0.0	-5.56	3.360	0.00	172.2
842	0.0	-5.57	3.364	0.00	172.4
843	-0.4	-5.58	3.368	-0.08	172.8
844	0.0	-5.58	3.372	0.00	172.8
845	0.0	-5.59	3.376	0.00	173.0
846	0.0	-5.60	3.380	0.00	173.4
847	0.0	-5.60	3.384	0.00	173.4
848	0.0	-5.61	3.388	0.00	173.6
849	0.0	-5.62	3.392	0.00	174.0
850	-0.2	-5.64	3.396	-0.04	174.6
851	0.4	-5.64	3.400	0.08	174.6
852	0.0	-5.64	3.404	0.00	174.6
853	-0.2	-5.65	3.408	-0.04	175.0
854	-0.2	-5.65	3.412	-0.04	175.0
855	-0.2	-5.66	3.416	-0.04	175.2
856	0.0	-5.67	3.420	0.00	175.6
857	0.0	-5.68	3.424	0.00	175.8
858	0.2	-5.68	3.428	0.04	175.8
859	0.2	-5.69	3.432	0.04	176.2
860	0.0	-5.70	3.436	0.00	176.4
861	0.0	-5.70	3.440	0.00	176.4
862	0.2	-5.71	3.444	0.04	176.8
863	0.0	-5.72	3.448	0.00	177.0
864	0.2	-5.72	3.452	0.04	177.0
865	-0.2	-5.73	3.456	-0.04	177.4
866	-0.2	-5.74	3.460	-0.04	177.8
867	0.2	-5.74	3.464	0.04	177.8
868	-0.2	-5.75	3.468	-0.04	178.0
869	0.2	-5.76	3.472	0.04	178.4
870	0.0	-5.76	3.476	0.00	178.4
871	0.0	-5.76	3.480	0.00	178.4
872	0.0	-5.78	3.484	0.00	179.0
873	0.0	-5.78	3.488	0.00	179.0
874	0.2	-5.78	3.492	0.04	179.0
875	0.0	-5.79	3.496	0.00	179.2
876	-0.2	-5.80	3.500	-0.04	179.6
877	-0.2	-5.80	3.504	-0.04	179.6
878	0.0	-5.81	3.508	0.00	179.8
879	0.0	-5.82	3.512	0.00	180.2
880	-0.2	-5.82	3.516	-0.04	180.2
881	0.2	-5.83	3.520	0.04	180.4
882	0.0	-5.84	3.524	0.00	180.8
883	0.0	-5.85	3.528	0.00	181.2
884	0.2	-5.85	3.532	0.04	181.2
885	0.2	-5.86	3.536	0.04	181.4
886	0.2	-5.87	3.540	0.04	181.8
887	0.0	-5.87	3.544	0.00	181.8
888	-0.2	-5.88	3.548	-0.04	182.0
889	-0.2	-5.89	3.552	-0.04	182.4
890	0.0	-5.89	3.556	0.00	182.4
891	0.0	-5.90	3.560	0.00	182.6
892	0.0	-5.91	3.564	0.00	183.0
893	-0.2	-5.92	3.568	-0.04	183.2
894	0.0	-5.92	3.572	0.00	183.2
895	0.0	-5.94	3.576	0.00	184.0
896	0.0	-5.94	3.580	0.00	184.0
897	0.0	-5.94	3.584	0.00	184.0
898	0.0	-5.96	3.588	0.00	184.6
899	0.0	-5.96	3.592	0.00	184.6
900	0.0	-5.96	3.596	0.00	184.6
901	0.0	-5.97	3.600	0.00	184.8
902	0.0	-5.98	3.604	0.00	185.2
903	0.0	-5.98	3.608	0.00	185.2
904	0.0	-5.99	3.612	0.00	185.4
905	0.0	-6.00	3.616	0.00	185.8
906	0.0	-6.01	3.620	0.00	186.0
907	0.0	-6.01	3.624	0.00	186.0
908	0.0	-6.02	3.628	0.00	186.4
909	0.0	-6.03	3.632	0.00	186.6
910	0.0	-6.03	3.636	0.00	186.6
911	0.0	-6.04	3.640	0.00	187.0
912	0.0	-6.05	3.644	0.00	187.4
913	-0.2	-6.05	3.648	-0.04	187.4
914	0.0	-6.06	3.652	0.00	187.6
915	0.2	-6.07	3.656	0.04	188.0
916	0.2	-6.08	3.660	0.04	188.2
917	0.0	-6.08	3.664	0.00	188.2
918	0.0	-6.09	3.668	0.00	188.6
919	-0.2	-6.10	3.672	-0.04	188.8
920	-0.2	-6.10	3.676	-0.04	188.8
921	-0.2	-6.11	3.680	-0.04	189.2
922	0.0	-6.12	3.684	0.00	189.4
923	0.0	-6.12	3.688	0.00	189.4
924	0.0	-6.13	3.692	0.00	189.8
925	0.0	-6.14	3.696	0.00	190.0
926	0.0	-6.15	3.700	0.00	190.4
927	0.2	-6.15	3.704	0.04	190.4
928	0.2	-6.16	3.708	0.04	190.8
929	0.0	-6.16	3.712	0.00	190.8
930	0.0	-6.17	3.716	0.00	191.0
931	-0.2	-6.18	3.720	-0.04	191.4
932	0.0	-6.19	3.724	0.00	191.6
933	0.0	-6.19	3.728	0.00	191.6
934	0.0	-6.20	3.732	0.00	192.0
935	-0.2	-6.21	3.736	-0.04	192.2
936	-0.2	-6.21	3.740	-0.04	192.2
937	0.0	-6.22	3.744	0.00	192.6
938	-0.2	-6.23	3.748	-0.04	192.8
939	0.0	-6.23	3.752	0.00	192.8
940	0.0	-6.24	3.756	0.00	193.2
941	0.0	-6.25	3.760	0.00	193.4
942	0.0	-6.26	3.764	0.00	193.8
943	0.0	-6.26	3.768	0.00	193.8
944	-0.2	-6.27	3.772	-0.04	194.2
945	0.2	-6.28	3.776	0.04	194.4
946	0.0	-6.28	3.780	0.00	194.4
947	0.2	-6.30	3.784	0.04	195.0
948	0.0	-6.30	3.788	0.00	195.0
949	0.0	-6.30	3.792	0.00	195.0
950	0.0	-6.31	3.796	0.00	195.4
951	0.0	-6.32	3.800	0.00	195.6
952	0.0	-6.32	3.804	0.00	195.6
953	0.0	-6.33	3.808	0.00	196.0
954	0.0	-6.34	3.812	0.00	196.2
955	0.0	-6.35	3.816	0.00	196.6
956	0.0	-6.35	3.820	0.00	196.6
957	0.0	-6.37	3.824	0.00	197.2
958	0.0	-6.37	3.828	0.00	197.2
959	-0.2	-6.37	3.832	-0.04	197.2
960	0.0	-6.38	3.836	0.00	197.6
961	0.2	-6.39	3.840	0.04	197.8
962	-0.2	-6.39	3.844	-0.04	197.8
963	0.0	-6.40	3.848	0.00	198.2
964	0.0	-6.41	3.852	0.00	198.4
965	0.0	-6.42	3.856	0.00	198.8
966	0.0	-6.42	3.860	0.00	198.8
967	0.0	-6.43	3.864	0.00	199.0
968	0.0	-6.44	3.868	0.00	199.4
969	0.0	-6.44	3.872	0.00	199.4
970	0.2	-6.45	3.876	0.04	199.6
971	0.0	-6.46	3.880	0.00	200.0
972	0.0	-6.46	3.884	0.00	200.0
973	0.0	-6.48	3.888	0.00	200.6
974	0.0	-6.48	3.892	0.00	200.6
975	0.0	-6.49	3.896	0.00	201.0
976	0.2	-6.49	3.900	0.04	201.0
977	0.2	-6.50	3.904	0.04	201.2
978	0.0	-6.50	3.908	0.00	201.2
979	0.0	-6.51	3.912	0.00	201.6
980	0.0	-6.52	3.916	0.00	201.8
981	0.0	-6.53	3.920	0.00	202.2
982	0.0	-6.53	3.924	0.00	202.2
983	0.0	-6.54	3.928	0.00	202.4
984	-0.2	-6.55	3.932	-0.04	202.8
985	0.0	-6.55	3.936	0.00	202.8
986	0.0	-6.56	3.940	0.00	203.0
987	0.0	-6.57	3.944	0.00	203.4
988	0.0	-6.57	3.948	0.00	203.4
989	0.0	-6.58	3.952	0.00	203.8
990	0.0	-6.59	3.956	0.00	204.0
991	0.0	-6.60	3.960	0.00	204.4
992	0.0	-6.60	3.964	0.00	204.4
993	0.0	-6.62	3.968	0.00	205.0
994	0.2	-6.62	3.972	0.04	205.0
995	0.0	-6.62	3.976	0.00	205.0
996	0.0	-6.63	3.980	0.00	205.2
997	0.0	-6.64	3.984	0.00	205.6
998	0.0	-6.64	3.988	0.00	205.6
999	0.0	-6.65	3.992	0.00	205.8
1000	0.0	-6.66	3.996	0.00	206.2
1001	0.0	-6.67	4.000	0.00	206.6
1002	0.2	-6.67	4.004	0.04	206.6
1003	0.2	-6.68	4.008	0.04	206.8
1004	0.0	-6.69	4.012	0.00	207.2
1005	0.0	-6.69	4.016	0.00	207.2
1006	-0.2	-6.70	4.020	-0.04	207.4
1007	0.0	-6.71	4.024	0.00	207.8
1008	0.0	-6.71	4.028	0.00	207.8
1009	0.0	-6.72	4.032	0.00	208.0
1010	0.0	-6.73	4.036	0.00	208.4
1011	0.0	-6.73	4.040	0.00	208.4
1012	0.0	-6.74	4.044	0.00	208.6
1013	0.0	-6.75	4.048	0.00	209.0
1014	0.2	-6.76	4.052	0.04	209.2
1015	0.2	-6.77	4.056	0.04	209.6
1016	-0.2	-6.78	4.060	-0.04	210.0
1017	0.0	-6.79	4.064	0.00	210.2
1018	0.0	-6.79	4.068	0.00	210.2
1019	0.2	-6.80	4.072	0.04	210.6
1020	0.0	-6.81	4.076	0.00	210.8
1021	0.2	-6.81	4.080	0.04	210.8
1022	0.0	-6.82	4.084	0.00	211.2
1023	0.0	-6.83	4.088	0.00	211.4
1024	-0.2	-6.84	4.092	-0.04	211.8
1025	0.0	-6.84	4.096	0.00	211.8
1026	0.0	-6.85	4.100	0.00	212.0
1027	-0.2	-6.86	4.104	-0.04	212.4
1028	0.2	-6.86	4.108	0.04	212.4
1029	-0.2	-6.87	4.112	-0.04	212.6
1030	0.2	-6.88	4.116	0.04	213.0
1031	-0.2	-6.88	4.120	-0.04	213.0
1032	0.0	-6.89	4.124	0.00	213.4
1033	0.0	-6.90	4.128	0.00	213.6
1034	0.0	-6.91	4.132	0.00	214.0
1035	0.0	-6.91	4.136	0.00	214.0
1036	0.0	-6.92	4.140	0.00	214.2
1037	0.0	-6.94	4.144	0.00	214.8
1038	0.0	-6.94	4.148	0.00	214.8
1039	0.0	-6.94	4.152	0.00	214.8
1040	0.0	-6.95	4.156	0.00	215.2
1041	-0.2	-6.95	4.160	-0.04	215.2
1042	0.0	-6.96	4.164	0.00	215.4
1043	-0.4	-6.97	4.168	-0.08	215.8
1044	0.0	-6.97	4.172	0.00	215.8
1045	0.0	-6.98	4.176	0.00	216.0
1046	0.0	-6.99	4.180	0.00	216.4
1047	0.2	-6.99	4.184	0.04	216.4
1048	0.0	-7.00	4.188	0.00	216.8
1049	-0.2	-7.01	4.192	-0.04	217.0
1050	0.0	-7.02	4.196	0.00	217.4
1051	-0.2	-7.02	4.200	-0.04	217.4
1052	0.0	-7.03	4.204	0.00	217.6
1053	-0.2	-7.04	4.208	-0.04	218.0
1054	0.0	-7.04	4.212	0.00	218.0
1055	0.0	-7.05	4.216	0.00	218.2
1056	0.0	-7.06	4.220	0.00	218.6
1057	0.0	-7.07	4.224	0.00	218.8
1058	0.0	-7.07	4.228	0.00	218.8
1059	0.0	-7.08	4.232	0.00	219.2
1060	0.0	-7.09	4.236	0.00	219.6
1061	0.0	-7.09	4.240	0.00	219.6
1062	-0.2	-7.10	4.244	-0.04	219.8
1063	0.0	-7.11	4.248	0.00	220.2
1064	0.2	-7.11	4.252	0.04	220.2
1065	0.0	-7.12	4.256	0.00	220.4
1066	-0.4	-7.14	4.260	-0.08	221.0
1067	-0.2	-7.14	4.264	-0.04	221.0
1068	0.2	-7.14	4.268	0.04	221.0
1069	0.0	-7.15	4.272	0.00	221.4
1070	0.0	-7.15	4.276	0.00	221.4
1071	-0.2	-7.16	4.280	-0.04	221.6
1072	0.0	-7.17	4.284	0.00	222.0
1073	0.0	-7.18	4.288	0.00	222.2
1074	0.0	-7.18	4.292	0.00	222.2
1075	0.2	-7.19	4.296	0.04	222.6
1076	0.0	-7.20	4.300	0.00	223.0
1077	0.0	-7.20	4.304	0.00	223.0
1078	0.0	-7.21	4.308	0.00	223.2
1079	0.0	-7.22	4.312	0.00	223.6
1080	0.0	-7.22	4.316	0.00	223.6
1081	0.0	-7.23	4.320	0.00	223.8
1082	0.2	-7.24	4.324	0.04	224.2
1083	0.0	-7.25	4.328	0.00	224.4
1084	0.0	-7.25	4.332	0.00	224.4
1085	0.0	-7.26	4.336	0.00	224.8
1086	0.0	-7.28	4.340	0.00	225.4
1087	0.0	-7.28	4.344	0.00	225.4
1088	-0.2	-7.28	4.348	-0.04	225.4
1089	0.0	-7.29	4.352	0.00	225.6
1090	0.0	-7.29	4.356	0.00	225.6
1091	0.0	-7.30	4.360	0.00	226.0
1092	0.0	-7.31	4.364	0.00	226.4
1093	0.0	-7.32	4.368	0.00	226.6
1094	0.0	-7.32	4.372	0.00	226.6
1095	-0.2	-7.34	4.376	-0.04	227.2
1096	0.0	-7.34	4.380	0.00	227.2
1097	-0.2	-7.34	4.384	-0.04	227.2
1098	0.0	-7.35	4.388	0.00	227.6
1099	0.2	-7.36	4.392	0.04	227.8
1100	0.0	-7.36	4.396	0.00	227.8
1101	0.0	-7.37	4.400	0.00	228.2
1102	0.0	-7.38	4.404	0.00	228.4
1103	0.0	-7.38	4.408	0.00	228.4
1104	0.2	-7.39	4.412	0.04	228.8
1105	0.0	-7.40	4.416	0.00	229.2
1106	-0.4	-7.41	4.420	-0.08	229.4
1107	0.0	-7.41	4.424	0.00	229.4
1108	0.0	-7.42	4.428	0.00	229.8
1109	0.0	-7.44	4.432	0.00	230.4
1110	-0.4	-7.44	4.436	-0.08	230.4
1111	0.0	-7.44	4.440	0.00	230.4
1112	0.0	-7.46	4.444	0.00	231.0
1113	0.0	-7.46	4.448	0.00	231.0
1114	0.0	-7.46	4.452	0.00	231.0
1115	0.0	-7.47	4.456	0.00	231.2
1116	0.0	-7.48	4.460	0.00	231.6
1117	0.0	-7.48	4.464	0.00	231.6
1118	0.0	-7.49	4.468	0.00	231.8
1119	0.0	-7.50	4.472	0.00	232.2
1120	0.0	-7.50	4.476	0.00	232.2
1121	0.0	-7.51	4.480	0.00	232.6
1122	0.2	-7.52	4.484	0.04	232.8
1123	0.0	-7.52	4.488	0.00	232.8
1124	0.0	-7.53	4.492	0.00	233.2
1125	0.0	-7.54	4.496	0.00	233.4
1126	-0.4	-7.55	4.500	-0.08	233.8
1127	0.0	-7.55	4.504	0.00	233.8
1128	0.2	-7.56	4.508	0.04	234.0
1129	0.2	-7.57	4.512	0.04	234.4
1130	0.0	-7.57	4.516	0.00	234.4
1131	-0.4	-7.58	4.520	-0.08	234.6
1132	-0.2	-7.59	4.524	-0.04	235.0
1133	0.0	-7.59	4.528	0.00	235.0
1134	0.0	-7.60	4.532	0.00	235.2
1135	0.0	-7.61	4.536	0.00	235.6
1136	0.0	-7.61	4.540	0.00	235.6
1137	0.0	-7.62	4.544	0.00	236.0
1138	0.0	-7.63	4.548	0.00	236.2
1139	0.0	-7.64	4.552	0.00	236.6
1140	0.0	-7.64	4.556	0.00	236.6
1141	-0.2	-7.65	4.560	-0.04	236.8
1142	0.0	-7.66	4.564	0.00	237.2
1143	0.0	-7.66	4.568	0.00	237.2
1144	0.0	-7.67	4.572	0.00	237.4
1145	0.0	-7.68	4.576	0.00	237.8
1146	-0.2	-7.68	4.580	-0.04	237.8
1147	0.0	-7.69	4.584	0.00	238.0
1148	0.0	-7.70	4.588	0.00	238.4
1149	0.0	-7.71	4.592	0.00	238.6
1150	0.0	-7.71	4.596	0.00	238.6
1151	-0.4	-7.72	4.600	-0.08	239.0
1152	0.0	-7.73	4.604	0.00	239.4
1153	0.0	-7.73	4.608	0.00	239.4
1154	0.0	-7.74	4.612	0.00	239.6
1155	-0.2	-7.75	4.616	-0.04	240.0
1156	0.2	-7.75	4.620	0.04	240.0
1157	0.0	-7.76	4.624	0.00	240.2
1158	0.0	-7.77	4.628	0.00	240.6
1159	0.2	-7.78	4.632	0.04	240.8
1160	0.0	-7.78	4.636	0.00	240.8
1161	0.0	-7.80	4.640	0.00	241.4
1162	0.2	-7.80	4.644	0.04	241.4
1163	0.0	-7.80	4.648	0.00	241.4
1164	0.0	-7.81	4.652	0.00	241.8
1165	0.2	-7.82	4.656	0.04	242.2
1166	0.0	-7.82	4.660	0.00	242.2
1167	-0.2	-7.83	4.664	-0.04	242.4
1168	0.0	-7.84	4.668	0.00	242.8
1169	0.0	-7.85	4.672	0.00	243.0
1170	0.0	-7.85	4.676	0.00	243.0
1171	0.0	-7.87	4.680	0.00	243.6
1172	0.2	-7.87	4.684	0.04	243.6
1173	0.0	-7.87	4.688	0.00	243.6
1174	0.0	-7.88	4.692	0.00	244.0
1175	0.0	-7.89	4.696	0.00	244.2
1176	-0.2	-7.90	4.700	-0.04	244.6
1177	0.0	-7.90	4.704	0.00	244.6
1178	0.0	-7.91	4.708	0.00	244.8
1179	-0.2	-7.92	4.712	-0.04	245.2
1180	0.0	-7.92	4.716	0.00	245.2
1181	0.0	-7.93	4.720	0.00	245.6
1182	0.0	-7.94	4.724	0.00	245.8
1183	0.0	-7.94	4.728	0.00	245.8
1184	0.0	-7.95	4.732	0.00	246.2
1185	-0.4	-7.96	4.736	-0.08	246.4
1186	0.2	-7.98	4.740	0.04	247.0
1187	0.0	-7.98	4.744	0.00	247.0
1188	0.0	-7.98	4.748	0.00	247.0
1189	-0.2	-7.99	4.752	-0.04	247.4
1190	0.0	-7.99	4.756	0.00	247.4
1191	0.0	-8.00	4.760	0.00	247.6
1192	0.0	-8.01	4.764	0.00	248.0
1193	0.0	-8.01	4.768	0.00	248.0
1194	0.0	-8.02	4.772	0.00	248.2
1195	-0.2	-8.03	4.776	-0.04	248.6
1196	0.0	-8.04	4.780	0.00	249.0
1197	0.2	-8.04	4.784	0.04	249.0
1198	-0.2	-8.05	4.788	-0.04	249.2
1199	0.0	-8.06	4.792	0.00	249.6
1200	0.0	-8.06	4.796	0.00	249.6
1201	0.0	-8.07	4.800	0.00	249.8
1202	0.0	-8.08	4.804	0.00	250.2
1203	0.0	-8.08	4.808	0.00	250.2
1204	0.0	-8.09	4.812	0.00	250.4
1205	0.0	-8.10	4.816	0.00	250.8
1206	-0.4	-8.12	4.820	-0.08	251.4
1207	0.0	-8.12	4.824	0.00	251.4
1208	-0.2	-8.12	4.828	-0.04	251.4
1209	0.0	-8.13	4.832	0.00	251.8
1210	0.0	-8.13	4.836	0.00	251.8
1211	0.0	-8.14	4.840	0.00	252.0
1212	0.2	-8.15	4.844	0.04	252.4
1213	0.0	-8.16	4.848	0.00	252.6
1214	0.0	-8.16	4.852	0.00	252.6
1215	-0.2	-8.17	4.856	-0.04	253.0
1216	-0.2	-8.18	4.860	-0.04	253.2
1217	0.0	-8.18	4.864	0.00	253.2
1218	0.0	-8.19	4.868	0.00	253.6
1219	-0.2	-8.20	4.872	-0.04	253.8
1220	0.2	-8.20	4.876	0.04	253.8
1221	0.0	-8.21	4.880	0.00	254.2
1222	-0.2	-8.22	4.884	-0.04	254.4
1223	0.2	-8.23	4.888	0.04	254.8
1224	0.0	-8.23	4.892	0.00	254.8
1225	0.2	-8.24	4.896	0.04	255.2
1226	0.2	-8.25	4.900	0.04	255.4
1227	-0.2	-8.25	4.904	-0.04	255.4
1228	-0.6	-8.26	4.908	-0.12	255.8
1229	0.0	-8.27	4.912	0.00	256.0
1230	0.0	-8.27	4.916	0.00	256.0
1231	0.2	-8.28	4.920	0.04	256.4
1232	0.4	-8.30	4.924	0.08	257.0
1233	0.0	-8.30	4.928	0.00	257.0
1234	0.0	-8.30	4.932	0.00	257.0
1235	0.0	-8.31	4.936	0.00	257.2
1236	0.0	-8.32	4.940	0.00	257.6
1237	-0.2	-8.32	4.944	-0.04	257.6
1238	0.0	-8.33	4.948	0.00	257.8
1239	0.0	-8.34	4.952	0.00	258.2
1240	0.0	-8.35	4.956	0.00	258.6
1241	0.0	-8.35	4.960	0.00	258.6
1242	0.2	-8.36	4.964	0.04	258.8
1243	-0.4	-8.37	4.968	-0.08	259.2
1244	-0.4	-8.37	4.972	-0.08	259.2
1245	0.0	-8.38	4.976	0.00	259.4
1246	0.0	-8.39	4.980	0.00	259.8
1247	0.2	-8.39	4.984	0.04	259.8
1248	0.2	-8.40	4.988	0.04	260.0
1249	0.0	-8.41	4.992	0.00	260.4
1250	0.0	-8.42	4.996	0.00	260.6
1251	0.0	-8.42	5.000	0.00	260.6
1252	0.0	-8.44	5.004	0.00	261.4
1253	0.0	-8.44	5.008	0.00	261.4
1254	0.0	-8.44	5.012	0.00	261.4
1255	-0.4	-8.45	5.016	-0.08	261.6
1256	0.0	-8.46	5.020	0.00	262.0
1257	0.0	-8.46	5.024	0.00	262.0
1258	0.0	-8.47	5.028	0.00	262.2
1259	0.0	-8.48	5.032	0.00	262.6
1260	0.2	-8.49	5.036	0.04	262.8
1261	0.0	-8.49	5.040	0.00	262.8
1262	0.0	-8.50	5.044	0.00	263.2
1263	-0.2	-8.51	5.048	-0.04	263.4
1264	0.2	-8.51	5.052	0.04	263.4
1265	0.0	-8.52	5.056	0.00	263.8
1266	-0.4	-8.53	5.060	-0.08	264.0
1267	0.0	-8.54	5.064	0.00	264.4
1268	0.0	-8.54	5.068	0.00	264.4
1269	0.0	-8.55	5.072	0.00	264.8
1270	0.2	-8.56	5.076	0.04	265.0
1271	0.2	-8.56	5.080	0.04	265.0
1272	0.2	-8.57	5.084	0.04	265.4
1273	0.2	-8.58	5.088	0.04	265.6
1274	0.2	-8.58	5.092	0.04	265.6
1275	-0.2	-8.59	5.096	-0.04	266.0
1276	0.2	-8.60	5.100	0.04	266.2
1277	0.2	-8.62	5.104	0.04	266.8
1278	0.0	-8.62	5.108	0.00	266.8
1279	0.0	-8.62	5.112	0.00	266.8
1280	0.2	-8.64	5.116	0.04	267.4
1281	0.0	-8.64	5.120	0.00	267.4
1282	-0.2	-8.64	5.124	-0.04	267.4
1283	0.0	-8.65	5.128	0.00	267.8
1284	0.2	-8.65	5.132	0.04	267.8
1285	0.2	-8.66	5.136	0.04	268.2
1286	0.0	-8.67	5.140	0.00	268.4
1287	0.0	-8.68	5.144	0.00	268.8
1288	0.4	-8.68	5.148	0.08	268.8
1289	0.2	-8.69	5.152	0.04	269.0
1290	-0.2	-8.70	5.156	-0.04	269.4
1291	0.0	-8.70	5.160	0.00	269.4
1292	-0.2	-8.71	5.164	-0.04	269.6
1293	-0.2	-8.72	5.168	-0.04	270.0
1294	0.0	-8.73	5.172	0.00	270.2
1295	0.0	-8.73	5.176	0.00	270.2
1296	0.2	-8.74	5.180	0.04	270.6
1297	0.0	-8.75	5.184	0.00	270.8
1298	0.0	-8.75	5.188	0.00	270.8
1299	-0.2	-8.76	5.192	-0.04	271.2
1300	0.0	-8.77	5.196	0.00	271.6
1301	0.0	-8.77	5.200	0.00	271.6
1302	0.2	-8.78	5.204	0.04	271.8
1303	0.0	-8.79	5.208	0.00	272.2
1304	0.0	-8.80	5.212	0.00	272.4
1305	0.0	-8.80	5.216	0.00	272.4
1306	0.0	-8.81	5.220	0.00	272.8
1307	-0.2	-8.82	5.224	-0.04	273.0
1308	0.0	-8.82	5.228	0.00	273.0
1309	0.0	-8.83	5.232	0.00	273.4
1310	0.0	-8.84	5.236	0.00	273.6
1311	-0.2	-8.84	5.240	-0.04	273.6
1312	-0.4	-8.85	5.244	-0.08	274.0
1313	0.0	-8.86	5.248	0.00	274.4
1314	0.0	-8.87	5.252	0.00	274.6
1315	0.2	-8.87	5.256	0.04	274.6
1316	0.0	-8.88	5.260	0.00	275.0
1317	0.0	-8.89	5.264	0.00	275.2
1318	0.0	-8.89	5.268	0.00	275.2
1319	0.2	-8.90	5.272	0.04	275.6
1320	0.0	-8.91	5.276	0.00	275.8
1321	0.0	-8.92	5.280	0.00	276.2
1322	0.2	-8.92	5.284	0.04	276.2
1323	0.2	-8.93	5.288	0.04	276.4
1324	0.0	-8.94	5.292	0.00	276.8
1325	-0.4	-8.94	5.296	-0.08	276.8
1326	0.0	-8.95	5.300	0.00	277.0
1327	0.0	-8.96	5.304	0.00	277.4
1328	0.0	-8.96	5.308	0.00	277.4
1329	0.0	-8.97	5.312	0.00	277.8
1330	0.2	-8.98	5.316	0.04	278.0
1331	0.0	-8.99	5.320	0.00	278.4
1332	0.0	-8.99	5.324	0.00	278.4
1333	0.4	-9.00	5.328	0.08	278.6
1334	0.0	-9.01	5.332	0.00	279.0
1335	0.2	-9.01	5.336	0.04	279.0
1336	0.0	-9.02	5.340	0.00	279.2
1337	-0.2	-9.03	5.344	-0.04	279.6
1338	0.0	-9.04	5.348	0.00	279.8
1339	0.0	-9.04	5.352	0.00	279.8
1340	0.0	-9.05	5.356	0.00	280.2
1341	0.0	-9.06	5.360	0.00	280.4
1342	0.0	-9.06	5.364	0.00	280.4
1343	-0.4	-9.07	5.368	-0.08	280.8
1344	0.0	-9.08	5.372	0.00	281.2
1345	-0.2	-9.08	5.376	-0.04	281.2
1346	-0.2	-9.09	5.380	-0.04	281.4
1347	-0.2	-9.10	5.384	-0.04	281.8
1348	0.0	-9.11	5.388	0.00	282.0
1349	0.0	-9.11	5.392	0.00	282.0
1350	0.0	-9.12	5.396	0.00	282.4
1351	0.0	-9.13	5.400	0.00	282.6
1352	-0.2	-9.13	5.404	-0.04	282.6
1353	-0.2	-9.14	5.408	-0.04	283.0
1354	0.0	-9.15	5.412	0.00	283.2
1355	0.0	-9.15	5.416	0.00	283.2
1356	0.2	-9.16	5.420	0.04	283.6
1357	0.0	-9.17	5.424	0.00	284.0
1358	0.0	-9.18	5.428	0.00	284.2
1359	0.0	-9.18	5.432	0.00	284.2
1360	0.0	-9.19	5.436	0.00	284.6
1361	0.0	-9.20	5.440	0.00	284.8
1362	0.0	-9.20	5.444	0.00	284.8
1363	0.0	-9.21	5.448	0.00	285.2
1364	0.0	-9.22	5.452	0.00	285.4
1365	0.2	-9.23	5.456	0.04	285.8
1366	0.0	-9.23	5.460	0.00	285.8
1367	0.0	-9.24	5.464	0.00	286.0
1368	0.0	-9.25	5.468	0.00	286.4
1369	0.0	-9.25	5.472	0.00	286.4
1370	0.2	-9.26	5.476	0.04	286.6
1371	0.0	-9.27	5.480	0.00	287.0
1372	0.0	-9.27	5.484	0.00	287.0
1373	0.0	-9.28	5.488	0.00	287.4
1374	0.0	-9.29	5.492	0.00	287.6
1375	0.0	-9.30	5.496	0.00	288.0
1376	0.0	-9.30	5.500	0.00	288.0
1377	0.0	-9.31	5.504	0.00	288.2
1378	-0.2	-9.32	5.508	-0.04	288.6
1379	0.0	-9.32	5.512	0.00	288.6
1380	0.0	-9.33	5.516	0.00	288.8
1381	0.0	-9.34	5.520	0.00	289.2
1382	-0.2	-9.35	5.524	-0.04	289.4
1383	-0.2	-9.35	5.528	-0.04	289.4
1384	-0.2	-9.36	5.532	-0.04	289.8
1385	0.0	-9.37	5.536	0.00	290.0
1386	0.0	-9.37	5.540	0.00	290.0
1387	0.2	-9.38	5.544	0.04	290.4
1388	0.0	-9.39	5.548	0.00	290.8
1389	0.0	-9.40	5.552	0.00	291.0
1390	0.0	-9.40	5.556	0.00	291.0
1391	0.0	-9.41	5.560	0.00	291.4
1392	-0.2	-9.42	5.564	-0.04	291.6
1393	0.2	-9.42	5.568	0.04	291.6
1394	0.0	-9.43	5.572	0.00	292.0
1395	0.2	-9.44	5.576	0.04	292.2
1396	0.0	-9.45	5.580	0.00	292.6
1397	0.2	-9.45	5.584	0.04	292.6
1398	0.2	-9.46	5.588	0.04	292.8
1399	0.0	-9.48	5.592	0.00	293.4
1400	0.0	-9.48	5.596	0.00	293.4
1401	0.2	-9.48	5.600	0.04	293.4
1402	0.0	-9.49	5.604	0.00	293.8
1403	0.2	-9.49	5.608	0.04	293.8
1404	0.2	-9.50	5.612	0.04	294.2
1405	0.0	-9.51	5.616	0.00	294.4
1406	0.0	-9.52	5.620	0.00	294.8
1407	0.0	-9.52	5.624	0.00	294.8
1408	0.0	-9.53	5.628	0.00	295.0
1409	-0.2	-9.54	5.632	-0.04	295.4
1410	-0.2	-9.54	5.636	-0.04	295.4
1411	-0.2	-9.55	5.640	-0.04	295.6
1412	0.0	-9.56	5.644	0.00	296.0
1413	-0.2	-9.56	5.648	-0.04	296.0
1414	-0.2	-9.57	5.652	-0.04	296.2
1415	-0.2	-9.58	5.656	-0.04	296.6
1416	-0.2	-9.59	5.660	-0.04	297.0
1417	-0.2	-9.59	5.664	-0.04	297.0
1418	0.0	-9.60	5.668	0.00	297.2
1419	0.0	-9.61	5.672	0.00	297.6
1420	0.0	-9.61	5.676	0.00	297.6
1421	0.0	-9.62	5.680	0.00	297.8
1422	-0.2	-9.63	5.684	-0.04	298.2
1423	0.0	-9.64	5.688	0.00	298.4
1424	0.0	-9.64	5.692	0.00	298.4
1425	0.2	-9.65	5.696	0.04	298.8
1426	0.2	-9.66	5.700	0.04	299.0
1427	0.0	-9.66	5.704	0.00	299.0
1428	0.0	-9.67	5.708	0.00	299.4
1429	-0.2	-9.68	5.712	-0.04	299.6
1430	0.0	-9.68	5.716	0.00	299.6
1431	0.0	-9.69	5.720	0.00	300.0
1432	0.0	-9.70	5.724	0.00	300.4
1433	-0.2	-9.71	5.728	-0.04	300.6
1434	0.0	-9.71	5.732	0.00	300.6
1435	0.0	-9.72	5.736	0.00	301.0
1436	-0.2	-9.73	5.740	-0.04	301.2
1437	-0.2	-9.73	5.744	-0.04	301.2
1438	0.0	-9.74	5.748	0.00	301.6
1439	-0.4	-9.75	5.752	-0.08	301.8
1440	-0.2	-9.75	5.756	-0.04	301.8
1441	0.0	-9.76	5.760	0.00	302.2
1442	0.0	-9.77	5.764	0.00	302.4
1443	0.0	-9.77	5.768	0.00	302.4
1444	0.0	-9.77	5.772	0.00	302.4
1445	0.0	-9.78	5.776	0.00	302.8
1446	0.2	-9.79	5.780	0.04	303.0
1447	0.0	-9.79	5.784	0.00	303.0
1448	0.0	-9.80	5.788	0.00	303.4
1449	0.2	-9.81	5.792	0.04	303.8
1450	0.0	-9.81	5.796	0.00	303.8
1451	-0.2	-9.82	5.800	-0.04	304.0
1452	0.0	-9.83	5.804	0.00	304.4
1453	0.0	-9.84	5.808	0.00	304.6
1454	-0.2	-9.84	5.812	-0.04	304.6
1455	-0.4	-9.85	5.816	-0.08	305.0
1456	0.0	-9.86	5.820	0.00	305.2
1457	-0.2	-9.86	5.824	-0.04	305.2
1458	0.2	-9.87	5.828	0.04	305.6
1459	0.2	-9.88	5.832	0.04	305.8
1460	0.0	-9.89	5.836	0.00	306.2
1461	0.0	-9.89	5.840	0.00	306.2
1462	0.2	-9.90	5.844	0.04	306.6
1463	0.2	-9.91	5.848	0.04	306.8
1464	0.0	-9.91	5.852	0.00	306.8
1465	0.0	-9.92	5.856	0.00	307.2
1466	0.0	-9.93	5.860	0.00	307.4
1467	-0.2	-9.93	5.864	-0.04	307.4
1468	-0.4	-9.94	5.868	-0.08	307.8
1469	0.0	-9.95	5.872	0.00	308.0
1470	0.0	-9.96	5.876	0.00	308.4
1471	0.0	-9.96	5.880	0.00	308.4
1472	0.0	-9.97	5.884	0.00	308.6
1473	0.0	-9.98	5.888	0.00	309.0
1474	0.0	-9.98	5.892	0.00	309.0
1475	0.0	-9.99	5.896	0.00	309.2
1476	0.0	-10.00	5.900	0.00	309.6
1477	-0.2	-10.00	5.904	-0.04	309.6
1478	0.0	-10.01	5.908	0.00	310.0
1479	0.0	-10.02	5.912	0.00	310.2
1480	0.0	-10.02	5.916	0.00	310.2
1481	0.0	-10.03	5.920	0.00	310.6
1482	0.0	-10.04	5.924	0.00	310.8
1483	0.0	-10.05	5.928	0.00	311.2
1484	0.4	-10.05	5.932	0.08	311.2
1485	0.2	-10.06	5.936	0.04	311.4
1486	0.2	-10.07	5.940	0.04	311.8
1487	0.0	-10.08	5.944	0.00	312.0
1488	-0.2	-10.08	5.948	-0.04	312.0
1489	0.0	-10.09	5.952	0.00	312.4
1490	0.0	-10.10	5.956	0.00	312.6
1491	0.0	-10.10	5.960	0.00	312.6
1492	0.2	-10.11	5.964	0.04	313.0
1493	-0.4	-10.12	5.968	-0.08	313.4
1494	-0.2	-10.12	5.972	-0.04	313.4
1495	0.0	-10.13	5.976	0.00	313.6
1496	-0.2	-10.14	5.980	-0.04	314.0
1497	0.0	-10.14	5.984	0.00	314.0
1498	0.0	-10.15	5.988	0.00	314.2
1499	0.0	-10.16	5.992	0.00	314.6
1500	0.0	-10.17	5.996	0.00	314.8
1501	0.0	-10.17	6.000	0.00	314.8
1502	0.2	-10.18	6.004	0.04	315.2
1503	-0.2	-10.19	6.008	-0.04	315.4
1504	0.0	-10.19	6.012	0.00	315.4
1505	0.0	-10.20	6.016	0.00	315.8
1506	0.0	-10.21	6.020	0.00	316.0
1507	0.2	-10.21	6.024	0.04	316.0
1508	0.2	-10.22	6.028	0.04	316.4
1509	0.0	-10.23	6.032	0.00	316.8
1510	-0.2	-10.24	6.036	-0.04	317.0
1511	0.0	-10.24	6.040	0.00	317.0
1512	0.0	-10.25	6.044	0.00	317.4
1513	0.0	-10.26	6.048	0.00	317.6
1514	0.0	-10.26	6.052	0.00	317.6
1515	0.0	-10.27	6.056	0.00	318.0
1516	0.2	-10.28	6.060	0.04	318.2
1517	-0.2	-10.28	6.064	-0.04	318.2
1518	-0.4	-10.29	6.068	-0.08	318.6
1519	0.0	-10.30	6.072	0.00	318.8
1520	0.0	-10.32	6.076	0.00	319.6
1521	0.0	-10.32	6.080	0.00	319.6
1522	0.0	-10.32	6.084	0.00	319.6
1523	0.0	-10.33	6.088	0.00	319.8
1524	-0.4	-10.33	6.092	-0.08	319.8
1525	-0.2	-10.34	6.096	-0.04	320.2
1526	0.0	-10.35	6.100	0.00	320.4
1527	0.0	-10.35	6.104	0.00	320.4
1528	0.0	-10.36	6.108	0.00	320.8
1529	0.0	-10.37	6.112	0.00	321.0
1530	0.0	-10.38	6.116	0.00	321.4
1531	0.0	-10.38	6.120	0.00	321.4
1532	0.0	-10.39	6.124	0.00	321.6
1533	0.0	-10.40	6.128	0.00	322.0
1534	-0.2	-10.40	6.132	-0.04	322.0
1535	0.0	-10.42	6.136	0.00	322.6
1536	0.0	-10.42	6.140	0.00	322.6
1537	0.0	-10.42	6.144	0.00	322.6
1538	0.0	-10.43	6.148	0.00	323.0
1539	0.0	-10.44	6.152	0.00	323.2
1540	0.0	-10.45	6.156	0.00	323.6
1541	-0.2	-10.45	6.160	-0.04	323.6
1542	0.0	-10.46	6.164	0.00	323.8
1543	0.0	-10.47	6.168	0.00	324.2
1544	0.0	-10.47	6.172	0.00	324.2
1545	-0.2	-10.48	6.176	-0.04	324.4
1546	-0.4	-10.49	6.180	-0.08	324.8
1547	-0.2	-10.49	6.184	-0.04	324.8
1548	0.0	-10.50	6.188	0.00	325.0
1549	0.0	-10.51	6.192	0.00	325.4
1550	-0.2	-10.51	6.196	-0.04	325.4
1551	0.0	-10.52	6.200	0.00	325.6
1552	0.0	-10.53	6.204	0.00	326.0
1553	0.0	-10.54	6.208	0.00	326.4
1554	0.2	-10.54	6.212	0.04	326.4
1555	-0.2	-10.55	6.216	-0.04	326.6
1556	0.0	-10.56	6.220	0.00	327.0
1557	0.2	-10.56	6.224	0.04	327.0
1558	0.0	-10.57	6.228	0.00	327.2
1559	0.0	-10.58	6.232	0.00	327.6
1560	0.0	-10.58	6.236	0.00	327.6
1561	0.0	-10.59	6.240	0.00	327.8
1562	0.2	-10.60	6.244	0.04	328.2
1563	0.0	-10.61	6.248	0.00	328.4
1564	0.0	-10.61	6.252	0.00	328.4
1565	0.0	-10.62	6.256	0.00	328.8
1566	0.0	-10.63	6.260	0.00	329.2
1567	0.0	-10.63	6.264	0.00	329.2
1568	0.2	-10.64	6.268	0.04	329.4
1569	0.2	-10.66	6.272	0.04	330.0
1570	0.0	-10.66	6.276	0.00	330.0
1571	0.0	-10.66	6.280	0.00	330.0
1572	0.0	-10.67	6.284	0.00	330.4
1573	0.0	-10.68	6.288	0.00	330.6
1574	0.0	-10.68	6.292	0.00	330.6
1575	0.0	-10.69	6.296	0.00	331.0
1576	0.0	-10.70	6.300	0.00	331.2
1577	0.0	-10.70	6.304	0.00	331.2
1578	0.0	-10.71	6.308	0.00	331.6
1579	0.0	-10.72	6.312	0.00	331.8
1580	0.0	-10.72	6.316	0.00	331.8
1581	0.0	-10.74	6.320	0.00	332.6
1582	0.0	-10.74	6.324	0.00	332.6
1583	0.0	-10.74	6.328	0.00	332.6
1584	0.0	-10.75	6.332	0.00	332.8
1585	0.0	-10.76	6.336	0.00	333.2
1586	0.0	-10.77	6.340	0.00	333.4
1587	0.0	-10.77	6.344	0.00	333.4
1588	-0.4	-10.78	6.348	-0.08	333.8
1589	0.0	-10.79	6.352	0.00	334.0
1590	0.0	-10.79	6.356	0.00	334.0
1591	0.0	-10.80	6.360	0.00	334.4
1592	0.0	-10.81	6.364	0.00	334.6
1593	0.0	-10.81	6.368	0.00	334.6
1594	-0.4	-10.82	6.372	-0.08	335.0
1595	0.0	-10.83	6.376	0.00	335.2
1596	0.0	-10.84	6.380	0.00	335.6
1597	0.0	-10.84	6.384	0.00	335.6
1598	0.0	-10.85	6.388	0.00	336.0
1599	0.0	-10.86	6.392	0.00	336.2
1600	0.0	-10.86	6.396	0.00	336.2
1601	-0.2	-10.87	6.400	-0.04	336.6
1602	0.0	-10.88	6.404	0.00	336.8
1603	0.0	-10.88	6.408	0.00	336.8
1604	0.0	-10.89	6.412	0.00	337.2
1605	0.0	-10.90	6.416	0.00	337.4
1606	-0.4	-10.91	6.420	-0.08	337.8
1607	0.0	-10.91	6.424	0.00	337.8
1608	0.2	-10.92	6.428	0.04	338.0
1609	-0.2	-10.93	6.432	-0.04	338.4
1610	-0.2	-10.93	6.436	-0.04	338.4
1611	0.0	-10.94	6.440	0.00	338.6
1612	0.2	-10.95	6.444	0.04	339.0
1613	0.0	-10.95	6.448	0.00	339.0
1614	0.0	-10.96	6.452	0.00	339.4
1615	-0.2	-10.98	6.456	-0.04	340.0
1616	0.0	-10.98	6.460	0.00	340.0
1617	0.0	-10.98	6.464	0.00	340.0
1618	0.0	-10.99	6.468	0.00	340.2
1619	-0.2	-11.00	6.472	-0.04	340.6
1620	0.0	-11.00	6.476	0.00	340.6
1621	0.2	-11.01	6.480	0.04	340.8
1622	-0.2	-11.02	6.484	-0.04	341.2
1623	-0.4	-11.02	6.488	-0.08	341.2
1624	0.0	-11.03	6.492	0.00	341.4
1625	0.0	-11.04	6.496	0.00	341.8
1626	0.0	-11.04	6.500	0.00	341.8
1627	0.0	-11.05	6.504	0.00	342.2
1628	0.2	-11.06	6.508	0.04	342.4
1629	0.2	-11.08	6.512	0.04	343.0
1630	0.2	-11.08	6.516	0.04	343.0
1631	0.2	-11.08	6.520	0.04	343.0
1632	-0.2	-11.09	6.524	-0.04	343.4
1633	-0.2	-11.09	6.528	-0.04	343.4
1634	0.4	-11.10	6.532	0.08	343.6
1635	0.0	-11.11	6.536	0.00	344.0
1636	0.2	-11.11	6.540	0.04	344.0
1637	0.0	-11.12	6.544	0.00	344.2
1638	0.0	-11.13	6.548	0.00	344.6
1639	0.0	-11.14	6.552	0.00	344.8
1640	0.0	-11.14	6.556	0.00	344.8
1641	0.0	-11.16	6.560	0.00	345.6
1642	0.0	-11.16	6.564	0.00	345.6
1643	0.2	-11.16	6.568	0.04	345.6
1644	0.2	-11.17	6.572	0.04	345.8
1645	0.0	-11.18	6.576	0.00	346.2
1646	0.0	-11.18	6.580	0.00	346.2
1647	-0.2	-11.19	6.584	-0.04	346.4
1648	0.0	-11.20	6.588	0.00	346.8
1649	0.0	-11.21	6.592	0.00	347.0
1650	0.0	-11.21	6.596	0.00	347.0
1651	0.0	-11.22	6.600	0.00	347.4
1652	0.0	-11.23	6.604	0.00	347.6
1653	0.0	-11.23	6.608	0.00	347.6
1654	0.0	-11.24	6.612	0.00	348.0
1655	-0.2	-11.25	6.616	-0.04	348.2
1656	0.0	-11.25	6.620	0.00	348.2
1657	-0.4	-11.26	6.624	-0.08	348.6
1658	-0.2	-11.27	6.628	-0.04	349.0
1659	0.0	-11.27	6.632	0.00	349.0
1660	0.0	-11.28	6.636	0.00	349.2
1661	-0.4	-11.29	6.640	-0.08	349.6
1662	-0.2	-11.30	6.644	-0.04	349.8
1663	0.0	-11.30	6.648	0.00	349.8
1664	0.0	-11.32	6.652	0.00	350.4
1665	-0.2	-11.32	6.656	-0.04	350.4
1666	0.0	-11.32	6.660	0.00	350.4
1667	0.0	-11.33	6.664	0.00	350.8
1668	0.0	-11.34	6.668	0.00	351.0
1669	0.0	-11.34	6.672	0.00	351.0
1670	-0.2	-11.35	6.676	-0.04	351.4
1671	0.0	-11.36	6.680	0.00	351.8
1672	0.0	-11.36	6.684	0.00	351.8
1673	0.0	-11.37	6.688	0.00	352.0
1674	-0.2	-11.38	6.692	-0.04	352.4
1675	-0.2	-11.40	6.696	-0.04	353.0
1676	0.0	-11.40	6.700	0.00	353.0
1677	0.0	-11.40	6.704	0.00	353.0
1678	0.0	-11.41	6.708	0.00	353.2
1679	0.2	-11.41	6.712	0.04	353.2
1680	0.0	-11.42	6.716	0.00	353.6
1681	0.2	-11.43	6.720	0.04	353.8
1682	0.0	-11.43	6.724	0.00	353.8
1683	0.0	-11.44	6.728	0.00	354.2
1684	0.0	-11.45	6.732	0.00	354.4
1685	0.0	-11.45	6.736	0.00	354.4
1686	0.0	-11.46	6.740	0.00	354.8
1687	0.0	-11.47	6.744	0.00	355.2
1688	0.0	-11.48	6.748	0.00	355.4
1689	0.0	-11.48	6.752	0.00	355.4
1690	0.0	-11.50	6.756	0.00	356.0
1691	0.0	-11.50	6.760	0.00	356.0
1692	0.0	-11.50	6.764	0.00	356.0
1693	0.0	-11.51	6.768	0.00	356.4
1694	-0.2	-11.52	6.772	-0.04	356.6
1695	0.0	-11.52	6.776	0.00	356.6
1696	0.0	-11.53	6.780	0.00	357.0
1697	0.0	-11.54	6.784	0.00	357.2
1698	0.0	-11.55	6.788	0.00	357.6
1699	0.2	-11.55	6.792	0.04	357.6
1700	-0.2	-11.56	6.796	-0.04	357.8
1701	0.0	-11.58	6.800	0.00	358.6
1702	0.0	-11.58	6.804	0.00	358.6
1703	-0.2	-11.58	6.808	-0.04	358.6
1704	0.0	-11.59	6.812	0.00	358.8
1705	0.0	-11.59	6.816	0.00	358.8
1706	0.0	-11.60	6.820	0.00	359.2
1707	-0.2	-11.61	6.824	-0.04	359.4
1708	-0.4	-11.62	6.828	-0.08	359.8
1709	0.0	-11.62	6.832	0.00	359.8
1710	0.0	-11.63	6.836	0.00	360.0
1711	-0.2	-11.64	6.840	-0.04	360.4
1712	0.0	-11.64	6.844	0.00	360.4
1713	0.2	-11.65	6.848	0.04	360.6
1714	0.0	-11.66	6.852	0.00	361.0
1715	0.0	-11.66	6.856	0.00	361.0
1716	0.2	-11.67	6.860	0.04	361.4
1717	0.0	-11.68	6.864	0.00	361.6
1718	-0.2	-11.68	6.868	-0.04	361.6
1719	-0.2	-11.69	6.872	-0.04	362.0
1720	0.2	-11.70	6.876	0.04	362.2
1721	0.2	-11.71	6.880	0.04	362.6
1722	0.2	-11.71	6.884	0.04	362.6
1723	0.0	-11.72	6.888	0.00	362.8
1724	0.0	-11.74	6.892	0.00	363.4
1725	0.0	-11.74	6.896	0.00	363.4
1726	0.0	-11.74	6.900	0.00	363.4
1727	0.2	-11.75	6.904	0.04	363.8
1728	0.2	-11.75	6.908	0.04	363.8
1729	0.0	-11.77	6.912	0.00	364.4
1730	-0.2	-11.78	6.916	-0.04	364.8
1731	0.0	-11.79	6.920	0.00	365.0
1732	0.2	-11.79	6.924	0.04	365.0
1733	0.0	-11.80	6.928	0.00	365.4
1734	0.0	-11.82	6.932	0.00	366.0
1735	0.0	-11.82	6.936	0.00	366.0
1736	0.0	-11.82	6.940	0.00	366.0
1737	0.0	-11.83	6.944	0.00	366.2
1738	0.2	-11.83	6.948	0.04	366.2
1739	0.2	-11.84	6.952	0.04	366.6
1740	0.0	-11.85	6.956	0.00	366.8
1741	0.0	-11.86	6.960	0.00	367.2
1742	0.0	-11.86	6.964	0.00	367.2
1743	0.2	-11.87	6.968	0.04	367.4
1744	0.0	-11.88	6.972	0.00	367.8
1745	0.0	-11.88	6.976	0.00	367.8
1746	0.0	-11.89	6.980	0.00	368.2
1747	0.2	-11.90	6.984	0.04	368.4
1748	-0.2	-11.90	6.988	-0.04	368.4
1749	-0.2	-11.92	6.992	-0.04	369.0
1750	-0.2	-11.92	6.996	-0.04	369.0
1751	0.0	-11.92	7.000	0.00	369.0
1752	0.0	-11.93	7.004	0.00	369.4
1753	0.2	-11.94	7.008	0.04	369.6
1754	0.2	-11.94	7.012	0.04	369.6
1755	0.0	-11.95	7.016	0.00	370.0
1756	0.2	-11.96	7.020	0.04	370.2
1757	0.0	-11.97	7.024	0.00	370.6
1758	0.0	-11.97	7.028	0.00	370.6
1759	0.2	-11.98	7.032	0.04	370.8
1760	0.0	-11.99	7.036	0.00	371.2
1761	-0.2	-11.99	7.040	-0.04	371.2
1762	0.0	-12.00	7.044	0.00	371.6
1763	-0.2	-12.01	7.048	-0.04	371.8
1764	-0.2	-12.02	7.052	-0.04	372.2
1765	-0.2	-12.02	7.056	-0.04	372.2
1766	0.2	-12.03	7.060	0.04	372.4
1767	0.2	-12.04	7.064	0.04	372.8
1768	0.0	-12.04	7.068	0.00	372.8
1769	-0.2	-12.05	7.072	-0.04	373.0
1770	0.0	-12.06	7.076	0.00	373.4
1771	0.0	-12.06	7.080	0.00	373.4
1772	0.0	-12.08	7.084	0.00	374.0
1773	0.0	-12.08	7.088	0.00	374.0
1774	0.0	-12.09	7.092	0.00	374.4
1775	0.0	-12.09	7.096	0.00	374.4
1776	0.0	-12.10	7.100	0.00	374.6
1777	0.0	-12.11	7.104	0.00	375.0
1778	0.0	-12.11	7.108	0.00	375.0
1779	0.2	-12.12	7.112	0.04	375.2
1780	0.0	-12.13	7.116	0.00	375.6
1781	0.2	-12.13	7.120	0.04	375.6
1782	0.0	-12.14	7.124	0.00	375.8
1783	0.0	-12.15	7.128	0.00	376.2
1784	-0.2	-12.15	7.132	-0.04	376.2
1785	-0.2	-12.16	7.136	-0.04	376.4
1786	0.0	-12.17	7.140	0.00	376.8
1787	0.0	-12.17	7.144	0.00	376.8
1788	-0.2	-12.18	7.148	-0.04	377.0
1789	0.0	-12.19	7.152	0.00	377.4
1790	0.0	-12.20	7.156	0.00	377.8
1791	-0.2	-12.20	7.160	-0.04	377.8
1792	-0.2	-12.21	7.164	-0.04	378.0
1793	-0.2	-12.22	7.168	-0.04	378.4
1794	0.0	-12.22	7.172	0.00	378.4
1795	0.0	-12.24	7.176	0.00	379.0
1796	0.0	-12.24	7.180	0.00	379.0
1797	-0.2	-12.24	7.184	-0.04	379.0
1798	-0.2	-12.25	7.188	-0.04	379.2
1799	-0.2	-12.26	7.192	-0.04	379.6
1800	0.0	-12.27	7.196	0.00	379.8
1801	0.2	-12.27	7.200	0.04	379.8
1802	0.0	-12.28	7.204	0.00	380.2
1803	0.0	-12.29	7.208	0.00	380.4
1804	0.0	-12.29	7.212	0.00	380.4
1805	0.0	-12.30	7.216	0.00	380.8
1806	0.0	-12.31	7.220	0.00	381.2
1807	0.0	-12.31	7.224	0.00	381.2
1808	0.0	-12.32	7.228	0.00	381.4
1809	0.0	-12.33	7.232	0.00	381.8
1810	-0.4	-12.34	7.236	-0.08	382.0
1811	0.0	-12.34	7.240	0.00	382.0
1812	0.0	-12.35	7.244	0.00	382.4
1813	-0.2	-12.36	7.248	-0.04	382.6
1814	-0.2	-12.36	7.252	-0.04	382.6
1815	0.0	-12.37	7.256	0.00	383.0
1816	0.0	-12.38	7.260	0.00	383.2
1817	0.2	-12.40	7.264	0.04	384.0
1818	0.0	-12.40	7.268	0.00	384.0
1819	0.0	-12.40	7.272	0.00	384.0
1820	0.0	-12.41	7.276	0.00	384.2
1821	-0.2	-12.41	7.280	-0.04	384.2
1822	-0.2	-12.42	7.284	-0.04	384.6
1823	-0.2	-12.43	7.288	-0.04	384.8
1824	0.0	-12.43	7.292	0.00	384.8
1825	0.0	-12.44	7.296	0.00	385.2
1826	0.2	-12.45	7.300	0.04	385.4
1827	0.0	-12.45	7.304	0.00	385.4
1828	0.0	-12.46	7.308	0.00	385.8
1829	0.2	-12.47	7.312	0.04	386.0
1830	0.0	-12.47	7.316	0.00	386.0
1831	0.0	-12.48	7.320	0.00	386.4
1832	0.0	-12.50	7.324	0.00	387.0
1833	0.0	-12.50	7.328	0.00	387.0
1834	0.0	-12.50	7.332	0.00	387.0
1835	0.0	-12.51	7.336	0.00	387.4
1836	-0.2	-12.52	7.340	-0.04	387.6
1837	0.0	-12.52	7.344	0.00	387.6
1838	0.2	-12.53	7.348	0.04	388.0
1839	0.0	-12.54	7.352	0.00	388.2
1840	0.2	-12.54	7.356	0.04	388.2
1841	-0.2	-12.55	7.360	-0.04	388.6
1842	-0.2	-12.56	7.364	-0.04	388.8
1843	0.0	-12.57	7.368	0.00	389.2
1844	0.0	-12.57	7.372	0.00	389.2
1845	0.0	-12.58	7.376	0.00	389.4
1846	0.0	-12.59	7.380	0.00	389.8
1847	0.0	-12.59	7.384	0.00	389.8
1848	-0.4	-12.60	7.388	-0.08	390.0
1849	0.0	-12.61	7.392	0.00	390.4
1850	0.0	-12.61	7.396	0.00	390.4
1851	0.0	-12.62	7.400	0.00	390.8
1852	0.2	-12.63	7.404	0.04	391.0
1853	0.2	-12.64	7.408	0.04	391.4
1854	0.2	-12.64	7.412	0.04	391.4
1855	0.2	-12.66	7.416	0.04	392.0
1856	0.0	-12.66	7.420	0.00	392.0
1857	0.2	-12.66	7.424	0.04	392.0
1858	-0.2	-12.67	7.428	-0.04	392.2
1859	0.0	-12.68	7.432	0.00	392.6
1860	-0.2	-12.68	7.436	-0.04	392.6
1861	-0.2	-12.69	7.440	-0.04	392.8
1862	0.0	-12.70	7.444	0.00	393.2
1863	0.0	-12.70	7.448	0.00	393.2
1864	0.2	-12.71	7.452	0.04	393.4
1865	0.2	-12.72	7.456	0.04	393.8
1866	0.0	-12.73	7.460	0.00	394.2
1867	0.0	-12.73	7.464	0.00	394.2
1868	0.0	-12.74	7.468	0.00	394.4
1869	0.0	-12.75	7.472	0.00	394.8
1870	0.0	-12.75	7.476	0.00	394.8
1871	0.0	-12.76	7.480	0.00	395.0
1872	0.0	-12.77	7.484	0.00	395.4
1873	-0.2	-12.77	7.488	-0.04	395.4
1874	0.0	-12.78	7.492	0.00	395.6
1875	0.0	-12.79	7.496	0.00	396.0
1876	0.0	-12.80	7.500	0.00	396.2
1877	0.0	-12.80	7.504	0.00	396.2
1878	0.0	-12.82	7.508	0.00	397.0
1879	-0.2	-12.82	7.512	-0.04	397.0
1880	0.0	-12.82	7.516	0.00	397.0
1881	-0.2	-12.83	7.520	-0.04	397.2
1882	0.2	-12.84	7.524	0.04	397.6
1883	0.0	-12.85	7.528	0.00	397.8
1884	0.0	-12.85	7.532	0.00	397.8
1885	0.0	-12.86	7.536	0.00	398.2
1886	0.0	-12.87	7.540	0.00	398.4
1887	0.0	-12.87	7.544	0.00	398.4
1888	0.0	-12.88	7.548	0.00	398.8
1889	0.0	-12.90	7.552	0.00	399.4
1890	0.0	-12.90	7.556	0.00	399.4
1891	0.0	-12.90	7.560	0.00	399.4
1892	-0.2	-12.92	7.564	-0.04	400.0
1893	-0.4	-12.92	7.568	-0.08	400.0
1894	-0.2	-12.92	7.572	-0.04	400.0
1895	0.2	-12.93	7.576	0.04	400.4
1896	0.0	-12.94	7.580	0.00	400.6
1897	-0.4	-12.94	7.584	-0.08	400.6
1898	0.0	-12.95	7.588	0.00	401.0
1899	0.2	-12.96	7.592	0.04	401.2
1900	0.2	-12.96	7.596	0.04	401.2
1901	0.2	-12.98	7.600	0.04	401.8
1902	-0.2	-12.98	7.604	-0.04	401.8
1903	0.0	-12.99	7.608	0.00	402.2
1904	0.2	-12.99	7.612	0.04	402.2
1905	0.2	-13.00	7.616	0.04	402.4
1906	0.0	-13.02	7.620	0.00	403.0
1907	0.0	-13.02	7.624	0.00	403.0
1908	-0.4	-13.02	7.628	-0.08	403.0
1909	0.0	-13.03	7.632	0.00	403.4
1910	-0.4	-13.04	7.636	-0.08	403.8
1911	0.0	-13.04	7.640	0.00	403.8
1912	0.0	-13.05	7.644	0.00	404.0
1913	0.0	-13.06	7.648	0.00	404.4
1914	0.0	-13.06	7.652	0.00	404.4
1915	-0.2	-13.08	7.656	-0.04	405.0
1916	0.0	-13.08	7.660	0.00	405.0
1917	0.0	-13.08	7.664	0.00	405.0
1918	0.0	-13.09	7.668	0.00	405.2
1919	-0.2	-13.10	7.672	-0.04	405.6
1920	0.0	-13.12	7.676	0.00	406.2
1921	0.0	-13.12	7.680	0.00	406.2
1922	0.0	-13.12	7.684	0.00	406.2
1923	0.0	-13.13	7.688	0.00	406.6
1924	0.2	-13.13	7.692	0.04	406.6
1925	0.0	-13.14	7.696	0.00	406.8
1926	-0.2	-13.16	7.700	-0.04	407.4
1927	-0.2	-13.16	7.704	-0.04	407.4
1928	0.0	-13.16	7.708	0.00	407.4
1929	-0.4	-13.17	7.712	-0.08	407.8
1930	0.0	-13.18	7.716	0.00	408.0
1931	0.0	-13.18	7.720	0.00	408.0
1932	0.0	-13.19	7.724	0.00	408.4
1933	0.0	-13.20	7.728	0.00	408.6
1934	0.2	-13.20	7.732	0.04	408.6
1935	0.4	-13.21	7.736	0.08	409.0
1936	0.0	-13.22	7.740	0.00	409.2
1937	0.0	-13.22	7.744	0.00	409.2
1938	-0.2	-13.23	7.748	-0.04	409.6
1939	0.0	-13.24	7.752	0.00	410.0
1940	0.0	-13.25	7.756	0.00	410.2
1941	0.0	-13.25	7.760	0.00	410.2
1942	0.0	-13.26	7.764	0.00	410.6
1943	0.0	-13.27	7.768	0.00	410.8
1944	0.0	-13.27	7.772	0.00	410.8
1945	-0.4	-13.28	7.776	-0.08	411.2
1946	0.0	-13.29	7.780	0.00	411.4
1947	0.0	-13.30	7.784	0.00	411.8
1948	0.0	-13.30	7.788	0.00	411.8
1949	0.0	-13.32	7.792	0.00	412.4
1950	-0.4	-13.32	7.796	-0.08	412.4
1951	0.0	-13.32	7.800	0.00	412.4
1952	0.0	-13.33	7.804	0.00	412.6
1953	0.2	-13.34	7.808	0.04	413.0
1954	0.0	-13.34	7.812	0.00	413.0
1955	0.0	-13.35	7.816	0.00	413.4
1956	0.0	-13.36	7.820	0.00	413.6
1957	-0.2	-13.37	7.824	-0.04	414.0
1958	0.0	-13.37	7.828	0.00	414.0
1959	-0.2	-13.38	7.832	-0.04	414.2
1960	-0.2	-13.39	7.836	-0.04	414.6
1961	0.0	-13.39	7.840	0.00	414.6
1962	-0.2	-13.40	7.844	-0.04	414.8
1963	0.0	-13.42	7.848	0.00	415.4
1964	0.0	-13.42	7.852	0.00	415.4
1965	-0.2	-13.42	7.856	-0.04	415.4
1966	-0.4	-13.43	7.860	-0.08	415.8
1967	0.0	-13.44	7.864	0.00	416.0
1968	0.0	-13.44	7.868	0.00	416.0
1969	0.2	-13.45	7.872	0.04	416.4
1970	0.0	-13.46	7.876	0.00	416.8
1971	0.0	-13.46	7.880	0.00	416.8
1972	-0.2	-13.47	7.884	-0.04	417.0
1973	0.0	-13.48	7.888	0.00	417.4
1974	0.0	-13.50	7.892	0.00	418.0
1975	0.0	-13.50	7.896	0.00	418.0
1976	0.0	-13.50	7.900	0.00	418.0
1977	0.0	-13.51	7.904	0.00	418.2
1978	0.0	-13.51	7.908	0.00	418.2
1979	0.0	-13.52	7.912	0.00	418.6
1980	0.0	-13.53	7.916	0.00	418.8
1981	-0.2	-13.53	7.920	-0.04	418.8
1982	0.0	-13.54	7.924	0.00	419.2
1983	-0.2	-13.55	7.928	-0.04	419.6
1984	0.0	-13.56	7.932	0.00	419.8
1985	0.0	-13.56	7.936	0.00	419.8
1986	0.2	-13.57	7.940	0.04	420.2
1987	0.0	-13.58	7.944	0.00	420.4
1988	-0.2	-13.59	7.948	-0.04	420.8
1989	0.0	-13.59	7.952	0.00	420.8
1990	0.2	-13.60	7.956	0.04	421.0
1991	0.0	-13.61	7.960	0.00	421.4
1992	0.0	-13.61	7.964	0.00	421.4
1993	0.2	-13.62	7.968	0.04	421.6
1994	0.0	-13.63	7.972	0.00	422.0
1995	0.0	-13.63	7.976	0.00	422.0
1996	0.2	-13.64	7.980	0.04	422.2
1997	0.2	-13.66	7.984	0.04	423.0
1998	0.2	-13.66	7.988	0.04	423.0
1999	0.2	-13.66	7.992	0.04	423.0
2000	0.0	-13.67	7.996	0.00	423.2
2001	0.0	-13.68	8.000	0.00	423.6
2002	0.0	-13.68	8.004	0.00	423.6
2003	0.0	-13.69	8.008	0.00	423.8
2004	0.0	-13.70	8.012	0.00	424.2
2005	-0.2	-13.71	8.016	-0.04	424.4
2006	-0.2	-13.71	8.020	-0.04	424.4
2007	-0.2	-13.72	8.024	-0.04	424.8
2008	-0.2	-13.74	8.028	-0.04	425.4
2009	-0.2	-13.74	8.032	-0.04	425.4
2010	0.0	-13.74	8.036	0.00	425.4
2011	0.0	-13.75	8.040	0.00	425.6
2012	0.0	-13.75	8.044	0.00	425.6
2013	0.0	-13.76	8.048	0.00	426.0
2014	0.0	-13.77	8.052	0.00	426.4
2015	0.0	-13.78	8.056	0.00	426.6
2016	0.0	-13.78	8.060	0.00	426.6
2017	0.0	-13.79	8.064	0.00	427.0
2018	0.0	-13.80	8.068	0.00	427.2
2019	-0.2	-13.80	8.072	-0.04	427.2
2020	-0.2	-13.81	8.076	-0.04	427.6
2021	-0.2	-13.82	8.080	-0.04	427.8
2022	0.0	-13.83	8.084	0.00	428.2
2023	0.0	-13.83	8.088	0.00	428.2
2024	0.0	-13.84	8.092	0.00	428.4
2025	0.0	-13.85	8.096	0.00	428.8
2026	0.0	-13.85	8.100	0.00	428.8
2027	0.0	-13.86	8.104	0.00	429.2
2028	0.0	-13.87	8.108	0.00	429.4
2029	0.0	-13.87	8.112	0.00	429.4
2030	-0.2	-13.88	8.116	-0.04	429.8
2031	-0.2	-13.90	8.120	-0.04	430.4
2032	0.0	-13.90	8.124	0.00	430.4
2033	0.0	-13.90	8.128	0.00	430.4
2034	-0.2	-13.91	8.132	-0.04	430.6
2035	0.0	-13.92	8.136	0.00	431.0
2036	0.0	-13.92	8.140	0.00	431.0
2037	0.0	-13.93	8.144	0.00	431.2
2038	0.0	-13.94	8.148	0.00	431.6
2039	0.0	-13.94	8.152	0.00	431.6
2040	0.0	-13.96	8.156	0.00	432.2
2041	0.0	-13.96	8.160	0.00	432.2
2042	-0.2	-13.97	8.164	-0.04	432.6
2043	0.2	-13.97	8.168	0.04	432.6
2044	0.2	-13.98	8.172	0.04	432.8
2045	0.0	-14.00	8.176	0.00	433.4
2046	0.0	-14.00	8.180	0.00	433.4
2047	0.0	-14.00	8.184	0.00	433.4
2048	0.0	-14.01	8.188	0.00	433.8
2049	0.0	-14.02	8.192	0.00	434.0
2050	0.0	-14.02	8.196	0.00	434.0
2051	0.0	-14.03	8.200	0.00	434.4
2052	0.0	-14.04	8.204	0.00	434.6
2053	0.0	-14.04	8.208	0.00	434.6
2054	0.0	-14.06	8.212	0.00	435.2
2055	0.2	-14.06	8.216	0.04	435.2
2056	0.0	-14.06	8.220	0.00	435.2
2057	-0.2	-14.07	8.224	-0.04	435.6
2058	0.0	-14.08	8.228	0.00	436.0
2059	0.2	-14.10	8.232	0.04	436.6
2060	0.0	-14.10	8.236	0.00	436.6
2061	0.2	-14.10	8.240	0.04	436.6
2062	0.0	-14.11	8.244	0.00	436.8
2063	0.0	-14.11	8.248	0.00	436.8
2064	0.0	-14.12	8.252	0.00	437.2
2065	0.0	-14.13	8.256	0.00	437.4
2066	0.0	-14.13	8.260	0.00	437.4
2067	-0.2	-14.14	8.264	-0.04	437.8
2068	0.0	-14.16	8.268	0.00	438.4
2069	-0.2	-14.16	8.272	-0.04	438.4
2070	-0.2	-14.16	8.276	-0.04	438.4
2071	0.0	-14.17	8.280	0.00	438.6
2072	0.0	-14.18	8.284	0.00	439.0
2073	-0.2	-14.18	8.288	-0.04	439.0
2074	-0.4	-14.19	8.292	-0.08	439.4
2075	0.0	-14.20	8.296	0.00	439.6
2076	-0.4	-14.21	8.300	-0.08	440.0
2077	-0.2	-14.21	8.304	-0.04	440.0
2078	0.0	-14.22	8.308	0.00	440.2
2079	0.0	-14.23	8.312	0.00	440.6
2080	-0.2	-14.23	8.316	-0.04	440.6
2081	0.0	-14.24	8.320	0.00	440.8
2082	0.0	-14.25	8.324	0.00	441.2
2083	-0.2	-14.25	8.328	-0.04	441.2
2084	0.0	-14.26	8.332	0.00	441.4
2085	-0.2	-14.27	8.336	-0.04	441.8
2086	0.0	-14.28	8.340	0.00	442.2
2087	-0.2	-14.28	8.344	-0.04	442.2
2088	0.0	-14.29	8.348	0.00	442.4
2089	-0.2	-14.30	8.352	-0.04	442.8
2090	0.0	-14.30	8.356	0.00	442.8
2091	0.0	-14.31	8.360	0.00	443.0
2092	0.2	-14.32	8.364	0.04	443.4
2093	0.4	-14.32	8.368	0.08	443.4
2094	0.4	-14.33	8.372	0.08	443.6
2095	0.0	-14.34	8.376	0.00	444.0
2096	-0.2	-14.35	8.380	-0.04	444.2
2097	0.0	-14.35	8.384	0.00	444.2
2098	0.0	-14.36	8.388	0.00	444.6
2099	0.0	-14.37	8.392	0.00	444.8
2100	0.2	-14.37	8.396	0.04	444.8
2101	-0.2	-14.38	8.400	-0.04	445.2
2102	0.0	-14.40	8.404	0.00	445.8
2103	0.0	-14.40	8.408	0.00	445.8
2104	0.0	-14.40	8.412	0.00	445.8
2105	0.0	-14.41	8.416	0.00	446.2
2106	0.0	-14.42	8.420	0.00	446.4
2107	-0.2	-14.42	8.424	-0.04	446.4
2108	0.0	-14.43	8.428	0.00	446.8
2109	0.0	-14.44	8.432	0.00	447.0
2110	0.0	-14.44	8.436	0.00	447.0
2111	-0.4	-14.45	8.440	-0.08	447.4
2112	-0.2	-14.46	8.444	-0.04	447.6
2113	0.0	-14.48	8.448	0.00	448.2
2114	-0.4	-14.48	8.452	-0.08	448.2
2115	0.0	-14.48	8.456	0.00	448.2
2116	0.0	-14.50	8.460	0.00	449.0
2117	0.0	-14.50	8.464	0.00	449.0
2118	0.2	-14.50	8.468	0.04	449.0
2119	0.0	-14.51	8.472	0.00	449.2
2120	0.0	-14.52	8.476	0.00	449.6
2121	0.2	-14.52	8.480	0.04	449.6
2122	0.0	-14.53	8.484	0.00	449.8
2123	0.2	-14.54	8.488	0.04	450.2
2124	0.0	-14.54	8.492	0.00	450.2
2125	0.2	-14.55	8.496	0.04	450.4
2126	0.0	-14.56	8.500	0.00	450.8
2127	0.0	-14.56	8.504	0.00	450.8
2128	-0.4	-14.58	8.508	-0.08	451.4
2129	0.0	-14.58	8.512	0.00	451.4
2130	0.2	-14.59	8.516	0.04	451.8
2131	0.0	-14.59	8.520	0.00	451.8
2132	0.0	-14.60	8.524	0.00	452.0
2133	0.0	-14.61	8.528	0.00	452.4
2134	0.2	-14.61	8.532	0.04	452.4
2135	0.0	-14.62	8.536	0.00	452.6
2136	0.0	-14.63	8.540	0.00	453.0
2137	0.0	-14.63	8.544	0.00	453.0
2138	-0.2	-14.64	8.548	-0.04	453.2
2139	0.0	-14.65	8.552	0.00	453.6
2140	0.0	-14.66	8.556	0.00	453.8
2141	0.2	-14.66	8.560	0.04	453.8
2142	0.2	-14.67	8.564	0.04	454.2
2143	0.0	-14.68	8.568	0.00	454.4
2144	0.0	-14.68	8.572	0.00	454.4
2145	0.0	-14.69	8.576	0.00	454.8
2146	0.0	-14.70	8.580	0.00	455.2
2147	0.2	-14.71	8.584	0.04	455.4
2148	0.0	-14.71	8.588	0.00	455.4
2149	0.0	-14.72	8.592	0.00	455.8
2150	0.0	-14.74	8.596	0.00	456.4
2151	-0.2	-14.74	8.600	-0.04	456.4
2152	0.2	-14.74	8.604	0.04	456.4
2153	0.2	-14.75	8.608	0.04	456.6
2154	0.0	-14.75	8.612	0.00	456.6
2155	0.0	-14.76	8.616	0.00	457.0
2156	0.0	-14.77	8.620	0.00	457.2
2157	0.2	-14.77	8.624	0.04	457.2
2158	0.0	-14.77	8.628	0.00	457.2
2159	0.0	-14.78	8.632	0.00	457.6
2160	0.0	-14.79	8.636	0.00	457.8
2161	0.0	-14.79	8.640	0.00	457.8
2162	0.2	-14.80	8.644	0.04	458.2
2163	0.0	-14.82	8.648	0.00	458.8
2164	0.0	-14.82	8.652	0.00	458.8
2165	0.0	-14.82	8.656	0.00	458.8
2166	0.0	-14.83	8.660	0.00	459.2
2167	-0.2	-14.84	8.664	-0.04	459.4
2168	-0.2	-14.84	8.668	-0.04	459.4
2169	0.0	-14.85	8.672	0.00	459.8
2170	0.0	-14.86	8.676	0.00	460.0
2171	0.0	-14.86	8.680	0.00	460.0
2172	-0.4	-14.87	8.684	-0.08	460.4
2173	0.0	-14.88	8.688	0.00	460.6
2174	0.0	-14.89	8.692	0.00	461.0
2175	0.0	-14.89	8.696	0.00	461.0
2176	0.0	-14.90	8.700	0.00	461.4
2177	0.2	-14.91	8.704	0.04	461.6
2178	0.0	-14.91	8.708	0.00	461.6
2179	0.2	-14.92	8.712	0.04	462.0
2180	0.0	-14.94	8.716	0.00	462.6
2181	0.0	-14.94	8.720	0.00	462.6
2182	0.4	-14.94	8.724	0.08	462.6
2183	0.0	-14.95	8.728	0.00	462.8
2184	0.2	-14.96	8.732	0.04	463.2
2185	0.0	-14.96	8.736	0.00	463.2
2186	-0.2	-14.98	8.740	-0.04	463.8
2187	-0.2	-14.98	8.744	-0.04	463.8
2188	-0.2	-14.98	8.748	-0.04	463.8
2189	0.0	-15.00	8.752	0.00	464.4
2190	0.0	-15.00	8.756	0.00	464.4
2191	-0.2	-15.00	8.760	-0.04	464.4
2192	0.0	-15.01	8.764	0.00	464.8
2193	0.0	-15.02	8.768	0.00	465.0
2194	0.0	-15.04	8.772	0.00	465.6
2195	0.0	-15.04	8.776	0.00	465.6
2196	0.0	-15.04	8.780	0.00	465.6
2197	0.0	-15.05	8.784	0.00	466.0
2198	0.0	-15.05	8.788	0.00	466.0
2199	0.0	-15.06	8.792	0.00	466.2
2200	0.0	-15.08	8.796	0.00	466.8
2201	0.0	-15.08	8.800	0.00	466.8
2202	0.0	-15.08	8.804	0.00	466.8
2203	0.2	-15.09	8.808	0.04	467.2
2204	0.0	-15.10	8.812	0.00	467.4
2205	0.2	-15.10	8.816	0.04	467.4
2206	0.2	-15.11	8.820	0.04	467.8
2207	0.2	-15.12	8.824	0.04	468.2
2208	0.2	-15.12	8.828	0.04	468.2
2209	-0.2	-15.14	8.832	-0.04	468.8
2210	0.4	-15.14	8.836	0.08	468.8
2211	0.2	-15.15	8.840	0.04	469.0
2212	0.2	-15.15	8.844	0.04	469.0
2213	0.0	-15.16	8.848	0.00	469.4
2214	0.0	-15.17	8.852	0.00	469.6
2215	0.0	-15.17	8.856	0.00	469.6
2216	0.0	-15.18	8.860	0.00	470.0
2217	0.2	-15.19	8.864	0.04	470.2
2218	0.0	-15.19	8.868	0.00	470.2
2219	0.0	-15.20	8.872	0.00	470.6
2220	0.2	-15.21	8.876	0.04	470.8
2221	0.0	-15.22	8.880	0.00	471.2
2222	0.2	-15.22	8.884	0.04	471.2
2223	0.0	-15.24	8.888	0.00	471.8
2224	0.0	-15.24	8.892	0.00	471.8
2225	0.4	-15.24	8.896	0.08	471.8
2226	-0.2	-15.25	8.900	-0.04	472.2
2227	-0.2	-15.26	8.904	-0.04	472.4
2228	0.2	-15.26	8.908	0.04	472.4
2229	0.2	-15.27	8.912	0.04	472.8
2230	0.0	-15.28	8.916	0.00	473.0
2231	-0.2	-15.29	8.920	-0.04	473.4
2232	0.0	-15.29	8.924	0.00	473.4
2233	-0.2	-15.30	8.928	-0.04	473.6
2234	0.0	-15.31	8.932	0.00	474.0
2235	0.0	-15.31	8.936	0.00	474.0
2236	0.0	-15.32	8.940	0.00	474.4
2237	0.0	-15.33	8.944	0.00	474.6
2238	0.0	-15.33	8.948	0.00	474.6
2239	0.0	-15.34	8.952	0.00	475.0
2240	0.0	-15.35	8.956	0.00	475.2
2241	0.0	-15.36	8.960	0.00	475.6
2242	0.0	-15.36	8.964	0.00	475.6
2243	0.0	-15.37	8.968	0.00	475.8
2244	0.0	-15.38	8.972	0.00	476.2
2245	0.0	-15.38	8.976	0.00	476.2
2246	-0.2	-15.39	8.980	-0.04	476.4
2247	0.2	-15.40	8.984	0.04	476.8
2248	0.0	-15.40	8.988	0.00	476.8
2249	0.0	-15.41	8.992	0.00	477.0
2250	-0.2	-15.42	8.996	-0.04	477.4
2251	0.0	-15.42	9.000	0.00	477.4
2252	0.2	-15.43	9.004	0.04	477.8
2253	0.0	-15.44	9.008	0.00	478.0
2254	0.0	-15.45	9.012	0.00	478.4
2255	0.0	-15.45	9.016	0.00	478.4
2256	0.0	-15.46	9.020	0.00	478.6
2257	0.2	-15.48	9.024	0.04	479.2
2258	-0.2	-15.48	9.028	-0.04	479.2
2259	0.0	-15.48	9.032	0.00	479.2
2260	-0.2	-15.49	9.036	-0.04	479.6
2261	0.0	-15.49	9.040	0.00	479.6
2262	0.0	-15.50	9.044	0.00	479.8
2263	-0.2	-15.51	9.048	-0.04	480.2
2264	-0.2	-15.52	9.052	-0.04	480.4
2265	0.0	-15.52	9.056	0.00	480.4
2266	-0.2	-15.53	9.060	-0.04	480.8
2267	0.0	-15.54	9.064	0.00	481.2
2268	0.0	-15.54	9.068	0.00	481.2
2269	0.2	-15.55	9.072	0.04	481.4
2270	0.2	-15.56	9.076	0.04	481.8
2271	0.6	-15.56	9.080	0.12	481.8
2272	0.2	-15.58	9.084	0.04	482.4
2273	0.2	-15.58	9.088	0.04	482.4
2274	0.0	-15.59	9.092	0.00	482.6
2275	0.0	-15.59	9.096	0.00	482.6
2276	0.4	-15.60	9.100	0.08	483.0
2277	0.0	-15.61	9.104	0.00	483.2
2278	-0.2	-15.61	9.108	-0.04	483.2
2279	0.2	-15.62	9.112	0.04	483.6
2280	0.0	-15.63	9.116	0.00	484.0
2281	0.4	-15.63	9.120	0.08	484.0
2282	0.2	-15.64	9.124	0.04	484.2
2283	0.0	-15.66	9.128	0.00	484.8
2284	0.0	-15.66	9.132	0.00	484.8
2285	0.2	-15.66	9.136	0.04	484.8
2286	0.2	-15.67	9.140	0.04	485.2
2287	0.0	-15.68	9.144	0.00	485.4
2288	-0.2	-15.68	9.148	-0.04	485.4
2289	0.0	-15.69	9.152	0.00	485.8
2290	0.0	-15.70	9.156	0.00	486.0
2291	0.0	-15.70	9.160	0.00	486.0
2292	0.2	-15.71	9.164	0.04	486.4
2293	0.2	-15.72	9.168	0.04	486.6
2294	-0.2	-15.72	9.172	-0.04	486.6
2295	0.0	-15.73	9.176	0.00	487.0
2296	0.0	-15.74	9.180	0.00	487.4
2297	0.2	-15.75	9.184	0.04	487.6
2298	0.0	-15.75	9.188	0.00	487.6
2299	0.0	-15.76	9.192	0.00	488.0
2300	0.0	-15.77	9.196	0.00	488.2
2301	0.6	-15.77	9.200	0.12	488.2
2302	0.2	-15.78	9.204	0.04	488.6
2303	0.2	-15.79	9.208	0.04	488.8
2304	0.2	-15.79	9.212	0.04	488.8
2305	0.0	-15.80	9.216	0.00	489.2
2306	0.0	-15.82	9.220	0.00	489.8
2307	0.0	-15.82	9.224	0.00	489.8
2308	0.0	-15.82	9.228	0.00	489.8
2309	0.0	-15.83	9.232	0.00	490.0
2310	0.0	-15.83	9.236	0.00	490.0
2311	0.0	-15.84	9.240	0.00	490.4
2312	0.0	-15.85	9.244	0.00	490.8
2313	0.0	-15.86	9.248	0.00	491.0
2314	0.4	-15.86	9.252	0.08	491.0
2315	0.0	-15.88	9.256	0.00	491.6
2316	-0.2	-15.88	9.260	-0.04	491.6
2317	-0.2	-15.88	9.264	-0.04	491.6
2318	0.0	-15.89	9.268	0.00	492.0
2319	0.0	-15.90	9.272	0.00	492.2
2320	0.0	-15.90	9.276	0.00	492.2
2321	0.0	-15.92	9.280	0.00	492.8
2322	0.0	-15.92	9.284	0.00	492.8
2323	0.2	-15.93	9.288	0.04	493.2
2324	0.2	-15.93	9.292	0.04	493.2
2325	0.0	-15.94	9.296	0.00	493.4
2326	0.0	-15.95	9.300	0.00	493.8
2327	-0.2	-15.95	9.304	-0.04	493.8
2328	0.0	-15.96	9.308	0.00	494.2
2329	0.2	-15.98	9.312	0.04	494.8
2330	0.0	-15.98	9.316	0.00	494.8
2331	0.0	-15.98	9.320	0.00	494.8
2332	0.0	-15.99	9.324	0.00	495.0
2333	0.0	-16.00	9.328	0.00	495.4
2334	0.2	-16.00	9.332	0.04	495.4
2335	0.4	-16.02	9.336	0.08	496.0
2336	0.2	-16.02	9.340	0.04	496.0
2337	-0.2	-16.02	9.344	-0.04	496.0
2338	-0.2	-16.03	9.348	-0.04	496.2
2339	0.0	-16.04	9.352	0.00	496.6
2340	0.4	-16.04	9.356	0.08	496.6
2341	0.2	-16.05	9.360	0.04	497.0
2342	0.0	-16.06	9.364	0.00	497.2
2343	0.2	-16.06	9.368	0.04	497.2
2344	0.0	-16.08	9.372	0.00	497.8
2345	-0.2	-16.08	9.376	-0.04	497.8
2346	0.2	-16.09	9.380	0.04	498.2
2347	0.2	-16.09	9.384	0.04	498.2
2348	0.2	-16.10	9.388	0.04	498.4
2349	0.0	-16.11	9.392	0.00	498.8
2350	-0.2	-16.11	9.396	-0.04	498.8
2351	-0.2	-16.12	9.400	-0.04	499.0
2352	0.0	-16.13	9.404	0.00	499.4
2353	0.0	-16.13	9.408	0.00	499.4
2354	-0.2	-16.14	9.412	-0.04	499.6
2355	0.0	-16.15	9.416	0.00	500.0
2356	0.2	-16.16	9.420	0.04	500.4
2357	0.0	-16.16	9.424	0.00	500.4
2358	-0.2	-16.17	9.428	-0.04	500.6
2359	0.0	-16.18	9.432	0.00	501.0
2360	0.0	-16.18	9.436	0.00	501.0
2361	0.2	-16.19	9.440	0.04	501.2
2362	0.0	-16.20	9.444	0.00	501.6
2363	-0.2	-16.20	9.448	-0.04	501.6
2364	0.0	-16.21	9.452	0.00	501.8
2365	-0.2	-16.22	9.456	-0.04	502.2
2366	0.0	-16.22	9.460	0.00	502.2
2367	-0.2	-16.23	9.464	-0.04	502.4
2368	0.0	-16.24	9.468	0.00	502.8
2369	0.0	-16.24	9.472	0.00	502.8
2370	0.0	-16.25	9.476	0.00	503.0
2371	0.0	-16.26	9.480	0.00	503.4
2372	0.0	-16.27	9.484	0.00	503.8
2373	0.0	-16.27	9.488	0.00	503.8
2374	0.0	-16.28	9.492	0.00	504.0
2375	0.0	-16.29	9.496	0.00	504.4
2376	0.0	-16.29	9.500	0.00	504.4
2377	-0.2	-16.30	9.504	-0.04	504.6
2378	0.0	-16.31	9.508	0.00	505.0
2379	-0.2	-16.31	9.512	-0.04	505.0
2380	-0.2	-16.32	9.516	-0.04	505.2
2381	0.0	-16.33	9.520	0.00	505.6
2382	-0.2	-16.34	9.524	-0.04	505.8
2383	0.2	-16.34	9.528	0.04	505.8
2384	0.0	-16.35	9.532	0.00	506.2
2385	0.2	-16.36	9.536	0.04	506.6
2386	-0.2	-16.36	9.540	-0.04	506.6
2387	0.0	-16.37	9.544	0.00	506.8
2388	0.0	-16.38	9.548	0.00	507.2
2389	-0.2	-16.38	9.552	-0.04	507.2
2390	0.2	-16.40	9.556	0.04	507.8
2391	0.0	-16.40	9.560	0.00	507.8
2392	0.0	-16.41	9.564	0.00	508.0
2393	-0.2	-16.41	9.568	-0.04	508.0
2394	0.0	-16.42	9.572	0.00	508.4
2395	0.0	-16.43	9.576	0.00	508.6
2396	0.0	-16.43	9.580	0.00	508.6
2397	0.0	-16.44	9.584	0.00	509.0
2398	0.0	-16.45	9.588	0.00	509.2
2399	0.0	-16.45	9.592	0.00	509.2
2400	-0.2	-16.46	9.596	-0.04	509.6
2401	0.0	-16.47	9.600	0.00	510.0
2402	-0.2	-16.47	9.604	-0.04	510.0
2403	0.0	-16.48	9.608	0.00	510.2
2404	0.0	-16.49	9.612	0.00	510.6
2405	0.0	-16.50	9.616	0.00	510.8
2406	0.0	-16.50	9.620	0.00	510.8
2407	0.4	-16.52	9.624	0.08	511.4
2408	0.0	-16.52	9.628	0.00	511.4
2409	0.0	-16.52	9.632	0.00	511.4
2410	0.0	-16.53	9.636	0.00	511.8
2411	0.0	-16.54	9.640	0.00	512.0
2412	0.0	-16.54	9.644	0.00	512.0
2413	-0.2	-16.55	9.648	-0.04	512.4
2414	0.0	-16.56	9.652	0.00	512.6
2415	0.0	-16.58	9.656	0.00	513.4
2416	0.0	-16.58	9.660	0.00	513.4
2417	0.0	-16.58	9.664	0.00	513.4
2418	-0.2	-16.59	9.668	-0.04	513.6
2419	0.0	-16.59	9.672	0.00	513.6
2420	-0.4	-16.60	9.676	-0.08	514.0
2421	0.0	-16.61	9.680	0.00	514.2
2422	0.0	-16.61	9.684	0.00	514.2
2423	-0.2	-16.62	9.688	-0.04	514.6
2424	0.0	-16.63	9.692	0.00	514.8
2425	0.2	-16.63	9.696	0.04	514.8
2426	0.0	-16.64	9.700	0.00	515.2
2427	0.0	-16.66	9.704	0.00	515.8
2428	0.0	-16.66	9.708	0.00	515.8
2429	0.0	-16.66	9.712	0.00	515.8
2430	0.0	-16.67	9.716	0.00	516.0
2431	0.0	-16.68	9.720	0.00	516.4
2432	0.0	-16.68	9.724	0.00	516.4
2433	0.0	-16.69	9.728	0.00	516.8
2434	0.0	-16.70	9.732	0.00	517.0
2435	0.0	-16.70	9.736	0.00	517.0
2436	0.0	-16.72	9.740	0.00	517.6
2437	-0.2	-16.72	9.744	-0.04	517.6
2438	0.0	-16.72	9.748	0.00	517.6
2439	0.0	-16.74	9.752	0.00	518.2
2440	0.0	-16.74	9.756	0.00	518.2
2441	0.0	-16.75	9.760	0.00	518.6
2442	0.2	-16.75	9.764	0.04	518.6
2443	0.0	-16.76	9.768	0.00	518.8
2444	0.2	-16.78	9.772	0.04	519.6
2445	0.0	-16.78	9.776	0.00	519.6
2446	0.0	-16.79	9.780	0.00	519.8
2447	-0.2	-16.80	9.784	-0.04	520.2
2448	0.0	-16.80	9.788	0.00	520.2
2449	0.0	-16.81	9.792	0.00	520.4
2450	-0.4	-16.82	9.796	-0.08	520.8
2451	-0.2	-16.82	9.800	-0.04	520.8
2452	0.0	-16.83	9.804	0.00	521.0
2453	0.0	-16.84	9.808	0.00	521.4
2454	0.2	-16.86	9.812	0.04	522.0
2455	0.0	-16.86	9.816	0.00	522.0
2456	0.2	-16.86	9.820	0.04	522.0
2457	0.2	-16.87	9.824	0.04	522.2
2458	0.2	-16.87	9.828	0.04	522.2
2459	0.2	-16.88	9.832	0.04	522.6
2460	0.0	-16.90	9.836	0.00	523.2
2461	-0.2	-16.90	9.840	-0.04	523.2
2462	-0.4	-16.90	9.844	-0.08	523.2
2463	-0.2	-16.91	9.848	-0.04	523.6
2464	0.0	-16.92	9.852	0.00	523.8
2465	0.0	-16.92	9.856	0.00	523.8
2466	-0.2	-16.93	9.860	-0.04	524.2
2467	0.0	-16.94	9.864	0.00	524.4
2468	-0.2	-16.94	9.868	-0.04	524.4
2469	0.0	-16.95	9.872	0.00	524.8
2470	0.0	-16.96	9.876	0.00	525.0
2471	0.0	-16.96	9.880	0.00	525.0
2472	0.0	-16.97	9.884	0.00	525.4
2473	0.0	-16.98	9.888	0.00	525.6
2474	0.0	-17.00	9.892	0.00	526.4
2475	0.0	-17.00	9.896	0.00	526.4
2476	0.0	-17.00	9.900	0.00	526.4
2477	-0.2	-17.01	9.904	-0.04	526.6
2478	0.0	-17.01	9.908	0.00	526.6
2479	0.0	-17.02	9.912	0.00	527.0
2480	-0.4	-17.03	9.916	-0.08	527.2
2481	0.0	-17.03	9.920	0.00	527.2
2482	0.0	-17.05	9.924	0.00	527.8
2483	0.0	-17.06	9.928	0.00	528.2
2484	0.0	-17.06	9.932	0.00	528.2
2485	0.2	-17.06	9.936	0.04	528.2
2486	0.0	-17.07	9.940	0.00	528.4
2487	0.0	-17.08	9.944	0.00	528.8
2488	0.0	-17.08	9.948	0.00	528.8
2489	0.0	-17.09	9.952	0.00	529.2
2490	0.0	-17.10	9.956	0.00	529.4
2491	0.0	-17.10	9.960	0.00	529.4
2492	0.0	-17.11	9.964	0.00	529.8
2493	0.0	-17.12	9.968	0.00	530.0
2494	-0.2	-17.12	9.972	-0.04	530.0
2495	0.0	-17.13	9.976	0.00	530.4
2496	0.0	-17.14	9.980	0.00	530.6
2497	0.0	-17.15	9.984	0.00	531.0
2498	0.0	-17.15	9.988	0.00	531.0
2499	0.2	-17.16	9.992	0.04	531.2
2500	0.2	-17.17	9.996	0.04	531.6
2501	0.0	-17.17	10.000	0.00	531.6
2502	0.0	-17.18	10.004	0.00	531.8
2503	0.0	-17.19	10.008	0.00	532.2
2504	0.0	-17.19	10.012	0.00	532.2
2505	0.0	-17.20	10.016	0.00	532.6
2506	0.0	-17.21	10.020	0.00	532.8
2507	0.2	-17.22	10.024	0.04	533.2
2508	-0.2	-17.22	10.028	-0.04	533.2
2509	-0.2	-17.24	10.032	-0.04	533.8
2510	0.0	-17.24	10.036	0.00	533.8
2511	-0.2	-17.24	10.040	-0.04	533.8
2512	0.0	-17.25	10.044	0.00	534.0
2513	0.2	-17.26	10.048	0.04	534.4
2514	0.0	-17.26	10.052	0.00	534.4
2515	0.0	-17.27	10.056	0.00	534.6
2516	0.0	-17.28	10.060	0.00	535.0
2517	0.0	-17.28	10.064	0.00	535.0
2518	-0.2	-17.29	10.068	-0.04	535.2
2519	0.0	-17.30	10.072	0.00	535.6
2520	0.0	-17.30	10.076	0.00	535.6
2521	0.0	-17.31	10.080	0.00	536.0
2522	0.0	-17.32	10.084	0.00	536.2
2523	0.0	-17.33	10.088	0.00	536.6
2524	0.0	-17.33	10.092	0.00	536.6
2525	0.0	-17.34	10.096	0.00	536.8
2526	0.0	-17.36	10.100	0.00	537.4
2527	0.2	-17.36	10.104	0.04	537.4
2528	0.0	-17.36	10.108	0.00	537.4
2529	0.0	-17.37	10.112	0.00	537.8
2530	0.4	-17.37	10.116	0.08	537.8
2531	0.0	-17.38	10.120	0.00	538.0
2532	0.0	-17.40	10.124	0.00	538.6
2533	0.0	-17.40	10.128	0.00	538.6
2534	-0.2	-17.40	10.132	-0.04	538.6
2535	0.0	-17.41	10.136	0.00	539.0
2536	0.0	-17.42	10.140	0.00	539.4
2537	0.2	-17.42	10.144	0.04	539.4
2538	0.0	-17.43	10.148	0.00	539.6
2539	0.0	-17.44	10.152	0.00	540.0
2540	0.2	-17.44	10.156	0.04	540.0
2541	0.0	-17.45	10.160	0.00	540.2
2542	-0.2	-17.46	10.164	-0.04	540.6
2543	-0.2	-17.47	10.168	-0.04	540.8
2544	-0.4	-17.47	10.172	-0.08	540.8
2545	-0.2	-17.48	10.176	-0.04	541.2
2546	0.0	-17.50	10.180	0.00	541.8
2547	-0.2	-17.50	10.184	-0.04	541.8
2548	0.0	-17.50	10.188	0.00	541.8
2549	0.0	-17.51	10.192	0.00	542.2
2550	0.0	-17.51	10.196	0.00	542.2
2551	0.0	-17.52	10.200	0.00	542.4
2552	0.0	-17.53	10.204	0.00	542.8
2553	-0.2	-17.53	10.208	-0.04	542.8
2554	0.2	-17.54	10.212	0.04	543.0
2555	0.0	-17.56	10.216	0.00	543.6
2556	0.0	-17.56	10.220	0.00	543.6
2557	-0.2	-17.56	10.224	-0.04	543.6
2558	0.0	-17.57	10.228	0.00	544.0
2559	0.0	-17.58	10.232	0.00	544.2
2560	0.0	-17.58	10.236	0.00	544.2
2561	0.0	-17.59	10.240	0.00	544.6
2562	0.0	-17.60	10.244	0.00	544.8
2563	0.0	-17.60	10.248	0.00	544.8
2564	0.0	-17.61	10.252	0.00	545.2
2565	0.0	-17.62	10.256	0.00	545.6
2566	0.0	-17.63	10.260	0.00	545.8
2567	0.0	-17.63	10.264	0.00	545.8
2568	0.2	-17.64	10.268	0.04	546.2
2569	0.2	-17.65	10.272	0.04	546.4
2570	0.0	-17.65	10.276	0.00	546.4
2571	0.0	-17.66	10.280	0.00	546.8
2572	0.2	-17.67	10.284	0.04	547.0
2573	0.2	-17.67	10.288	0.04	547.0
2574	0.0	-17.68	10.292	0.00	547.4
2575	-0.2	-17.70	10.296	-0.04	548.0
2576	0.0	-17.70	10.300	0.00	548.0
2577	0.2	-17.70	10.304	0.04	548.0
2578	0.2	-17.71	10.308	0.04	548.2
2579	-0.2	-17.72	10.312	-0.04	548.6
2580	0.2	-17.72	10.316	0.04	548.6
2581	0.0	-17.73	10.320	0.00	549.0
2582	0.0	-17.74	10.324	0.00	549.2
2583	0.0	-17.74	10.328	0.00	549.2
2584	-0.6	-17.75	10.332	-0.12	549.6
2585	0.0	-17.76	10.336	0.00	549.8
2586	0.0	-17.76	10.340	0.00	549.8
2587	0.0	-17.77	10.344	0.00	550.2
2588	0.0	-17.78	10.348	0.00	550.4
2589	-0.2	-17.79	10.352	-0.04	550.8
2590	0.0	-17.79	10.356	0.00	550.8
2591	0.0	-17.80	10.360	0.00	551.0
2592	0.0	-17.81	10.364	0.00	551.4
2593	0.0	-17.81	10.368	0.00	551.4
2594	0.0	-17.82	10.372	0.00	551.8
2595	0.0	-17.84	10.376	0.00	552.4
2596	-0.2	-17.84	10.380	-0.04	552.4
2597	0.0	-17.84	10.384	0.00	552.4
2598	0.2	-17.85	10.388	0.04	552.6
2599	0.2	-17.86	10.392	0.04	553.0
2600	0.2	-17.86	10.396	0.04	553.0
2601	0.0	-17.88	10.400	0.00	553.6
2602	-0.2	-17.89	10.404	-0.04	553.8
2603	0.0	-17.89	10.408	0.00	553.8
2604	-0.2	-17.90	10.412	-0.04	554.2
2605	0.4	-17.90	10.416	0.08	554.2
2606	0.0	-17.90	10.420	0.00	554.2
2607	0.0	-17.91	10.424	0.00	554.4
2608	-0.2	-17.92	10.428	-0.04	554.8
2609	0.0	-17.93	10.432	0.00	555.2
2610	0.0	-17.93	10.436	0.00	555.2
2611	0.0	-17.94	10.440	0.00	555.4
2612	-0.2	-17.95	10.444	-0.04	555.8
2613	0.0	-17.95	10.448	0.00	555.8
2614	-0.4	-17.96	10.452	-0.08	556.0
2615	-0.2	-17.97	10.456	-0.04	556.4
2616	0.0	-17.98	10.460	0.00	556.6
2617	-0.2	-17.98	10.464	-0.04	556.6
2618	0.0	-17.99	10.468	0.00	557.0
2619	0.0	-18.00	10.472	0.00	557.2
2620	-0.2	-18.00	10.476	-0.04	557.2
2621	-0.2	-18.01	10.480	-0.04	557.6
2622	0.2	-18.02	10.484	0.04	557.8
2623	0.2	-18.02	10.488	0.04	557.8
2624	0.0	-18.04	10.492	0.00	558.6
2625	0.0	-18.04	10.496	0.00	558.6
2626	0.2	-18.05	10.500	0.04	558.8
2627	0.2	-18.05	10.504	0.04	558.8
2628	0.0	-18.06	10.508	0.00	559.2
2629	0.0	-18.08	10.512	0.00	559.8
2630	0.0	-18.08	10.516	0.00	559.8
2631	0.0	-18.08	10.520	0.00	559.8
2632	0.0	-18.09	10.524	0.00	560.0
2633	0.0	-18.09	10.528	0.00	560.0
2634	-0.4	-18.10	10.532	-0.08	560.4
2635	0.0	-18.11	10.536	0.00	560.6
2636	-0.4	-18.12	10.540	-0.08	561.0
2637	0.2	-18.12	10.544	0.04	561.0
2638	0.0	-18.13	10.548	0.00	561.4
2639	-0.2	-18.14	10.552	-0.04	561.6
2640	0.0	-18.14	10.556	0.00	561.6
2641	0.2	-18.15	10.560	0.04	562.0
2642	0.0	-18.16	10.564	0.00	562.2
2643	0.0	-18.16	10.568	0.00	562.2
2644	0.0	-18.17	10.572	0.00	562.6
2645	0.0	-18.18	10.576	0.00	562.8
2646	0.0	-18.19	10.580	0.00	563.2
2647	0.0	-18.19	10.584	0.00	563.2
2648	0.0	-18.20	10.588	0.00	563.4
2649	-0.2	-18.22	10.592	-0.04	564.0
2650	-0.2	-18.22	10.596	-0.04	564.0
2651	0.0	-18.22	10.600	0.00	564.0
2652	0.4	-18.24	10.604	0.08	564.8
2653	0.4	-18.24	10.608	0.08	564.8
2654	0.0	-18.24	10.612	0.00	564.8
2655	0.0	-18.25	10.616	0.00	565.0
2656	0.2	-18.26	10.620	0.04	565.4
2657	0.0	-18.26	10.624	0.00	565.4
2658	0.0	-18.27	10.628	0.00	565.6
2659	0.4	-18.28	10.632	0.08	566.0
2660	0.0	-18.28	10.636	0.00	566.0
2661	0.2	-18.29	10.640	0.04	566.2
2662	-0.2	-18.30	10.644	-0.04	566.6
2663	0.0	-18.31	10.648	0.00	566.8
2664	0.0	-18.31	10.652	0.00	566.8
2665	0.0	-18.32	10.656	0.00	567.2
2666	-0.2	-18.34	10.660	-0.04	567.8
2667	0.4	-18.34	10.664	0.08	567.8
2668	0.0	-18.34	10.668	0.00	567.8
2669	0.4	-18.35	10.672	0.08	568.2
2670	0.2	-18.35	10.676	0.04	568.2
2671	0.0	-18.36	10.680	0.00	568.4
2672	0.0	-18.38	10.684	0.00	569.0
2673	-0.2	-18.38	10.688	-0.04	569.0
2674	-0.2	-18.38	10.692	-0.04	569.0
2675	-0.2	-18.40	10.696	-0.04	569.6
2676	0.0	-18.40	10.700	0.00	569.6
2677	0.0	-18.40	10.704	0.00	569.6
2678	0.0	-18.41	10.708	0.00	570.0
2679	0.0	-18.42	10.712	0.00	570.2
2680	0.0	-18.43	10.716	0.00	570.6
2681	0.2	-18.43	10.720	0.04	570.6
2682	0.2	-18.44	10.724	0.04	570.8
2683	-0.6	-18.45	10.728	-0.12	571.2
2684	0.0	-18.45	10.732	0.00	571.2
2685	0.0	-18.46	10.736	0.00	571.6
2686	0.0	-18.47	10.740	0.00	571.8
2687	0.2	-18.47	10.744	0.04	571.8
2688	0.0	-18.48	10.748	0.00	572.2
2689	0.0	-18.49	10.752	0.00	572.4
2690	0.2	-18.50	10.756	0.04	572.8
2691	0.2	-18.50	10.760	0.04	572.8
2692	0.0	-18.51	10.764	0.00	573.0
2693	0.0	-18.52	10.768	0.00	573.4
2694	0.2	-18.52	10.772	0.04	573.4
2695	-0.2	-18.54	10.776	-0.04	574.0
2696	0.4	-18.54	10.780	0.08	574.0
2697	0.0	-18.54	10.784	0.00	574.0
2698	0.0	-18.55	10.788	0.00	574.4
2699	0.0	-18.56	10.792	0.00	574.6
2700	-0.4	-18.57	10.796	-0.08	575.0
2701	-0.4	-18.57	10.800	-0.08	575.0
2702	0.0	-18.58	10.804	0.00	575.2
2703	-0.4	-18.59	10.808	-0.08	575.6
2704	0.0	-18.59	10.812	0.00	575.6
2705	0.0	-18.60	10.816	0.00	575.8
2706	0.4	-18.61	10.820	0.08	576.2
2707	0.2	-18.62	10.824	0.04	576.4
2708	0.2	-18.62	10.828	0.04	576.4
2709	0.2	-18.63	10.832	0.04	576.8
2710	-0.2	-18.64	10.836	-0.04	577.0
2711	0.2	-18.64	10.840	0.04	577.0
2712	0.2	-18.65	10.844	0.04	577.4
2713	0.0	-18.66	10.848	0.00	577.8
2714	0.2	-18.66	10.852	0.04	577.8
2715	0.0	-18.68	10.856	0.00	578.4
2716	0.2	-18.68	10.860	0.04	578.4
2717	-0.2	-18.69	10.864	-0.04	578.6
2718	0.0	-18.69	10.868	0.00	578.6
2719	0.0	-18.70	10.872	0.00	579.0
2720	0.0	-18.71	10.876	0.00	579.2
2721	0.2	-18.71	10.880	0.04	579.2
2722	0.0	-18.72	10.884	0.00	579.6
2723	0.0	-18.74	10.888	0.00	580.2
2724	0.0	-18.74	10.892	0.00	580.2
2725	0.0	-18.74	10.896	0.00	580.2
2726	0.0	-18.75	10.900	0.00	580.4
2727	0.0	-18.76	10.904	0.00	580.8
2728	0.2	-18.76	10.908	0.04	580.8
2729	0.0	-18.77	10.912	0.00	581.2
2730	-0.2	-18.77	10.916	-0.04	581.2
2731	-0.2	-18.77	10.920	-0.04	581.2
2732	0.0	-18.78	10.924	0.00	581.4
2733	0.0	-18.79	10.928	0.00	581.8
2734	0.0	-18.80	10.932	0.00	582.0
2735	0.0	-18.80	10.936	0.00	582.0
2736	-0.2	-18.81	10.940	-0.04	582.4
2737	-0.2	-18.82	10.944	-0.04	582.6
2738	-0.2	-18.82	10.948	-0.04	582.6
2739	0.0	-18.83	10.952	0.00	583.0
2740	0.2	-18.84	10.956	0.04	583.2
2741	0.0	-18.84	10.960	0.00	583.2
2742	-0.2	-18.86	10.964	-0.04	584.0
2743	-0.6	-18.86	10.968	-0.12	584.0
2744	-0.2	-18.88	10.972	-0.04	584.6
2745	0.0	-18.88	10.976	0.00	584.6
2746	-0.2	-18.88	10.980	-0.04	584.6
2747	0.0	-18.89	10.984	0.00	584.8
2748	0.4	-18.89	10.988	0.08	584.8
2749	0.6	-18.90	10.992	0.12	585.2
2750	1.4	-18.91	10.996	0.26	585.4
2751	1.0	-18.92	11.000	0.20	585.8
2752	1.6	-18.92	11.004	0.30	585.8
2753	1.8	-18.93	11.008	0.34	586.0
2754	2.2	-18.94	11.012	0.42	586.4
2755	2.8	-18.94	11.016	0.54	586.4
2756	3.4	-18.95	11.020	0.66	586.6
2757	4.2	-18.96	11.024	0.80	587.0
2758	5.0	-18.96	11.028	0.96	587.0
2759	6.0	-18.97	11.032	1.16	587.4
2760	7.2	-18.98	11.036	1.38	587.6
2761	8.6	-18.98	11.040	1.66	587.6
2762	9.6	-18.99	11.044	1.86	588.0
2763	10.8	-18.99	11.048	2.08	588.0
2764	11.8	-19.00	11.052	2.28	588.2
2765	13.0	-19.01	11.056	2.50	588.6
2766	14.2	-19.01	11.060	2.74	588.6
2767	15.4	-19.02	11.064	2.96	588.8
2768	16.6	-19.02	11.068	3.20	588.8
2769	18.0	-19.03	11.072	3.46	589.2
2770	19.4	-19.03	11.076	3.74	589.2
2771	20.8	-19.04	11.080	4.00	589.4
2772	21.8	-19.06	11.084	4.20	590.0
2773	23.0	-19.06	11.088	4.44	590.0
2774	25.0	-19.06	11.092	4.82	590.0
2775	26.4	-19.06	11.096	5.08	590.0
2776	29.0	-19.08	11.100	5.60	590.8
2777	30.2	-19.08	11.104	5.82	590.8
2778	32.0	-19.08	11.108	6.16	590.8
2779	34.6	-19.08	11.112	6.66	590.8
2780	37.0	-19.09	11.116	7.14	591.0
2781	39.4	-19.10	11.120	7.60	591.4
2782	42.0	-19.10	11.124	8.10	591.4
2783	44.6	-19.10	11.128	8.60	591.4
2784	48.0	-19.11	11.132	9.26	591.6
2785	52.4	-19.11	11.136	10.10	591.6
2786	56.8	-19.12	11.140	10.94	592.0
2787	61.6	-19.12	11.144	11.88	592.0
2788	66.2	-19.12	11.148	12.76	592.0
2789	70.6	-19.12	11.152	13.60	592.0
2790	75.4	-19.13	11.156	14.54	592.2
2791	79.6	-19.13	11.160	15.34	592.2
2792	83.4	-19.13	11.164	16.08	592.2
2793	86.2	-19.14	11.168	16.62	592.6
2794	88.2	-19.14	11.172	17.00	592.6
2795	91.2	-19.15	11.176	17.58	592.8
2796	93.8	-19.15	11.180	18.08	592.8
2797	95.8	-19.16	11.184	18.46	593.2
2798	97.4	-19.17	11.188	18.78	593.4
2799	99.0	-19.17	11.192	19.08	593.4
2800	100.2	-19.17	11.196	19.32	593.4
2801	101.4	-19.18	11.200	19.54	593.8
2802	102.2	-19.19	11.204	19.70	594.2
2803	101.4	-19.20	11.208	19.54	594.4
2804	101.4	-19.20	11.212	19.54	594.4
2805	101.8	-19.22	11.216	19.62	595.0
2806	102.4	-19.22	11.220	19.74	595.0
2807	102.8	-19.22	11.224	19.82	595.0
2808	103.0	-19.23	11.228	19.86	595.4
2809	102.4	-19.24	11.232	19.74	595.6
2810	101.4	-19.24	11.236	19.54	595.6
2811	101.8	-19.25	11.240	19.62	596.0
2812	101.6	-19.26	11.244	19.58	596.2
2813	101.0	-19.27	11.248	19.46	596.6
2814	100.6	-19.27	11.252	19.40	596.6
2815	99.8	-19.28	11.256	19.24	597.0
2816	99.8	-19.29	11.260	19.24	597.2
2817	99.8	-19.29	11.264	19.24	597.2
2818	99.4	-19.30	11.268	19.16	597.6
2819	99.0	-19.32	11.272	19.08	598.2
2820	97.6	-19.32	11.276	18.82	598.2
2821	96.0	-19.33	11.280	18.50	598.4
2822	95.8	-19.33	11.284	18.46	598.4
2823	95.6	-19.34	11.288	18.42	598.8
2824	95.4	-19.35	11.292	18.40	599.0
2825	94.8	-19.36	11.296	18.28	599.4
2826	94.4	-19.36	11.300	18.20	599.4
2827	93.8	-19.38	11.304	18.08	600.0
2828	93.6	-19.38	11.308	18.04	600.0
2829	93.0	-19.40	11.312	17.92	600.6
2830	92.2	-19.40	11.316	17.78	600.6
2831	92.0	-19.40	11.320	17.74	600.6
2832	91.2	-19.41	11.324	17.58	601.0
2833	90.8	-19.42	11.328	17.50	601.2
2834	90.2	-19.42	11.332	17.38	601.2
2835	89.6	-19.43	11.336	17.28	601.6
2836	89.0	-19.44	11.340	17.16	601.8
2837	88.2	-19.45	11.344	17.00	602.2
2838	87.6	-19.45	11.348	16.88	602.2
2839	87.0	-19.46	11.352	16.78	602.4
2840	86.6	-19.47	11.356	16.70	602.8
2841	86.6	-19.48	11.360	16.70	603.0
2842	85.8	-19.48	11.364	16.54	603.0
2843	85.2	-19.49	11.368	16.42	603.4
2844	84.6	-19.50	11.372	16.30	603.8
2845	84.2	-19.52	11.376	16.24	604.4
2846	83.6	-19.52	11.380	16.12	604.4
2847	83.2	-19.52	11.384	16.04	604.4
2848	82.2	-19.53	11.388	15.84	604.6
2849	81.8	-19.54	11.392	15.76	605.0
2850	81.4	-19.54	11.396	15.70	605.0
2851	80.6	-19.55	11.400	15.54	605.2
2852	80.2	-19.56	11.404	15.46	605.6
2853	79.2	-19.58	11.408	15.26	606.2
2854	78.4	-19.58	11.412	15.12	606.2
2855	78.0	-19.58	11.416	15.04	606.2
2856	77.6	-19.59	11.420	14.96	606.6
2857	77.0	-19.60	11.424	14.84	606.8
2858	75.0	-19.60	11.428	14.46	606.8
2859	72.8	-19.61	11.432	14.04	607.2
2860	70.8	-19.61	11.436	13.64	607.2
2861	68.8	-19.61	11.440	13.26	607.2
2862	67.4	-19.61	11.444	13.00	607.2
2863	66.4	-19.61	11.448	12.80	607.2
2864	65.6	-19.61	11.452	12.64	607.2
2865	64.6	-19.61	11.456	12.46	607.2
2866	64.0	-19.61	11.460	12.34	607.2
2867	63.4	-19.61	11.464	12.22	607.2
2868	63.0	-19.61	11.468	12.14	607.2
2869	62.6	-19.61	11.472	12.06	607.2
2870	62.2	-19.61	11.476	12.00	607.2
2871	62.0	-19.61	11.480	11.96	607.2
2872	61.6	-19.61	11.484	11.88	607.2
2873	61.2	-19.61	11.488	11.80	607.2
2874	60.8	-19.61	11.492	11.72	607.2
2875	60.8	-19.61	11.496	11.72	607.2
2876	60.4	-19.61	11.500	11.64	607.2
2877	60.0	-19.62	11.504	11.56	607.4
2878	59.8	-19.62	11.508	11.52	607.4
2879	59.6	-19.62	11.512	11.48	607.4
2880	59.6	-19.62	11.516	11.48	607.4
2881	59.4	-19.62	11.520	11.46	607.4
2882	59.2	-19.62	11.524	11.42	607.4
2883	59.2	-19.62	11.528	11.42	607.4
2884	59.0	-19.62	11.532	11.38	607.4
2885	58.8	-19.62	11.536	11.34	607.4
2886	58.6	-19.62	11.540	11.30	607.4
