Axial Compression Test-Jun-21-2024-03-08-46-PM.log,,,,,
,,,,,
System Information:,,,,,
IntelliMESUR Version: 2.2.1,,,,,
Test Frame Model: F505,,,,,
Test Frame Serial Number: 4418651,,,,,
Test Frame Capacity: 500 lbF / 2.2 kN,,,,,
Test Frame Firmware Version: 1.00.14,,,,,
Force Sensor Model: FS05-100,,,,,
Force Sensor Capacity: 500 N,,,,,
Force Sensor Resolution: 0.2 N,,,,,
Force Sensor Serial Number: 4425350,,,,,
"Calibration Date: Apr 29, 2024",,,,,
"Calibration Due Date: Apr 29, 2025",,,,,
,,,,,
Reading,Load [N],Distance [mm],Time [s],Stress [MPa],Strain [%]
1,0,-0.01,0,0,0.5
2,-0.2,-0.01,0.004,-0.1,0.5
3,0,-0.01,0.008,0,0.5
4,0,-0.01,0.012,0,0.5
5,0,-0.01,0.016,0,0.5
6,0,-0.01,0.02,0,0.5
7,0.2,-0.01,0.024,0.1,0.5
8,0,-0.01,0.028,0,0.5
9,0,-0.01,0.032,0,0.5
10,0,-0.01,0.036,0,0.5
11,0,-0.01,0.04,0,0.5
12,-0.2,-0.01,0.044,-0.1,0.5
13,0,-0.01,0.048,0,0.5
14,0,-0.01,0.052,0,0.5
15,0,-0.01,0.056,0,0.5
16,0,-0.01,0.06,0,0.5
17,0,-0.01,0.064,0,0.5
18,0,-0.01,0.068,0,0.5
19,0,-0.01,0.072,0,0.5
20,0.2,-0.01,0.076,0.1,0.5
21,-0.2,-0.01,0.08,-0.1,0.5
22,0,-0.01,0.084,0,0.5
23,0,-0.01,0.088,0,0.5
24,0.2,-0.01,0.092,0.1,0.5
25,0,-0.01,0.096,0,0.5
26,0.2,-0.01,0.1,0.1,0.5
27,0,-0.01,0.104,0,0.5
28,0,-0.01,0.108,0,0.5
29,0,-0.01,0.112,0,0.5
30,0,-0.01,0.116,0,0.5
31,0.2,-0.01,0.12,0.1,0.5
32,0,-0.01,0.124,0,0.5
33,0,-0.01,0.128,0,0.5
34,0,-0.01,0.132,0,0.5
35,0,-0.01,0.136,0,0.5
36,-0.2,-0.01,0.14,-0.1,0.5
37,0,-0.01,0.144,0,0.5
38,0,-0.01,0.148,0,0.5
39,0,-0.01,0.152,0,0.5
40,0,-0.01,0.156,0,0.5
41,0,-0.01,0.16,0,0.5
42,0,-0.01,0.164,0,0.5
43,0,-0.01,0.168,0,0.5
44,0,-0.01,0.172,0,0.5
45,0,-0.01,0.176,0,0.5
46,0.2,-0.01,0.18,0.1,0.5
47,0,-0.01,0.184,0,0.5
48,0.2,-0.01,0.188,0.1,0.5
49,0,-0.02,0.192,0,1
50,-0.2,-0.02,0.196,-0.1,1
51,0,-0.03,0.2,0,1.5
52,0,-0.04,0.204,0,2
53,0,-0.04,0.208,0,2
54,-0.2,-0.05,0.212,-0.1,2.5
55,-0.2,-0.06,0.216,-0.1,3
56,-0.2,-0.06,0.22,-0.1,3
57,0,-0.07,0.224,0,4
58,-0.2,-0.08,0.228,-0.1,4.5
59,0,-0.09,0.232,0,5
60,0,-0.09,0.236,0,5
61,0,-0.1,0.24,0,5.5
62,0,-0.11,0.244,0,6
63,0,-0.12,0.248,0,6.5
64,0,-0.12,0.252,0,6.5
65,0,-0.13,0.256,0,7
66,0.2,-0.14,0.26,0.1,7.5
67,-0.2,-0.14,0.264,-0.1,7.5
68,0,-0.15,0.268,0,8
69,0.2,-0.16,0.272,0.1,8.5
70,0,-0.16,0.276,0,8.5
71,0,-0.17,0.28,0,9
72,0,-0.18,0.284,0,9.5
73,-0.2,-0.19,0.288,-0.1,10.5
74,-0.4,-0.19,0.292,-0.2,10.5
75,0.2,-0.2,0.296,0.1,11
76,0.2,-0.21,0.3,0.1,11.5
77,0,-0.21,0.304,0,11.5
78,0,-0.22,0.308,0,12
79,0,-0.22,0.312,0,12
80,0.2,-0.23,0.316,0.1,12.5
81,0,-0.23,0.32,0,12.5
82,0,-0.24,0.324,0,13
83,0.2,-0.25,0.328,0.1,13.5
84,-0.2,-0.25,0.332,-0.1,13.5
85,0,-0.26,0.336,0,14
86,0,-0.27,0.34,0,14.5
87,0.2,-0.27,0.344,0.1,14.5
88,0,-0.28,0.348,0,15
89,-0.2,-0.29,0.352,-0.1,15.5
90,-0.2,-0.3,0.356,-0.1,16
91,0,-0.3,0.36,0,16
92,0,-0.31,0.364,0,17
93,0,-0.32,0.368,0,17.5
94,0,-0.32,0.372,0,17.5
95,-0.2,-0.33,0.376,-0.1,18
96,0,-0.34,0.38,0,18.5
97,0,-0.35,0.384,0,19
98,0.4,-0.35,0.388,0.2,19
99,0,-0.36,0.392,0,19.5
100,0.2,-0.37,0.396,0.1,20
101,0,-0.37,0.4,0,20
102,0,-0.38,0.404,0,20.5
103,-0.2,-0.39,0.408,-0.1,21
104,0,-0.39,0.412,0,21
105,-0.2,-0.4,0.416,-0.1,21.5
106,0,-0.41,0.42,0,22
107,0,-0.42,0.424,0,22.5
108,0,-0.42,0.428,0,22.5
109,0,-0.43,0.432,0,23
110,0.2,-0.44,0.436,0.1,24
111,0,-0.44,0.44,0,24
112,0.2,-0.45,0.444,0.1,24.5
113,0,-0.46,0.448,0,25
114,0,-0.46,0.452,0,25
115,-0.2,-0.47,0.456,-0.1,25.5
116,-0.2,-0.48,0.46,-0.1,26
117,0,-0.49,0.464,0,26.5
118,0,-0.49,0.468,0,26.5
119,0,-0.5,0.472,0,27
120,0,-0.51,0.476,0,27.5
121,0,-0.51,0.48,0,27.5
122,0,-0.52,0.484,0,28
123,0.2,-0.53,0.488,0.1,28.5
124,0,-0.53,0.492,0,28.5
125,0.2,-0.54,0.496,0.1,29
126,0,-0.55,0.5,0,29.5
127,0,-0.55,0.504,0,29.5
128,0,-0.56,0.508,0,30.5
129,-0.2,-0.57,0.512,-0.1,31
130,0,-0.58,0.516,0,31.5
131,0,-0.58,0.52,0,31.5
132,-0.2,-0.59,0.524,-0.1,32
133,0,-0.6,0.528,0,32.5
134,0,-0.6,0.532,0,32.5
135,0.4,-0.61,0.536,0.2,33
136,0.2,-0.62,0.54,0.1,33.5
137,-0.2,-0.62,0.544,-0.1,33.5
138,-0.2,-0.63,0.548,-0.1,34
139,0,-0.64,0.552,0,34.5
140,0.2,-0.65,0.556,0.1,35
141,0,-0.65,0.56,0,35
142,0,-0.66,0.564,0,35.5
143,0,-0.67,0.568,0,36
144,0,-0.67,0.572,0,36
145,0,-0.68,0.576,0,37
146,0,-0.69,0.58,0,37.5
147,0,-0.69,0.584,0,37.5
148,0,-0.7,0.588,0,38
149,0,-0.71,0.592,0,38.5
150,0.2,-0.72,0.596,0.1,39
151,-0.2,-0.72,0.6,-0.1,39
152,-0.2,-0.73,0.604,-0.1,39.5
153,0,-0.74,0.608,0,40
154,0,-0.74,0.612,0,40
155,-0.2,-0.75,0.616,-0.1,40.5
156,-0.2,-0.76,0.62,-0.1,41
157,-0.2,-0.76,0.624,-0.1,41
158,0,-0.77,0.628,0,41.5
159,-0.2,-0.78,0.632,-0.1,42
160,0,-0.79,0.636,0,42.5
161,0,-0.79,0.64,0,42.5
162,0,-0.8,0.644,0,43
163,0.2,-0.81,0.648,0.1,44
164,0.2,-0.81,0.652,0.1,44
165,0.2,-0.82,0.656,0.1,44.5
166,0,-0.83,0.66,0,45
167,0,-0.83,0.664,0,45
168,0,-0.84,0.668,0,45.5
169,-0.2,-0.85,0.672,-0.1,46
170,-0.2,-0.86,0.676,-0.1,46.5
171,-0.4,-0.86,0.68,-0.2,46.5
172,0,-0.87,0.684,0,47
173,0,-0.88,0.688,0,47.5
174,0,-0.88,0.692,0,47.5
175,0,-0.89,0.696,0,48
176,0.2,-0.9,0.7,0.1,48.5
177,-0.2,-0.9,0.704,-0.1,48.5
178,0,-0.91,0.708,0,49
179,0,-0.92,0.712,0,49.5
180,0,-0.92,0.716,0,49.5
181,0,-0.93,0.72,0,50.5
182,0,-0.94,0.724,0,51
183,0,-0.95,0.728,0,51.5
184,-0.4,-0.95,0.732,-0.2,51.5
185,0.2,-0.96,0.736,0.1,52
186,0,-0.97,0.74,0,52.5
187,0,-0.97,0.744,0,52.5
188,0,-0.98,0.748,0,53
189,0,-0.99,0.752,0,53.5
190,0,-0.99,0.756,0,53.5
191,0,-1,0.76,0,54
192,0,-1.01,0.764,0,54.5
193,0,-1.02,0.768,0,55
194,-0.4,-1.02,0.772,-0.2,55
195,0,-1.03,0.776,0,55.5
196,0,-1.04,0.78,0,56
197,0,-1.04,0.784,0,56
198,0,-1.05,0.788,0,57
199,0.2,-1.06,0.792,0.1,57.5
200,0.2,-1.06,0.796,0.1,57.5
201,0.2,-1.07,0.8,0.1,58
202,0.2,-1.08,0.804,0.1,58.5
203,0,-1.09,0.808,0,59
204,-0.4,-1.09,0.812,-0.2,59
205,0.2,-1.1,0.816,0.1,59.5
206,0,-1.11,0.82,0,60
207,0.2,-1.11,0.824,0.1,60
208,0,-1.12,0.828,0,60.5
209,0.2,-1.13,0.832,0.1,61
210,0.2,-1.13,0.836,0.1,61
211,0,-1.14,0.84,0,61.5
212,0,-1.15,0.844,0,62
213,0,-1.16,0.848,0,62.5
214,0,-1.16,0.852,0,62.5
215,0.2,-1.17,0.856,0.1,63
216,-0.2,-1.18,0.86,-0.1,64
217,-0.4,-1.18,0.864,-0.2,64
218,0,-1.19,0.868,0,64.5
219,0,-1.2,0.872,0,65
220,0,-1.2,0.876,0,65
221,-0.2,-1.22,0.88,-0.1,66
222,0,-1.23,0.884,0,66.5
223,0,-1.23,0.888,0,66.5
224,0.2,-1.24,0.892,0.1,67
225,0,-1.25,0.896,0,67.5
226,0,-1.26,0.9,0,68
227,0,-1.26,0.904,0,68
228,0,-1.27,0.908,0,68.5
229,0.2,-1.28,0.912,0.1,69
230,0,-1.28,0.916,0,69
231,0.2,-1.29,0.92,0.1,69.5
232,0,-1.3,0.924,0,70.5
233,0,-1.3,0.928,0,70.5
234,0,-1.31,0.932,0,71
235,0,-1.32,0.936,0,71.5
236,0,-1.33,0.94,0,72
237,0,-1.33,0.944,0,72
238,0,-1.34,0.948,0,72.5
239,-0.2,-1.35,0.952,-0.1,73
240,0,-1.35,0.956,0,73
241,0,-1.36,0.96,0,73.5
242,0,-1.37,0.964,0,74
243,0,-1.37,0.968,0,74
244,0,-1.38,0.972,0,74.5
245,0,-1.39,0.976,0,75
246,-0.2,-1.4,0.98,-0.1,75.5
247,0,-1.4,0.984,0,75.5
248,0,-1.41,0.988,0,76
249,0,-1.42,0.992,0,77
250,-0.2,-1.42,0.996,-0.1,77
251,-0.2,-1.43,1,-0.1,77.5
252,0,-1.44,1.004,0,78
253,0,-1.45,1.008,0,78.5
254,-0.2,-1.45,1.012,-0.1,78.5
255,-0.2,-1.46,1.016,-0.1,79
256,0,-1.46,1.02,0,79
257,0,-1.47,1.024,0,79.5
258,0,-1.48,1.028,0,80
259,0.2,-1.49,1.032,0.1,80.5
260,0.2,-1.49,1.036,0.1,80.5
261,0.2,-1.5,1.04,0.1,81
262,0.2,-1.51,1.044,0.1,81.5
263,-0.2,-1.51,1.048,-0.1,81.5
264,0,-1.52,1.052,0,82
265,-0.2,-1.53,1.056,-0.1,82.5
266,-0.2,-1.53,1.06,-0.1,82.5
267,-0.2,-1.54,1.064,-0.1,83
268,0,-1.55,1.068,0,84
269,0.2,-1.56,1.072,0.1,84.5
270,0.2,-1.56,1.076,0.1,84.5
271,0,-1.57,1.08,0,85
272,0,-1.58,1.084,0,85.5
273,0,-1.58,1.088,0,85.5
274,0,-1.59,1.092,0,86
275,0,-1.6,1.096,0,86.5
276,0,-1.6,1.1,0,86.5
277,0,-1.61,1.104,0,87
278,0,-1.62,1.108,0,87.5
279,0,-1.63,1.112,0,88
280,0,-1.63,1.116,0,88
281,0,-1.64,1.12,0,88.5
282,0,-1.65,1.124,0,89
283,-0.2,-1.65,1.128,-0.1,89
284,0,-1.66,1.132,0,89.5
285,0,-1.67,1.136,0,90.5
286,0,-1.67,1.14,0,90.5
287,-0.2,-1.68,1.144,-0.1,91
288,0,-1.69,1.148,0,91.5
289,-0.2,-1.69,1.152,-0.1,91.5
290,0,-1.7,1.156,0,92
291,0,-1.71,1.16,0,92.5
292,0,-1.72,1.164,0,93
293,0.2,-1.72,1.168,0.1,93
294,-0.2,-1.73,1.172,-0.1,93.5
295,0,-1.74,1.176,0,94
296,0,-1.74,1.18,0,94
297,-0.2,-1.75,1.184,-0.1,94.5
298,0,-1.76,1.188,0,95
299,0,-1.76,1.192,0,95
300,0.2,-1.77,1.196,0.1,95.5
301,0.2,-1.78,1.2,0.1,96
302,0,-1.79,1.204,0,97
303,0,-1.79,1.208,0,97
304,0,-1.8,1.212,0,97.5
305,0,-1.81,1.216,0,98
306,-0.2,-1.81,1.22,-0.1,98
307,-0.2,-1.82,1.224,-0.1,98.5
308,0,-1.83,1.228,0,99
309,0,-1.83,1.232,0,99
310,0.2,-1.84,1.236,0.1,99.5
311,0,-1.85,1.24,0,100
312,0,-1.86,1.244,0,100.5
313,0,-1.86,1.248,0,100.5
314,0,-1.87,1.252,0,101
315,0.2,-1.87,1.256,0.1,101
316,0,-1.88,1.26,0,101.5
317,0,-1.89,1.264,0,102
318,0,-1.9,1.268,0,102.5
319,0,-1.9,1.272,0,102.5
320,0.2,-1.91,1.276,0.1,103
321,0,-1.92,1.28,0,104
322,0,-1.93,1.284,0,104.5
323,0,-1.93,1.288,0,104.5
324,0,-1.94,1.292,0,105
325,0,-1.94,1.296,0,105
326,0,-1.95,1.3,0,105.5
327,0,-1.96,1.304,0,106
328,0,-1.97,1.308,0,106.5
329,0,-1.97,1.312,0,106.5
330,0,-1.98,1.316,0,107
331,-0.2,-1.99,1.32,-0.1,107.5
332,-0.2,-1.99,1.324,-0.1,107.5
333,-0.4,-2,1.328,-0.2,108
334,0,-2.01,1.332,0,108.5
335,0,-2.01,1.336,0,108.5
336,0.2,-2.02,1.34,0.1,109
337,0,-2.03,1.344,0,109.5
338,-0.2,-2.04,1.348,-0.1,110.5
339,0,-2.04,1.352,0,110.5
340,0,-2.05,1.356,0,111
341,0.2,-2.06,1.36,0.1,111.5
342,-0.2,-2.06,1.364,-0.1,111.5
343,-0.4,-2.07,1.368,-0.2,112
344,-0.4,-2.08,1.372,-0.2,112.5
345,0,-2.08,1.376,0,112.5
346,0,-2.09,1.38,0,113
347,-0.2,-2.1,1.384,-0.1,113.5
348,0,-2.11,1.388,0,114
349,0,-2.11,1.392,0,114
350,-0.2,-2.12,1.396,-0.1,114.5
351,0,-2.13,1.4,0,115
352,0,-2.13,1.404,0,115
353,0,-2.14,1.408,0,115.5
354,0,-2.15,1.412,0,116
355,0,-2.15,1.416,0,116
356,0.2,-2.16,1.42,0.1,117
357,0.2,-2.17,1.424,0.1,117.5
358,0.2,-2.17,1.428,0.1,117.5
359,0,-2.18,1.432,0,118
360,0,-2.19,1.436,0,118.5
361,0.4,-2.2,1.44,0.2,119
362,0,-2.2,1.444,0,119
363,0,-2.21,1.448,0,119.5
364,0,-2.22,1.452,0,120
365,0,-2.21,1.456,0,119.5
366,0,-2.22,1.46,0,120
367,0,-2.23,1.464,0,120.5
368,0.2,-2.23,1.468,0.1,120.5
369,0.6,-2.24,1.472,0.3,121
370,0,-2.25,1.476,0,121.5
371,0,-2.26,1.48,0,122
372,0,-2.26,1.484,0,122
373,-0.2,-2.27,1.488,-0.1,122.5
374,0,-2.28,1.492,0,123
375,0,-2.28,1.496,0,123
376,0.2,-2.29,1.5,0.1,124
377,0,-2.3,1.504,0,124.5
378,0,-2.3,1.508,0,124.5
379,0,-2.31,1.512,0,125
380,-0.2,-2.32,1.516,-0.1,125.5
381,0.2,-2.33,1.52,0.1,126
382,0.2,-2.33,1.524,0.1,126
383,-0.2,-2.34,1.528,-0.1,126.5
384,-0.4,-2.35,1.532,-0.2,127
385,-0.2,-2.35,1.536,-0.1,127
386,0,-2.36,1.54,0,127.5
387,0,-2.37,1.544,0,128
388,-0.2,-2.37,1.548,-0.1,128
389,-0.2,-2.38,1.552,-0.1,128.5
390,0,-2.39,1.556,0,129
391,0,-2.39,1.56,0,129
392,0,-2.4,1.564,0,129.5
393,-0.2,-2.41,1.568,-0.1,130.5
394,0,-2.42,1.572,0,131
395,0,-2.42,1.576,0,131
396,-0.2,-2.43,1.58,-0.1,131.5
397,-0.2,-2.44,1.584,-0.1,132
398,0,-2.44,1.588,0,132
399,0,-2.45,1.592,0,132.5
400,0,-2.46,1.596,0,133
401,0,-2.46,1.6,0,133
402,-0.2,-2.47,1.604,-0.1,133.5
403,0,-2.48,1.608,0,134
404,0.2,-2.49,1.612,0.1,134.5
405,0.2,-2.49,1.616,0.1,134.5
406,0,-2.5,1.62,0,135
407,0,-2.51,1.624,0,135.5
408,0,-2.51,1.628,0,135.5
409,0,-2.52,1.632,0,136
410,0,-2.53,1.636,0,137
411,0,-2.53,1.64,0,137
412,-0.2,-2.54,1.644,-0.1,137.5
413,0,-2.55,1.648,0,138
414,0,-2.55,1.652,0,138
415,0,-2.56,1.656,0,138.5
416,0,-2.57,1.66,0,139
417,0.2,-2.57,1.664,0.1,139
418,-0.2,-2.58,1.668,-0.1,139.5
419,-0.2,-2.59,1.672,-0.1,140
420,0,-2.6,1.676,0,140.5
421,0,-2.6,1.68,0,140.5
422,0,-2.61,1.684,0,141
423,0,-2.62,1.688,0,141.5
424,0,-2.62,1.692,0,141.5
425,0,-2.63,1.696,0,142
426,0,-2.64,1.7,0,142.5
427,0,-2.64,1.704,0,142.5
428,0,-2.65,1.708,0,143
429,0.2,-2.66,1.712,0.1,144
430,0,-2.67,1.716,0,144.5
431,-0.4,-2.67,1.72,-0.2,144.5
432,0,-2.68,1.724,0,145
433,0,-2.69,1.728,0,145.5
434,0,-2.69,1.732,0,145.5
435,-0.2,-2.7,1.736,-0.1,146
436,-0.2,-2.71,1.74,-0.1,146.5
437,0,-2.71,1.744,0,146.5
438,0.2,-2.72,1.748,0.1,147
439,0,-2.73,1.752,0,147.5
440,0,-2.74,1.756,0,148
441,0,-2.74,1.76,0,148
442,0.2,-2.75,1.764,0.1,148.5
443,0,-2.76,1.768,0,149
444,0,-2.76,1.772,0,149
445,0,-2.77,1.776,0,149.5
446,0,-2.78,1.78,0,150.5
447,0.2,-2.78,1.784,0.1,150.5
448,0.4,-2.79,1.788,0.2,151
449,0,-2.8,1.792,0,151.5
450,0,-2.81,1.796,0,152
451,0,-2.81,1.8,0,152
452,0.4,-2.82,1.804,0.2,152.5
453,0.2,-2.83,1.808,0.1,153
454,-0.2,-2.83,1.812,-0.1,153
455,-0.2,-2.84,1.816,-0.1,153.5
456,0,-2.85,1.82,0,154
457,0,-2.85,1.824,0,154
458,0,-2.86,1.828,0,154.5
459,0,-2.87,1.832,0,155
460,0.2,-2.87,1.836,0.1,155
461,0,-2.88,1.84,0,155.5
462,0,-2.89,1.844,0,156
463,0,-2.9,1.848,0,157
464,-0.2,-2.9,1.852,-0.1,157
465,0,-2.91,1.856,0,157.5
466,0,-2.92,1.86,0,158
467,0,-2.92,1.864,0,158
468,0,-2.93,1.868,0,158.5
469,-0.2,-2.94,1.872,-0.1,159
470,-0.2,-2.94,1.876,-0.1,159
471,0,-2.95,1.88,0,159.5
472,-0.2,-2.96,1.884,-0.1,160
473,0,-2.97,1.888,0,160.5
474,0,-2.97,1.892,0,160.5
475,0.2,-2.98,1.896,0.1,161
476,0,-2.99,1.9,0,161.5
477,-0.4,-2.99,1.904,-0.2,161.5
478,-0.2,-3,1.908,-0.1,162
479,0,-3.01,1.912,0,162.5
480,0.2,-3.02,1.916,0.1,163
481,0.2,-3.02,1.92,0.1,163
482,0,-3.03,1.924,0,164
483,0,-3.04,1.928,0,164.5
484,0,-3.04,1.932,0,164.5
485,0,-3.05,1.936,0,165
486,0,-3.06,1.94,0,165.5
487,0,-3.06,1.944,0,165.5
488,0.2,-3.07,1.948,0.1,166
489,-0.2,-3.08,1.952,-0.1,166.5
490,-0.2,-3.09,1.956,-0.1,167
491,0,-3.09,1.96,0,167
492,-0.4,-3.1,1.964,-0.2,167.5
493,0.2,-3.11,1.968,0.1,168
494,0.2,-3.11,1.972,0.1,168
495,0,-3.12,1.976,0,168.5
496,0,-3.13,1.98,0,169
497,0,-3.13,1.984,0,169
498,0,-3.14,1.988,0,169.5
499,0,-3.15,1.992,0,170.5
500,0,-3.16,1.996,0,171
501,-0.2,-3.16,2,-0.1,171
502,0,-3.17,2.004,0,171.5
503,0,-3.18,2.008,0,172
504,0,-3.18,2.012,0,172
505,0,-3.19,2.016,0,172.5
506,-0.2,-3.2,2.02,-0.1,173
507,0,-3.2,2.024,0,173
508,0.2,-3.21,2.028,0.1,173.5
509,0.2,-3.23,2.032,0.1,174.5
510,0.2,-3.23,2.036,0.1,174.5
511,0,-3.24,2.04,0,175
512,-0.2,-3.25,2.044,-0.1,175.5
513,0,-3.26,2.048,0,176
514,0,-3.26,2.052,0,176
515,-0.4,-3.27,2.056,-0.2,177
516,-0.2,-3.28,2.06,-0.1,177.5
517,0,-3.28,2.064,0,177.5
518,0,-3.29,2.068,0,178
519,0,-3.3,2.072,0,178.5
520,0,-3.3,2.076,0,178.5
521,0,-3.31,2.08,0,179
522,0,-3.32,2.084,0,179.5
523,0,-3.33,2.088,0,180
524,0,-3.33,2.092,0,180
525,0.2,-3.34,2.096,0.1,180.5
526,0,-3.35,2.1,0,181
527,0,-3.35,2.104,0,181
528,0,-3.36,2.108,0,181.5
529,0,-3.37,2.112,0,182
530,0,-3.37,2.116,0,182
531,0,-3.38,2.12,0,182.5
532,-0.2,-3.39,2.124,-0.1,183
533,0,-3.4,2.128,0,184
534,0,-3.4,2.132,0,184
535,0,-3.41,2.136,0,184.5
536,0.2,-3.42,2.14,0.1,185
537,0,-3.42,2.144,0,185
538,0.2,-3.43,2.148,0.1,185.5
539,0.2,-3.44,2.152,0.1,186
540,0.2,-3.45,2.156,0.1,186.5
541,0,-3.45,2.16,0,186.5
542,-0.2,-3.46,2.164,-0.1,187
543,0,-3.47,2.168,0,187.5
544,0.2,-3.47,2.172,0.1,187.5
545,0,-3.48,2.176,0,188
546,-0.2,-3.49,2.18,-0.1,188.5
547,0,-3.49,2.184,0,188.5
548,-0.2,-3.5,2.188,-0.1,189
549,0,-3.51,2.192,0,189.5
550,0.2,-3.52,2.196,0.1,190.5
551,0,-3.52,2.2,0,190.5
552,0,-3.53,2.204,0,191
553,0,-3.54,2.208,0,191.5
554,0,-3.54,2.212,0,191.5
555,-0.4,-3.55,2.216,-0.2,192
556,-0.2,-3.56,2.22,-0.1,192.5
557,-0.2,-3.56,2.224,-0.1,192.5
558,-0.2,-3.57,2.228,-0.1,193
559,-0.2,-3.58,2.232,-0.1,193.5
560,-0.4,-3.59,2.236,-0.2,194
561,0,-3.59,2.24,0,194
562,0.2,-3.6,2.244,0.1,194.5
563,0,-3.61,2.248,0,195
564,0.2,-3.61,2.252,0.1,195
565,0.2,-3.62,2.256,0.1,195.5
566,0.2,-3.63,2.26,0.1,196
567,0.2,-3.63,2.264,0.1,196
568,-0.2,-3.64,2.268,-0.1,197
569,-0.2,-3.65,2.272,-0.1,197.5
570,0,-3.66,2.276,0,198
571,0,-3.66,2.28,0,198
572,0,-3.67,2.284,0,198.5
573,0,-3.68,2.288,0,199
574,0,-3.68,2.292,0,199
575,0,-3.69,2.296,0,199.5
576,-0.2,-3.7,2.3,-0.1,200
577,0,-3.71,2.304,0,200.5
578,0,-3.71,2.308,0,200.5
579,0,-3.72,2.312,0,201
580,0,-3.73,2.316,0,201.5
581,0,-3.73,2.32,0,201.5
582,0.2,-3.74,2.324,0.1,202
583,0,-3.75,2.328,0,202.5
584,0,-3.75,2.332,0,202.5
585,0,-3.76,2.336,0,203
586,-0.2,-3.77,2.34,-0.1,204
587,0.2,-3.78,2.344,0.1,204.5
588,0,-3.78,2.348,0,204.5
589,0,-3.79,2.352,0,205
590,0.2,-3.8,2.356,0.1,205.5
591,0.2,-3.8,2.36,0.1,205.5
592,0,-3.81,2.364,0,206
593,0,-3.82,2.368,0,206.5
594,0,-3.82,2.372,0,206.5
595,0,-3.83,2.376,0,207
596,0,-3.84,2.38,0,207.5
597,0,-3.85,2.384,0,208
598,-0.4,-3.85,2.388,-0.2,208
599,0,-3.86,2.392,0,208.5
600,0,-3.87,2.396,0,209
601,0,-3.87,2.4,0,209
602,0,-3.88,2.404,0,209.5
603,0,-3.89,2.408,0,210.5
604,0,-3.9,2.412,0,211
605,0,-3.9,2.416,0,211
606,0,-3.91,2.42,0,211.5
607,0,-3.92,2.424,0,212
608,0,-3.92,2.428,0,212
609,-0.2,-3.93,2.432,-0.1,212.5
610,0,-3.94,2.436,0,213
611,0,-3.94,2.44,0,213
612,0,-3.95,2.444,0,213.5
613,0,-3.96,2.448,0,214
614,0,-3.97,2.452,0,214.5
615,-0.2,-3.97,2.456,-0.1,214.5
616,0,-3.98,2.46,0,215
617,0,-3.99,2.464,0,215.5
618,0,-3.99,2.468,0,215.5
619,0,-4,2.472,0,216
620,0,-4.01,2.476,0,217
621,0,-4.01,2.48,0,217
622,0,-4.02,2.484,0,217.5
623,-0.2,-4.03,2.488,-0.1,218
624,-0.2,-4.04,2.492,-0.1,218.5
625,-0.2,-4.04,2.496,-0.1,218.5
626,0,-4.05,2.5,0,219
627,0,-4.06,2.504,0,219.5
628,0,-4.06,2.508,0,219.5
629,0.2,-4.07,2.512,0.1,220
630,0.2,-4.08,2.516,0.1,220.5
631,0,-4.09,2.52,0,221
632,0,-4.09,2.524,0,221
633,0,-4.1,2.528,0,221.5
634,0.2,-4.11,2.532,0.1,222
635,0.2,-4.11,2.536,0.1,222
636,0,-4.12,2.54,0,222.5
637,0.2,-4.13,2.544,0.1,223
638,-0.2,-4.13,2.548,-0.1,223
639,0,-4.14,2.552,0,224
640,0,-4.15,2.556,0,224.5
641,0,-4.16,2.56,0,225
642,0,-4.16,2.564,0,225
643,0,-4.17,2.568,0,225.5
644,0,-4.18,2.572,0,226
645,0,-4.18,2.576,0,226
646,-0.4,-4.19,2.58,-0.2,226.5
647,0,-4.2,2.584,0,227
648,0,-4.21,2.588,0,227.5
649,0,-4.21,2.592,0,227.5
650,-0.2,-4.22,2.596,-0.1,228
651,0,-4.23,2.6,0,228.5
652,-0.2,-4.23,2.604,-0.1,228.5
653,0,-4.24,2.608,0,229
654,0.2,-4.25,2.612,0.1,229.5
655,0.2,-4.25,2.616,0.1,229.5
656,-0.2,-4.26,2.62,-0.1,230.5
657,-0.2,-4.27,2.624,-0.1,231
658,0,-4.28,2.628,0,231.5
659,0.4,-4.28,2.632,0.2,231.5
660,0,-4.29,2.636,0,232
661,0,-4.3,2.64,0,232.5
662,0,-4.3,2.644,0,232.5
663,0,-4.31,2.648,0,233
664,-0.2,-4.32,2.652,-0.1,233.5
665,0,-4.32,2.656,0,233.5
666,0,-4.33,2.66,0,234
667,0,-4.34,2.664,0,234.5
668,0,-4.35,2.668,0,235
669,0.4,-4.35,2.672,0.2,235
670,0.2,-4.36,2.676,0.1,235.5
671,0,-4.37,2.68,0,236
672,0,-4.38,2.684,0,237
673,0,-4.38,2.688,0,237
674,-0.2,-4.39,2.692,-0.1,237.5
675,0,-4.4,2.696,0,238
676,0,-4.4,2.7,0,238
677,-0.2,-4.41,2.704,-0.1,238.5
678,0.2,-4.42,2.708,0.1,239
679,0.2,-4.42,2.712,0.1,239
680,0.4,-4.43,2.716,0.2,239.5
681,0,-4.44,2.72,0,240
682,0.2,-4.44,2.724,0.1,240
683,0,-4.45,2.728,0,240.5
684,-0.2,-4.46,2.732,-0.1,241
685,0,-4.47,2.736,0,241.5
686,0.2,-4.47,2.74,0.1,241.5
687,0,-4.48,2.744,0,242
688,-0.2,-4.49,2.748,-0.1,242.5
689,0,-4.49,2.752,0,242.5
690,0,-4.5,2.756,0,243
691,0,-4.51,2.76,0,244
692,0.2,-4.52,2.764,0.1,244.5
693,0,-4.52,2.768,0,244.5
694,-0.2,-4.53,2.772,-0.1,245
695,0,-4.54,2.776,0,245.5
696,-0.2,-4.54,2.78,-0.1,245.5
697,0.2,-4.55,2.784,0.1,246
698,0,-4.56,2.788,0,246.5
699,0,-4.57,2.792,0,247
700,0,-4.57,2.796,0,247
701,0,-4.58,2.8,0,247.5
702,0,-4.59,2.804,0,248
703,-0.2,-4.59,2.808,-0.1,248
704,0.2,-4.6,2.812,0.1,248.5
705,0,-4.61,2.816,0,249
706,0,-4.61,2.82,0,249
707,0,-4.62,2.824,0,249.5
708,0,-4.63,2.828,0,250.5
709,0,-4.64,2.832,0,251
710,0,-4.64,2.836,0,251
711,0,-4.65,2.84,0,251.5
712,0.2,-4.66,2.844,0.1,252
713,0,-4.66,2.848,0,252
714,0,-4.67,2.852,0,252.5
715,-0.2,-4.68,2.856,-0.1,253
716,0,-4.69,2.86,0,253.5
717,0,-4.69,2.864,0,253.5
718,0,-4.7,2.868,0,254
719,0.2,-4.71,2.872,0.1,254.5
720,0.2,-4.71,2.876,0.1,254.5
721,0,-4.72,2.88,0,255
722,0,-4.73,2.884,0,255.5
723,0,-4.73,2.888,0,255.5
724,0,-4.74,2.892,0,256
725,0,-4.75,2.896,0,257
726,0,-4.76,2.9,0,257.5
727,0.2,-4.76,2.904,0.1,257.5
728,0,-4.77,2.908,0,258
729,0,-4.78,2.912,0,258.5
730,0,-4.78,2.916,0,258.5
731,0,-4.79,2.92,0,259
732,0,-4.8,2.924,0,259.5
733,0,-4.81,2.928,0,260
734,0,-4.81,2.932,0,260
735,0,-4.82,2.936,0,260.5
736,0,-4.83,2.94,0,261
737,0,-4.83,2.944,0,261
738,0,-4.84,2.948,0,261.5
739,0,-4.85,2.952,0,262
740,0,-4.85,2.956,0,262
741,0,-4.86,2.96,0,262.5
742,0,-4.87,2.964,0,263
743,0,-4.88,2.968,0,264
744,0,-4.88,2.972,0,264
745,0,-4.89,2.976,0,264.5
746,0,-4.9,2.98,0,265
747,-0.2,-4.9,2.984,-0.1,265
748,0,-4.91,2.988,0,265.5
749,0.2,-4.92,2.992,0.1,266
750,0.2,-4.92,2.996,0.1,266
751,0.2,-4.93,3,0.1,266.5
752,0,-4.94,3.004,0,267
753,0.2,-4.95,3.008,0.1,267.5
754,0.2,-4.95,3.012,0.1,267.5
755,0.2,-4.96,3.016,0.1,268
756,0.2,-4.97,3.02,0.1,268.5
757,0.2,-4.97,3.024,0.1,268.5
758,0.2,-4.98,3.028,0.1,269
759,-0.2,-4.99,3.032,-0.1,269.5
760,0,-5,3.036,0,270.5
761,0,-5,3.04,0,270.5
762,0,-5.01,3.044,0,271
763,0,-5.02,3.048,0,271.5
764,0.2,-5.02,3.052,0.1,271.5
765,0,-5.03,3.056,0,272
766,0,-5.04,3.06,0,272.5
767,0,-5.04,3.064,0,272.5
768,-0.2,-5.05,3.068,-0.1,273
769,-0.2,-5.06,3.072,-0.1,273.5
770,0,-5.07,3.076,0,274
771,0,-5.07,3.08,0,274
772,0.2,-5.08,3.084,0.1,274.5
773,0,-5.09,3.088,0,275
774,0,-5.09,3.092,0,275
775,0.2,-5.1,3.096,0.1,275.5
776,0,-5.11,3.1,0,276
777,0,-5.11,3.104,0,276
778,0,-5.12,3.108,0,277
779,0,-5.13,3.112,0,277.5
780,0,-5.14,3.116,0,278
781,0.2,-5.14,3.12,0.1,278
782,0,-5.15,3.124,0,278.5
783,0,-5.16,3.128,0,279
784,-0.2,-5.16,3.132,-0.1,279
785,0,-5.17,3.136,0,279.5
786,-0.2,-5.18,3.14,-0.1,280
787,-0.4,-5.19,3.144,-0.2,280.5
788,0,-5.19,3.148,0,280.5
789,-0.2,-5.2,3.152,-0.1,281
790,0,-5.21,3.156,0,281.5
791,-0.2,-5.21,3.16,-0.1,281.5
792,-0.4,-5.22,3.164,-0.2,282
793,0,-5.23,3.168,0,282.5
794,0,-5.23,3.172,0,282.5
795,0,-5.24,3.176,0,283
796,-0.2,-5.25,3.18,-0.1,284
797,0,-5.26,3.184,0,284.5
798,0,-5.26,3.188,0,284.5
799,-0.2,-5.27,3.192,-0.1,285
800,0,-5.28,3.196,0,285.5
801,0,-5.28,3.2,0,285.5
802,0.2,-5.29,3.204,0.1,286
803,0.2,-5.3,3.208,0.1,286.5
804,0.2,-5.3,3.212,0.1,286.5
805,0,-5.31,3.216,0,287
806,-0.2,-5.32,3.22,-0.1,287.5
807,0,-5.33,3.224,0,288
808,-0.2,-5.33,3.228,-0.1,288
809,0.2,-5.34,3.232,0.1,288.5
810,0,-5.35,3.236,0,289
811,0,-5.35,3.24,0,289
812,0.2,-5.36,3.244,0.1,289.5
813,-0.2,-5.37,3.248,-0.1,290.5
814,0,-5.37,3.252,0,290.5
815,0.2,-5.38,3.256,0.1,291
816,0,-5.39,3.26,0,291.5
817,0,-5.39,3.264,0,291.5
818,0,-5.4,3.268,0,292
819,0,-5.41,3.272,0,292.5
820,0,-5.42,3.276,0,293
821,0,-5.42,3.28,0,293
822,-0.2,-5.43,3.284,-0.1,293.5
823,-0.2,-5.44,3.288,-0.1,294
824,0.2,-5.45,3.292,0.1,294.5
825,0,-5.45,3.296,0,294.5
826,0,-5.46,3.3,0,295
827,-0.2,-5.46,3.304,-0.1,295
828,-0.2,-5.47,3.308,-0.1,295.5
829,-0.6,-5.48,3.312,-0.3,296
830,-0.2,-5.49,3.316,-0.1,297
831,-0.2,-5.49,3.32,-0.1,297
832,-0.2,-5.5,3.324,-0.1,297.5
833,0,-5.51,3.328,0,298
834,0,-5.52,3.332,0,298.5
835,0,-5.52,3.336,0,298.5
836,0,-5.53,3.34,0,299
837,-0.2,-5.54,3.344,-0.1,299.5
838,-0.2,-5.54,3.348,-0.1,299.5
839,-0.2,-5.55,3.352,-0.1,300
840,0,-5.56,3.356,0,300.5
841,0,-5.56,3.36,0,300.5
842,0,-5.57,3.364,0,301
843,0,-5.58,3.368,0,301.5
844,0.2,-5.58,3.372,0.1,301.5
845,0,-5.59,3.376,0,302
846,0,-5.6,3.38,0,302.5
847,0,-5.61,3.384,0,303
848,0.2,-5.61,3.388,0.1,303
849,-0.2,-5.62,3.392,-0.1,304
850,0,-5.63,3.396,0,304.5
851,0,-5.63,3.4,0,304.5
852,-0.4,-5.64,3.404,-0.2,305
853,0,-5.65,3.408,0,305.5
854,0.2,-5.65,3.412,0.1,305.5
855,0,-5.66,3.416,0,306
856,0,-5.67,3.42,0,306.5
857,0,-5.68,3.424,0,307
858,0.2,-5.68,3.428,0.1,307
859,-0.2,-5.69,3.432,-0.1,307.5
860,-0.2,-5.7,3.436,-0.1,308
861,-0.2,-5.7,3.44,-0.1,308
862,-0.4,-5.71,3.444,-0.2,308.5
863,0,-5.72,3.448,0,309
864,0,-5.72,3.452,0,309
865,0,-5.73,3.456,0,309.5
866,0,-5.74,3.46,0,310.5
867,-0.2,-5.75,3.464,-0.1,311
868,-0.4,-5.75,3.468,-0.2,311
869,-0.2,-5.76,3.472,-0.1,311.5
870,0,-5.77,3.476,0,312
871,0,-5.77,3.48,0,312
872,0,-5.78,3.484,0,312.5
873,0,-5.79,3.488,0,313
874,0,-5.79,3.492,0,313
875,0,-5.8,3.496,0,313.5
876,0,-5.81,3.5,0,314
877,0,-5.82,3.504,0,314.5
878,-0.4,-5.82,3.508,-0.2,314.5
879,0.2,-5.83,3.512,0.1,315
880,0.2,-5.84,3.516,0.1,315.5
881,0,-5.84,3.52,0,315.5
882,0,-5.85,3.524,0,316
883,0,-5.86,3.528,0,317
884,0.2,-5.86,3.532,0.1,317
885,0.4,-5.87,3.536,0.2,317.5
886,0,-5.88,3.54,0,318
887,-0.2,-5.88,3.544,-0.1,318
888,0,-5.89,3.548,0,318.5
889,0,-5.9,3.552,0,319
890,0,-5.91,3.556,0,319.5
891,0,-5.91,3.56,0,319.5
892,0,-5.92,3.564,0,320
893,0,-5.93,3.568,0,320.5
894,0,-5.93,3.572,0,320.5
895,0,-5.94,3.576,0,321
896,0,-5.95,3.58,0,321.5
897,0,-5.95,3.584,0,321.5
898,0,-5.96,3.588,0,322
899,-0.2,-5.97,3.592,-0.1,322.5
900,0,-5.98,3.596,0,323
901,0,-5.98,3.6,0,323
902,0,-5.99,3.604,0,324
903,0,-6,3.608,0,324.5
904,0,-6,3.612,0,324.5
905,0,-6.01,3.616,0,325
906,0,-6.02,3.62,0,325.5
907,0,-6.02,3.624,0,325.5
908,0,-6.03,3.628,0,326
909,0,-6.04,3.632,0,326.5
910,-0.4,-6.05,3.636,-0.2,327
911,0,-6.05,3.64,0,327
912,0,-6.06,3.644,0,327.5
913,0,-6.07,3.648,0,328
914,0,-6.07,3.652,0,328
915,0,-6.08,3.656,0,328.5
916,0,-6.09,3.66,0,329
917,0,-6.09,3.664,0,329
918,0,-6.1,3.668,0,329.5
919,0,-6.11,3.672,0,330.5
920,0,-6.11,3.676,0,330.5
921,0.2,-6.12,3.68,0.1,331
922,0.2,-6.13,3.684,0.1,331.5
923,0.2,-6.14,3.688,0.1,332
924,0,-6.14,3.692,0,332
925,0,-6.15,3.696,0,332.5
926,0,-6.16,3.7,0,333
927,0.2,-6.16,3.704,0.1,333
928,0,-6.17,3.708,0,333.5
929,0,-6.18,3.712,0,334
930,0,-6.18,3.716,0,334
931,0,-6.19,3.72,0,334.5
932,0,-6.2,3.724,0,335
933,0,-6.21,3.728,0,335.5
934,0,-6.21,3.732,0,335.5
935,0,-6.22,3.736,0,336
936,0,-6.22,3.74,0,336
937,0.2,-6.22,3.744,0.1,336
938,0,-6.23,3.748,0,337
939,0.2,-6.24,3.752,0.1,337.5
940,0,-6.24,3.756,0,337.5
941,-0.2,-6.25,3.76,-0.1,338
942,0,-6.26,3.764,0,338.5
943,0,-6.27,3.768,0,339
944,0,-6.27,3.772,0,339
945,0,-6.28,3.776,0,339.5
946,0.2,-6.29,3.78,0.1,340
947,0,-6.29,3.784,0,340
948,0,-6.3,3.788,0,340.5
949,0,-6.31,3.792,0,341
950,0,-6.31,3.796,0,341
951,0,-6.32,3.8,0,341.5
952,0,-6.33,3.804,0,342
953,0,-6.33,3.808,0,342
954,0,-6.34,3.812,0,342.5
955,0,-6.35,3.816,0,343
956,0,-6.35,3.82,0,343
957,-0.2,-6.36,3.824,-0.1,344
958,-0.2,-6.37,3.828,-0.1,344.5
959,-0.2,-6.38,3.832,-0.1,345
960,0,-6.38,3.836,0,345
961,-0.2,-6.39,3.84,-0.1,345.5
962,-0.2,-6.4,3.844,-0.1,346
963,0,-6.4,3.848,0,346
964,0,-6.41,3.852,0,346.5
965,0,-6.42,3.856,0,347
966,0,-6.42,3.86,0,347
967,0,-6.43,3.864,0,347.5
968,0,-6.44,3.868,0,348
969,0,-6.45,3.872,0,348.5
970,0,-6.45,3.876,0,348.5
971,0.2,-6.46,3.88,0.1,349
972,0.2,-6.47,3.884,0.1,349.5
973,0,-6.47,3.888,0,349.5
974,0.2,-6.48,3.892,0.1,350.5
975,0,-6.49,3.896,0,351
976,0.4,-6.49,3.9,0.2,351
977,0.2,-6.5,3.904,0.1,351.5
978,0,-6.51,3.908,0,352
979,0,-6.51,3.912,0,352
980,-0.2,-6.52,3.916,-0.1,352.5
981,-0.2,-6.53,3.92,-0.1,353
982,-0.2,-6.54,3.924,-0.1,353.5
983,0,-6.54,3.928,0,353.5
984,-0.2,-6.55,3.932,-0.1,354
985,-0.2,-6.56,3.936,-0.1,354.5
986,-0.2,-6.56,3.94,-0.1,354.5
987,0,-6.57,3.944,0,355
988,0,-6.58,3.948,0,355.5
989,0,-6.58,3.952,0,355.5
990,0,-6.59,3.956,0,356
991,0,-6.6,3.96,0,357
992,0,-6.61,3.964,0,357.5
993,-0.2,-6.61,3.968,-0.1,357.5
994,0,-6.62,3.972,0,358
995,0,-6.63,3.976,0,358.5
996,0,-6.63,3.98,0,358.5
997,-0.2,-6.64,3.984,-0.1,359
998,0,-6.65,3.988,0,359.5
999,0,-6.65,3.992,0,359.5
1000,0.4,-6.66,3.996,0.2,360
1001,0,-6.67,4,0,360.5
1002,0,-6.67,4.004,0,360.5
1003,0,-6.68,4.008,0,361
1004,0,-6.69,4.012,0,361.5
1005,0,-6.69,4.016,0,361.5
1006,0,-6.7,4.02,0,362
1007,0.2,-6.71,4.024,0.1,362.5
1008,0.2,-6.72,4.028,0.1,363
1009,0,-6.72,4.032,0,363
1010,0,-6.73,4.036,0,364
1011,0,-6.74,4.04,0,364.5
1012,0,-6.74,4.044,0,364.5
1013,-0.2,-6.75,4.048,-0.1,365
1014,0.2,-6.76,4.052,0.1,365.5
1015,0,-6.76,4.056,0,365.5
1016,0,-6.77,4.06,0,366
1017,0,-6.78,4.064,0,366.5
1018,0.2,-6.79,4.068,0.1,367
1019,0,-6.79,4.072,0,367
1020,0.2,-6.8,4.076,0.1,367.5
1021,0.2,-6.81,4.08,0.1,368
1022,0,-6.81,4.084,0,368
1023,0,-6.82,4.088,0,368.5
1024,0.2,-6.83,4.092,0.1,369
1025,0.2,-6.83,4.096,0.1,369
1026,0.2,-6.84,4.1,0.1,369.5
1027,0.2,-6.85,4.104,0.1,370.5
1028,0.2,-6.86,4.108,0.1,371
1029,-0.2,-6.86,4.112,-0.1,371
1030,0,-6.87,4.116,0,371.5
1031,0,-6.88,4.12,0,372
1032,0,-6.88,4.124,0,372
1033,0,-6.89,4.128,0,372.5
1034,0.2,-6.9,4.132,0.1,373
1035,0,-6.9,4.136,0,373
1036,0.4,-6.91,4.14,0.2,373.5
1037,0.2,-6.92,4.144,0.1,374
1038,0,-6.92,4.148,0,374
1039,-0.2,-6.93,4.152,-0.1,374.5
1040,-0.2,-6.94,4.156,-0.1,375
1041,0,-6.95,4.16,0,375.5
1042,0,-6.95,4.164,0,375.5
1043,0.2,-6.96,4.168,0.1,376
1044,0,-6.97,4.172,0,377
1045,-0.2,-6.97,4.176,-0.1,377
1046,0.2,-6.98,4.18,0.1,377.5
1047,0.2,-6.99,4.184,0.1,378
1048,0,-6.99,4.188,0,378
1049,0,-7,4.192,0,378.5
1050,0,-7.01,4.196,0,379
1051,0,-7.02,4.2,0,379.5
1052,0,-7.02,4.204,0,379.5
1053,0,-7.03,4.208,0,380
1054,0,-7.04,4.212,0,380.5
1055,0,-7.04,4.216,0,380.5
1056,0.2,-7.05,4.22,0.1,381
1057,0,-7.06,4.224,0,381.5
1058,0,-7.06,4.228,0,381.5
1059,0,-7.07,4.232,0,382
1060,0.2,-7.08,4.236,0.1,382.5
1061,0,-7.08,4.24,0,382.5
1062,0,-7.09,4.244,0,383
1063,-0.2,-7.1,4.248,-0.1,384
1064,-0.2,-7.1,4.252,-0.1,384
1065,0,-7.11,4.256,0,384.5
1066,0,-7.12,4.26,0,385
1067,0,-7.13,4.264,0,385.5
1068,0,-7.13,4.268,0,385.5
1069,0,-7.14,4.272,0,386
1070,-0.2,-7.15,4.276,-0.1,386.5
1071,0,-7.15,4.28,0,386.5
1072,0,-7.16,4.284,0,387
1073,0,-7.17,4.288,0,387.5
1074,0,-7.17,4.292,0,387.5
1075,-0.2,-7.18,4.296,-0.1,388
1076,0,-7.19,4.3,0,388.5
1077,0,-7.2,4.304,0,389
1078,0,-7.2,4.308,0,389
1079,0,-7.21,4.312,0,389.5
1080,0,-7.23,4.316,0,391
1081,0,-7.23,4.32,0,391
1082,-0.2,-7.24,4.324,-0.1,391.5
1083,0,-7.25,4.328,0,392
1084,0,-7.25,4.332,0,392
1085,0,-7.26,4.336,0,392.5
1086,-0.2,-7.27,4.34,-0.1,393
1087,0,-7.28,4.344,0,393.5
1088,0,-7.28,4.348,0,393.5
1089,0,-7.29,4.352,0,394
1090,0.2,-7.3,4.356,0.1,394.5
1091,0,-7.3,4.36,0,394.5
1092,0,-7.31,4.364,0,395
1093,0,-7.32,4.368,0,395.5
1094,0,-7.32,4.372,0,395.5
1095,0.2,-7.33,4.376,0.1,396
1096,-0.2,-7.34,4.38,-0.1,397
1097,-0.2,-7.34,4.384,-0.1,397
1098,0,-7.35,4.388,0,397.5
1099,-0.2,-7.36,4.392,-0.1,398
1100,0,-7.37,4.396,0,398.5
1101,-0.2,-7.37,4.4,-0.1,398.5
1102,-0.2,-7.38,4.404,-0.1,399
1103,-0.2,-7.39,4.408,-0.1,399.5
1104,0,-7.39,4.412,0,399.5
1105,0.2,-7.4,4.416,0.1,400
1106,0.2,-7.41,4.42,0.1,400.5
1107,0,-7.41,4.424,0,400.5
1108,0,-7.42,4.428,0,401
1109,-0.2,-7.43,4.432,-0.1,401.5
1110,-0.4,-7.44,4.436,-0.2,402
1111,0,-7.44,4.44,0,402
1112,0,-7.45,4.444,0,402.5
1113,0,-7.46,4.448,0,403
1114,0,-7.46,4.452,0,403
1115,0.4,-7.47,4.456,0.2,404
1116,0.2,-7.48,4.46,0.1,404.5
1117,0,-7.48,4.464,0,404.5
1118,0,-7.49,4.468,0,405
1119,-0.2,-7.5,4.472,-0.1,405.5
1120,-0.2,-7.51,4.476,-0.1,406
1121,0,-7.51,4.48,0,406
1122,0,-7.52,4.484,0,406.5
1123,0,-7.53,4.488,0,407
1124,0,-7.53,4.492,0,407
1125,0,-7.54,4.496,0,407.5
1126,0,-7.55,4.5,0,408
1127,0,-7.55,4.504,0,408
1128,-0.2,-7.56,4.508,-0.1,408.5
1129,0.2,-7.57,4.512,0.1,409
1130,0,-7.57,4.516,0,409
1131,0,-7.58,4.52,0,409.5
1132,0,-7.59,4.524,0,410.5
1133,0,-7.59,4.528,0,410.5
1134,0,-7.6,4.532,0,411
1135,0,-7.61,4.536,0,411.5
1136,0,-7.62,4.54,0,412
1137,0,-7.62,4.544,0,412
1138,0,-7.63,4.548,0,412.5
1139,0,-7.64,4.552,0,413
1140,-0.2,-7.64,4.556,-0.1,413
1141,0,-7.65,4.56,0,413.5
1142,-0.2,-7.66,4.564,-0.1,414
1143,0.2,-7.67,4.568,0.1,414.5
1144,0,-7.67,4.572,0,414.5
1145,0,-7.68,4.576,0,415
1146,0,-7.69,4.58,0,415.5
1147,0,-7.69,4.584,0,415.5
1148,0,-7.7,4.588,0,416
1149,0,-7.71,4.592,0,417
1150,0,-7.71,4.596,0,417
1151,0,-7.72,4.6,0,417.5
1152,0,-7.73,4.604,0,418
1153,0,-7.73,4.608,0,418
1154,0,-7.74,4.612,0,418.5
1155,0.2,-7.75,4.616,0.1,419
1156,0.2,-7.75,4.62,0.1,419
1157,0,-7.76,4.624,0,419.5
1158,-0.2,-7.77,4.628,-0.1,420
1159,0,-7.78,4.632,0,420.5
1160,0,-7.78,4.636,0,420.5
1161,0,-7.79,4.64,0,421
1162,0,-7.8,4.644,0,421.5
1163,-0.2,-7.8,4.648,-0.1,421.5
1164,-0.2,-7.81,4.652,-0.1,422
1165,0,-7.82,4.656,0,422.5
1166,0.2,-7.82,4.66,0.1,422.5
1167,0,-7.83,4.664,0,423
1168,0,-7.84,4.668,0,424
1169,0,-7.85,4.672,0,424.5
1170,0,-7.85,4.676,0,424.5
1171,0.2,-7.86,4.68,0.1,425
1172,-0.2,-7.87,4.684,-0.1,425.5
1173,0,-7.87,4.688,0,425.5
1174,0,-7.88,4.692,0,426
1175,0,-7.89,4.696,0,426.5
1176,0.2,-7.89,4.7,0.1,426.5
1177,0,-7.9,4.704,0,427
1178,0,-7.91,4.708,0,427.5
1179,0,-7.92,4.712,0,428
1180,0,-7.92,4.716,0,428
1181,0,-7.93,4.72,0,428.5
1182,0,-7.94,4.724,0,429
1183,-0.2,-7.94,4.728,-0.1,429
1184,0,-7.95,4.732,0,429.5
1185,0,-7.96,4.736,0,430.5
1186,0.2,-7.96,4.74,0.1,430.5
1187,0.2,-7.97,4.744,0.1,431
1188,0,-7.98,4.748,0,431.5
1189,-0.2,-7.98,4.752,-0.1,431.5
1190,0,-7.99,4.756,0,432
1191,0.2,-8,4.76,0.1,432.5
1192,0.2,-8.01,4.764,0.1,433
1193,0.2,-8.01,4.768,0.1,433
1194,0,-8.02,4.772,0,433.5
1195,0,-8.03,4.776,0,434
1196,0.2,-8.03,4.78,0.1,434
1197,0.2,-8.04,4.784,0.1,434.5
1198,0.4,-8.05,4.788,0.2,435
1199,0,-8.05,4.792,0,435
1200,0,-8.06,4.796,0,435.5
1201,0,-8.07,4.8,0,436
1202,0,-8.08,4.804,0,437
1203,0,-8.08,4.808,0,437
1204,0,-8.09,4.812,0,437.5
1205,0,-8.1,4.816,0,438
1206,0,-8.1,4.82,0,438
1207,0,-8.11,4.824,0,438.5
1208,-0.2,-8.12,4.828,-0.1,439
1209,-0.2,-8.12,4.832,-0.1,439
1210,0,-8.13,4.836,0,439.5
1211,0,-8.14,4.84,0,440
1212,0,-8.15,4.844,0,440.5
1213,0,-8.15,4.848,0,440.5
1214,0,-8.16,4.852,0,441
1215,0,-8.17,4.856,0,441.5
1216,0,-8.17,4.86,0,441.5
1217,0,-8.18,4.864,0,442
1218,0,-8.19,4.868,0,442.5
1219,0.2,-8.19,4.872,0.1,442.5
1220,0.2,-8.2,4.876,0.1,443
1221,-0.2,-8.21,4.88,-0.1,444
1222,0,-8.22,4.884,0,444.5
1223,0,-8.22,4.888,0,444.5
1224,0,-8.23,4.892,0,445
1225,0.2,-8.24,4.896,0.1,445.5
1226,0,-8.24,4.9,0,445.5
1227,0,-8.25,4.904,0,446
1228,-0.6,-8.26,4.908,-0.3,446.5
1229,-0.4,-8.27,4.912,-0.2,447
1230,0,-8.27,4.916,0,447
1231,-0.2,-8.28,4.92,-0.1,447.5
1232,0,-8.29,4.924,0,448
1233,0,-8.29,4.928,0,448
1234,0,-8.3,4.932,0,448.5
1235,0,-8.31,4.936,0,449
1236,0,-8.31,4.94,0,449
1237,0,-8.32,4.944,0,449.5
1238,0,-8.33,4.948,0,450.5
1239,0,-8.34,4.952,0,451
1240,0,-8.34,4.956,0,451
1241,0,-8.35,4.96,0,451.5
1242,0,-8.36,4.964,0,452
1243,0.2,-8.36,4.968,0.1,452
1244,0.2,-8.37,4.972,0.1,452.5
1245,0,-8.38,4.976,0,453
1246,0,-8.38,4.98,0,453
1247,0.2,-8.39,4.984,0.1,453.5
1248,0,-8.4,4.988,0,454
1249,0,-8.41,4.992,0,454.5
1250,0,-8.41,4.996,0,454.5
1251,0,-8.42,5,0,455
1252,0,-8.43,5.004,0,455.5
1253,0,-8.43,5.008,0,455.5
1254,0,-8.44,5.012,0,456
1255,0,-8.45,5.016,0,457
1256,0.2,-8.45,5.02,0.1,457
1257,0.2,-8.46,5.024,0.1,457.5
1258,-0.2,-8.47,5.028,-0.1,458
1259,0,-8.47,5.032,0,458
1260,0.2,-8.48,5.036,0.1,458.5
1261,0,-8.49,5.04,0,459
1262,0,-8.5,5.044,0,459.5
1263,0,-8.5,5.048,0,459.5
1264,0,-8.51,5.052,0,460
1265,0,-8.52,5.056,0,460.5
1266,-0.2,-8.52,5.06,-0.1,460.5
1267,0.4,-8.53,5.064,0.2,461
1268,0.2,-8.54,5.068,0.1,461.5
1269,0.2,-8.54,5.072,0.1,461.5
1270,-0.2,-8.55,5.076,-0.1,462
1271,0,-8.56,5.08,0,462.5
1272,0,-8.57,5.084,0,463
1273,0,-8.57,5.088,0,463
1274,-0.2,-8.58,5.092,-0.1,464
1275,-0.2,-8.59,5.096,-0.1,464.5
1276,-0.2,-8.59,5.1,-0.1,464.5
1277,-0.2,-8.6,5.104,-0.1,465
1278,-0.2,-8.61,5.108,-0.1,465.5
1279,0,-8.62,5.112,0,466
1280,-0.2,-8.62,5.116,-0.1,466
1281,0,-8.63,5.12,0,466.5
1282,0,-8.64,5.124,0,467
1283,0.2,-8.64,5.128,0.1,467
1284,0.2,-8.65,5.132,0.1,467.5
1285,0,-8.66,5.136,0,468
1286,0,-8.66,5.14,0,468
1287,0,-8.67,5.144,0,468.5
1288,0,-8.68,5.148,0,469
1289,0,-8.69,5.152,0,469.5
1290,-0.2,-8.69,5.156,-0.1,469.5
1291,0,-8.7,5.16,0,470.5
1292,0,-8.71,5.164,0,471
1293,0,-8.71,5.168,0,471
1294,0,-8.72,5.172,0,471.5
1295,0,-8.73,5.176,0,472
1296,0,-8.73,5.18,0,472
1297,-0.2,-8.74,5.184,-0.1,472.5
1298,0,-8.75,5.188,0,473
1299,-0.2,-8.76,5.192,-0.1,473.5
1300,-0.6,-8.76,5.196,-0.3,473.5
1301,0,-8.77,5.2,0,474
1302,0,-8.78,5.204,0,474.5
1303,-0.2,-8.78,5.208,-0.1,474.5
1304,-0.2,-8.79,5.212,-0.1,475
1305,0,-8.8,5.216,0,475.5
1306,0,-8.81,5.22,0,476
1307,-0.2,-8.81,5.224,-0.1,476
1308,-0.2,-8.82,5.228,-0.1,477
1309,-0.2,-8.83,5.232,-0.1,477.5
1310,-0.6,-8.83,5.236,-0.3,477.5
1311,0.2,-8.84,5.24,0.1,478
1312,0.2,-8.85,5.244,0.1,478.5
1313,0,-8.85,5.248,0,478.5
1314,0,-8.86,5.252,0,479
1315,0,-8.87,5.256,0,479.5
1316,0,-8.88,5.26,0,480
1317,-0.2,-8.88,5.264,-0.1,480
1318,0,-8.89,5.268,0,480.5
1319,0,-8.9,5.272,0,481
1320,0,-8.9,5.276,0,481
1321,0,-8.91,5.28,0,481.5
1322,0,-8.92,5.284,0,482
1323,0,-8.92,5.288,0,482
1324,0,-8.93,5.292,0,482.5
1325,0.2,-8.94,5.296,0.1,483
1326,0,-8.95,5.3,0,484
1327,0.2,-8.95,5.304,0.1,484
1328,0,-8.96,5.308,0,484.5
1329,0,-8.97,5.312,0,485
1330,-0.4,-8.98,5.316,-0.2,485.5
1331,-0.8,-8.98,5.32,-0.4,485.5
1332,-0.2,-8.99,5.324,-0.1,486
1333,0,-9,5.328,0,486.5
1334,-0.6,-9,5.332,-0.3,486.5
1335,-0.4,-9.01,5.336,-0.2,487
1336,-0.2,-9.02,5.34,-0.1,487.5
1337,0,-9.02,5.344,0,487.5
1338,0,-9.03,5.348,0,488
1339,0,-9.04,5.352,0,488.5
1340,0.2,-9.05,5.356,0.1,489
1341,-0.2,-9.05,5.36,-0.1,489
1342,0,-9.06,5.364,0,489.5
1343,0,-9.07,5.368,0,490.5
1344,0,-9.07,5.372,0,490.5
1345,0.4,-9.08,5.376,0.2,491
1346,0.2,-9.09,5.38,0.1,491.5
1347,0,-9.1,5.384,0,492
1348,0.4,-9.1,5.388,0.2,492
1349,0.2,-9.11,5.392,0.1,492.5
1350,0.6,-9.12,5.396,0.3,493
1351,0.4,-9.12,5.4,0.2,493
1352,0,-9.13,5.404,0,493.5
1353,0,-9.14,5.408,0,494
1354,0,-9.14,5.412,0,494
1355,0,-9.15,5.416,0,494.5
1356,0.2,-9.16,5.42,0.1,495
1357,0.2,-9.17,5.424,0.1,495.5
1358,-0.2,-9.17,5.428,-0.1,495.5
1359,-0.2,-9.18,5.432,-0.1,496
1360,0,-9.19,5.436,0,497
1361,0,-9.19,5.44,0,497
1362,0,-9.2,5.444,0,497.5
1363,-0.2,-9.21,5.448,-0.1,498
1364,0,-9.22,5.452,0,498.5
1365,0,-9.22,5.456,0,498.5
1366,-0.2,-9.23,5.46,-0.1,499
1367,0,-9.24,5.464,0,499.5
1368,0,-9.24,5.468,0,499.5
1369,0.4,-9.25,5.472,0.2,500
1370,0,-9.26,5.476,0,500.5
1371,-0.4,-9.26,5.48,-0.2,500.5
1372,0,-9.27,5.484,0,501
1373,0.2,-9.28,5.488,0.1,501.5
1374,0,-9.29,5.492,0,502
1375,0,-9.29,5.496,0,502
1376,0,-9.3,5.5,0,502.5
1377,0.2,-9.31,5.504,0.1,503
1378,0.2,-9.31,5.508,0.1,503
1379,0.2,-9.32,5.512,0.1,504
1380,0,-9.33,5.516,0,504.5
1381,0,-9.33,5.52,0,504.5
1382,0,-9.34,5.524,0,505
1383,0,-9.35,5.528,0,505.5
1384,-0.2,-9.36,5.532,-0.1,506
1385,0,-9.36,5.536,0,506
1386,0,-9.37,5.54,0,506.5
1387,0.2,-9.38,5.544,0.1,507
1388,0,-9.38,5.548,0,507
1389,0.2,-9.39,5.552,0.1,507.5
1390,0,-9.4,5.556,0,508
1391,0,-9.41,5.56,0,508.5
1392,0,-9.41,5.564,0,508.5
1393,0,-9.42,5.568,0,509
1394,0,-9.43,5.572,0,509.5
1395,-0.2,-9.43,5.576,-0.1,509.5
1396,0,-9.44,5.58,0,510.5
1397,0,-9.45,5.584,0,511
1398,0,-9.45,5.588,0,511
1399,0,-9.46,5.592,0,511.5
1400,-0.2,-9.47,5.596,-0.1,512
1401,0,-9.48,5.6,0,512.5
1402,0,-9.48,5.604,0,512.5
1403,-0.2,-9.49,5.608,-0.1,513
1404,0.4,-9.5,5.612,0.2,513.5
1405,0.2,-9.5,5.616,0.1,513.5
1406,0.2,-9.51,5.62,0.1,514
1407,0,-9.52,5.624,0,514.5
1408,-0.2,-9.52,5.628,-0.1,514.5
1409,0,-9.53,5.632,0,515
1410,-0.2,-9.54,5.636,-0.1,515.5
1411,0.4,-9.55,5.64,0.2,516
1412,0,-9.55,5.644,0,516
1413,0.2,-9.56,5.648,0.1,517
1414,0,-9.57,5.652,0,517.5
1415,0,-9.57,5.656,0,517.5
1416,0,-9.58,5.66,0,518
1417,0,-9.59,5.664,0,518.5
1418,0.2,-9.6,5.668,0.1,519
1419,0,-9.6,5.672,0,519
1420,0,-9.61,5.676,0,519.5
1421,0,-9.62,5.68,0,520
1422,0,-9.62,5.684,0,520
1423,0,-9.63,5.688,0,520.5
1424,0,-9.64,5.692,0,521
1425,0,-9.64,5.696,0,521
1426,0.2,-9.65,5.7,0.1,521.5
1427,0,-9.66,5.704,0,522
1428,0,-9.67,5.708,0,522.5
1429,0.2,-9.67,5.712,0.1,522.5
1430,0,-9.68,5.716,0,523
1431,0,-9.69,5.72,0,524
1432,0.2,-9.69,5.724,0.1,524
1433,0,-9.7,5.728,0,524.5
1434,0,-9.71,5.732,0,525
1435,-0.2,-9.72,5.736,-0.1,525.5
1436,0,-9.72,5.74,0,525.5
1437,0,-9.73,5.744,0,526
1438,-0.2,-9.74,5.748,-0.1,526.5
1439,0.2,-9.74,5.752,0.1,526.5
1440,0,-9.75,5.756,0,527
1441,0,-9.76,5.76,0,527.5
1442,0,-9.76,5.764,0,527.5
1443,0,-9.77,5.768,0,528
1444,0,-9.78,5.772,0,528.5
1445,0,-9.79,5.776,0,529
1446,0,-9.79,5.78,0,529
1447,0,-9.8,5.784,0,529.5
1448,-0.2,-9.81,5.788,-0.1,530.5
1449,-0.2,-9.81,5.792,-0.1,530.5
1450,0,-9.82,5.796,0,531
1451,0,-9.83,5.8,0,531.5
1452,0,-9.83,5.804,0,531.5
1453,0,-9.84,5.808,0,532
1454,0,-9.85,5.812,0,532.5
1455,0,-9.86,5.816,0,533
1456,0,-9.86,5.82,0,533
1457,0,-9.87,5.824,0,533.5
1458,-0.2,-9.88,5.828,-0.1,534
1459,-0.2,-9.89,5.832,-0.1,534.5
1460,0,-9.89,5.836,0,534.5
1461,0,-9.9,5.84,0,535
1462,0.4,-9.91,5.844,0.2,535.5
1463,0,-9.91,5.848,0,535.5
1464,0,-9.92,5.852,0,536
1465,-0.4,-9.93,5.856,-0.2,537
1466,-0.2,-9.93,5.86,-0.1,537
1467,-0.2,-9.94,5.864,-0.1,537.5
1468,0,-9.95,5.868,0,538
1469,0,-9.95,5.872,0,538
1470,0.2,-9.96,5.876,0.1,538.5
1471,0,-9.97,5.88,0,539
1472,0,-9.98,5.884,0,539.5
1473,0,-9.98,5.888,0,539.5
1474,0,-9.99,5.892,0,540
1475,0,-10,5.896,0,540.5
1476,0,-10.01,5.9,0,541
1477,0,-10.01,5.904,0,541
1478,0,-10.02,5.908,0,541.5
1479,0,-10.03,5.912,0,542
1480,0,-10.03,5.916,0,542
1481,-0.4,-10.04,5.92,-0.2,542.5
1482,-0.2,-10.05,5.924,-0.1,543
1483,0,-10.05,5.928,0,543
1484,0,-10.06,5.932,0,544
1485,0.2,-10.07,5.936,0.1,544.5
1486,0,-10.07,5.94,0,544.5
1487,0,-10.08,5.944,0,545
1488,0,-10.09,5.948,0,545.5
1489,-0.2,-10.1,5.952,-0.1,546
1490,0,-10.1,5.956,0,546
1491,0,-10.11,5.96,0,546.5
1492,0,-10.12,5.964,0,547
1493,-0.2,-10.12,5.968,-0.1,547
1494,0,-10.13,5.972,0,547.5
1495,0,-10.14,5.976,0,548
1496,0,-10.14,5.98,0,548
1497,0,-10.15,5.984,0,548.5
1498,-0.2,-10.16,5.988,-0.1,549
1499,0,-10.17,5.992,0,549.5
1500,0.2,-10.17,5.996,0.1,549.5
1501,0.2,-10.18,6,0.1,550.5
1502,-0.2,-10.19,6.004,-0.1,551
1503,-0.4,-10.19,6.008,-0.2,551
1504,-0.2,-10.2,6.012,-0.1,551.5
1505,0,-10.21,6.016,0,552
1506,0,-10.22,6.02,0,552.5
1507,0.2,-10.21,6.024,0.1,552
1508,0,-10.22,6.028,0,552.5
1509,0.2,-10.23,6.032,0.1,553
1510,0.2,-10.23,6.036,0.1,553
1511,0,-10.24,6.04,0,553.5
1512,0.2,-10.25,6.044,0.1,554
1513,0,-10.25,6.048,0,554
1514,-0.4,-10.26,6.052,-0.2,554.5
1515,0,-10.27,6.056,0,555
1516,0,-10.28,6.06,0,555.5
1517,0,-10.28,6.064,0,555.5
1518,0,-10.29,6.068,0,556
1519,0,-10.3,6.072,0,557
1520,0.2,-10.3,6.076,0.1,557
1521,0,-10.31,6.08,0,557.5
1522,0,-10.32,6.084,0,558
1523,0,-10.32,6.088,0,558
1524,0,-10.33,6.092,0,558.5
1525,0,-10.34,6.096,0,559
1526,0,-10.35,6.1,0,559.5
1527,0,-10.35,6.104,0,559.5
1528,0,-10.36,6.108,0,560
1529,0,-10.37,6.112,0,560.5
1530,0,-10.37,6.116,0,560.5
1531,0,-10.38,6.12,0,561
1532,0,-10.39,6.124,0,561.5
1533,0.2,-10.39,6.128,0.1,561.5
1534,0,-10.4,6.132,0,562
1535,-0.2,-10.41,6.136,-0.1,562.5
1536,-0.2,-10.42,6.14,-0.1,563
1537,0,-10.42,6.144,0,563
1538,0,-10.43,6.148,0,564
1539,0.2,-10.44,6.152,0.1,564.5
1540,0,-10.44,6.156,0,564.5
1541,0,-10.45,6.16,0,565
1542,0,-10.46,6.164,0,565.5
1543,0,-10.47,6.168,0,566
1544,0,-10.47,6.172,0,566
1545,0.2,-10.48,6.176,0.1,566.5
1546,-0.2,-10.49,6.18,-0.1,567
1547,0,-10.49,6.184,0,567
1548,0,-10.5,6.188,0,567.5
1549,0,-10.51,6.192,0,568
1550,0,-10.51,6.196,0,568
1551,0,-10.52,6.2,0,568.5
1552,0,-10.53,6.204,0,569
1553,0.2,-10.54,6.208,0.1,569.5
1554,0,-10.54,6.212,0,569.5
1555,-0.2,-10.55,6.216,-0.1,570.5
1556,0,-10.56,6.22,0,571
1557,0,-10.56,6.224,0,571
1558,0,-10.57,6.228,0,571.5
1559,0,-10.58,6.232,0,572
1560,0,-10.58,6.236,0,572
1561,0,-10.59,6.24,0,572.5
1562,0,-10.6,6.244,0,573
1563,0,-10.61,6.248,0,573.5
1564,0.2,-10.61,6.252,0.1,573.5
1565,0,-10.62,6.256,0,574
1566,0,-10.63,6.26,0,574.5
1567,0,-10.63,6.264,0,574.5
1568,0,-10.64,6.268,0,575
1569,0,-10.65,6.272,0,575.5
1570,0.2,-10.65,6.276,0.1,575.5
1571,0,-10.66,6.28,0,576
1572,0.2,-10.67,6.284,0.1,577
1573,0.2,-10.68,6.288,0.1,577.5
1574,0,-10.68,6.292,0,577.5
1575,0,-10.69,6.296,0,578
1576,0,-10.7,6.3,0,578.5
1577,-0.2,-10.7,6.304,-0.1,578.5
1578,0.2,-10.71,6.308,0.1,579
1579,0,-10.72,6.312,0,579.5
1580,0.2,-10.73,6.316,0.1,580
1581,0,-10.73,6.32,0,580
1582,0,-10.74,6.324,0,580.5
1583,0.2,-10.75,6.328,0.1,581
1584,0,-10.75,6.332,0,581
1585,0,-10.76,6.336,0,581.5
1586,-0.2,-10.77,6.34,-0.1,582
1587,0,-10.77,6.344,0,582
1588,0,-10.78,6.348,0,582.5
1589,0,-10.79,6.352,0,583
1590,-0.2,-10.8,6.356,-0.1,584
1591,0,-10.8,6.36,0,584
1592,0,-10.81,6.364,0,584.5
1593,0,-10.82,6.368,0,585
1594,0,-10.82,6.372,0,585
1595,0,-10.83,6.376,0,585.5
1596,0,-10.84,6.38,0,586
1597,0,-10.84,6.384,0,586
1598,0,-10.85,6.388,0,586.5
1599,0,-10.86,6.392,0,587
1600,-0.4,-10.86,6.396,-0.2,587
1601,0,-10.87,6.4,0,587.5
1602,0,-10.88,6.404,0,588
1603,0,-10.88,6.408,0,588
1604,0,-10.89,6.412,0,588.5
1605,0,-10.9,6.416,0,589
1606,0,-10.91,6.42,0,589.5
1607,0,-10.91,6.424,0,589.5
1608,0.2,-10.92,6.428,0.1,590.5
1609,0.2,-10.93,6.432,0.1,591
1610,0.2,-10.93,6.436,0.1,591
1611,0,-10.94,6.44,0,591.5
1612,0.2,-10.95,6.444,0.1,592
1613,0,-10.95,6.448,0,592
1614,0,-10.96,6.452,0,592.5
1615,0,-10.97,6.456,0,593
1616,0.2,-10.98,6.46,0.1,593.5
1617,-0.2,-10.98,6.464,-0.1,593.5
1618,0,-10.99,6.468,0,594
1619,0.2,-11,6.472,0.1,594.5
1620,-0.2,-11,6.476,-0.1,594.5
1621,-0.2,-11.01,6.48,-0.1,595
1622,0,-11.02,6.484,0,595.5
1623,0,-11.02,6.488,0,595.5
1624,0,-11.03,6.492,0,596
1625,0.2,-11.04,6.496,0.1,597
1626,0,-11.05,6.5,0,597.5
1627,0.2,-11.05,6.504,0.1,597.5
1628,0,-11.06,6.508,0,598
1629,0,-11.07,6.512,0,598.5
1630,-0.2,-11.07,6.516,-0.1,598.5
1631,0,-11.08,6.52,0,599
1632,0.2,-11.09,6.524,0.1,599.5
1633,0.6,-11.1,6.528,0.3,600
1634,0.2,-11.1,6.532,0.1,600
1635,0,-11.11,6.536,0,600.5
1636,0,-11.11,6.54,0,600.5
1637,0,-11.12,6.544,0,601
1638,0.2,-11.13,6.548,0.1,601.5
1639,-0.2,-11.14,6.552,-0.1,602
1640,0,-11.14,6.556,0,602
1641,0,-11.15,6.56,0,602.5
1642,-0.2,-11.16,6.564,-0.1,603
1643,-0.2,-11.16,6.568,-0.1,603
1644,-0.2,-11.17,6.572,-0.1,604
1645,-0.2,-11.18,6.576,-0.1,604.5
1646,-0.2,-11.18,6.58,-0.1,604.5
1647,0,-11.19,6.584,0,605
1648,0,-11.2,6.588,0,605.5
1649,0,-11.21,6.592,0,606
1650,0,-11.21,6.596,0,606
1651,0,-11.22,6.6,0,606.5
1652,0,-11.23,6.604,0,607
1653,-0.2,-11.23,6.608,-0.1,607
1654,0,-11.24,6.612,0,607.5
1655,0,-11.25,6.616,0,608
1656,0.2,-11.26,6.62,0.1,608.5
1657,0,-11.26,6.624,0,608.5
1658,0,-11.27,6.628,0,609
1659,0,-11.28,6.632,0,609.5
1660,-0.2,-11.28,6.636,-0.1,609.5
1661,0,-11.29,6.64,0,610.5
1662,0,-11.3,6.644,0,611
1663,0,-11.3,6.648,0,611
1664,0.2,-11.31,6.652,0.1,611.5
1665,0,-11.32,6.656,0,612
1666,0.2,-11.32,6.66,0.1,612
1667,-0.2,-11.33,6.664,-0.1,612.5
1668,-0.2,-11.34,6.668,-0.1,613
1669,-0.2,-11.35,6.672,-0.1,613.5
1670,0,-11.35,6.676,0,613.5
1671,0,-11.36,6.68,0,614
1672,0,-11.37,6.684,0,614.5
1673,-0.2,-11.37,6.688,-0.1,614.5
1674,0,-11.38,6.692,0,615
1675,-0.2,-11.39,6.696,-0.1,615.5
1676,0,-11.39,6.7,0,615.5
1677,0,-11.4,6.704,0,616
1678,0.2,-11.41,6.708,0.1,617
1679,0,-11.41,6.712,0,617
1680,0.2,-11.42,6.716,0.1,617.5
1681,0,-11.43,6.72,0,618
1682,0,-11.44,6.724,0,618.5
1683,-0.2,-11.44,6.728,-0.1,618.5
1684,0,-11.45,6.732,0,619
1685,0,-11.46,6.736,0,619.5
1686,0,-11.46,6.74,0,619.5
1687,0,-11.47,6.744,0,620
1688,0.2,-11.48,6.748,0.1,620.5
1689,0.2,-11.48,6.752,0.1,620.5
1690,0,-11.49,6.756,0,621
1691,0,-11.5,6.76,0,621.5
1692,-0.2,-11.51,6.764,-0.1,622
1693,-0.2,-11.51,6.768,-0.1,622
1694,-0.4,-11.52,6.772,-0.2,622.5
1695,0,-11.53,6.776,0,623
1696,0,-11.53,6.78,0,623
1697,-0.2,-11.54,6.784,-0.1,624
1698,0,-11.55,6.788,0,624.5
1699,-0.4,-11.55,6.792,-0.2,624.5
1700,0,-11.56,6.796,0,625
1701,0,-11.57,6.8,0,625.5
1702,-0.2,-11.58,6.804,-0.1,626
1703,-0.2,-11.58,6.808,-0.1,626
1704,0,-11.59,6.812,0,626.5
1705,0,-11.6,6.816,0,627
1706,0,-11.6,6.82,0,627
1707,0,-11.61,6.824,0,627.5
1708,-0.2,-11.62,6.828,-0.1,628
1709,0.2,-11.62,6.832,0.1,628
1710,0,-11.63,6.836,0,628.5
1711,0,-11.64,6.84,0,629
1712,-0.2,-11.64,6.844,-0.1,629
1713,0.2,-11.65,6.848,0.1,629.5
1714,0.2,-11.66,6.852,0.1,630.5
1715,0,-11.67,6.856,0,631
1716,0,-11.67,6.86,0,631
1717,0,-11.68,6.864,0,631.5
1718,0,-11.69,6.868,0,632
1719,0.2,-11.69,6.872,0.1,632
1720,0.4,-11.7,6.876,0.2,632.5
1721,0,-11.71,6.88,0,633
1722,-0.2,-11.71,6.884,-0.1,633
1723,0,-11.72,6.888,0,633.5
1724,0.2,-11.73,6.892,0.1,634
1725,-0.4,-11.74,6.896,-0.2,634.5
1726,-0.2,-11.74,6.9,-0.1,634.5
1727,0,-11.75,6.904,0,635
1728,0,-11.76,6.908,0,635.5
1729,-0.2,-11.76,6.912,-0.1,635.5
1730,0,-11.77,6.916,0,636
1731,0,-11.78,6.92,0,637
1732,0,-11.78,6.924,0,637
1733,0,-11.79,6.928,0,637.5
1734,0,-11.8,6.932,0,638
1735,0,-11.81,6.936,0,638.5
1736,0,-11.81,6.94,0,638.5
1737,0,-11.82,6.944,0,639
1738,0,-11.83,6.948,0,639.5
1739,0.2,-11.83,6.952,0.1,639.5
1740,-0.2,-11.84,6.956,-0.1,640
1741,0,-11.85,6.96,0,640.5
1742,0.2,-11.85,6.964,0.1,640.5
1743,0,-11.86,6.968,0,641
1744,-0.4,-11.87,6.972,-0.2,641.5
1745,-0.2,-11.87,6.976,-0.1,641.5
1746,0.2,-11.88,6.98,0.1,642
1747,0.2,-11.89,6.984,0.1,642.5
1748,0,-11.89,6.988,0,642.5
1749,0,-11.9,6.992,0,643
1750,0,-11.91,6.996,0,644
1751,0,-11.92,7,0,644.5
1752,0,-11.92,7.004,0,644.5
1753,0,-11.93,7.008,0,645
1754,0.4,-11.94,7.012,0.2,645.5
1755,-0.2,-11.94,7.016,-0.1,645.5
1756,-0.2,-11.95,7.02,-0.1,646
1757,0,-11.96,7.024,0,646.5
1758,-0.2,-11.96,7.028,-0.1,646.5
1759,0.2,-11.97,7.032,0.1,647
1760,0,-11.98,7.036,0,647.5
1761,0,-11.99,7.04,0,648
1762,0.2,-11.99,7.044,0.1,648
1763,0,-12,7.048,0,648.5
1764,0,-12.01,7.052,0,649
1765,0,-12.01,7.056,0,649
1766,0,-12.02,7.06,0,649.5
1767,0,-12.03,7.064,0,650.5
1768,0.2,-12.03,7.068,0.1,650.5
1769,0.2,-12.04,7.072,0.1,651
1770,0,-12.05,7.076,0,651.5
1771,-0.2,-12.05,7.08,-0.1,651.5
1772,0,-12.06,7.084,0,652
1773,-0.2,-12.07,7.088,-0.1,652.5
1774,-0.2,-12.08,7.092,-0.1,653
1775,0,-12.08,7.096,0,653
1776,0,-12.09,7.1,0,653.5
1777,0,-12.1,7.104,0,654
1778,0,-12.1,7.108,0,654
1779,-0.2,-12.11,7.112,-0.1,654.5
1780,0.2,-12.12,7.116,0.1,655
1781,0,-12.12,7.12,0,655
1782,0.2,-12.13,7.124,0.1,655.5
1783,-0.4,-12.14,7.128,-0.2,656
1784,0.2,-12.15,7.132,0.1,657
1785,0,-12.15,7.136,0,657
1786,0,-12.16,7.14,0,657.5
1787,0.2,-12.17,7.144,0.1,658
1788,0,-12.17,7.148,0,658
1789,-0.2,-12.18,7.152,-0.1,658.5
1790,-0.2,-12.19,7.156,-0.1,659
1791,0,-12.19,7.16,0,659
1792,0,-12.2,7.164,0,659.5
1793,0,-12.21,7.168,0,660
1794,0,-12.23,7.172,0,661
1795,0.2,-12.23,7.176,0.1,661
1796,0.2,-12.24,7.18,0.1,661.5
1797,0,-12.25,7.184,0,662
1798,-0.2,-12.25,7.188,-0.1,662
1799,0,-12.26,7.192,0,662.5
1800,0,-12.27,7.196,0,663
1801,0,-12.27,7.2,0,663
1802,0,-12.28,7.204,0,664
1803,0,-12.29,7.208,0,664.5
1804,0.2,-12.29,7.212,0.1,664.5
1805,0.2,-12.3,7.216,0.1,665
1806,0,-12.31,7.22,0,665.5
1807,0,-12.32,7.224,0,666
1808,0,-12.32,7.228,0,666
1809,0.2,-12.33,7.232,0.1,666.5
1810,0.2,-12.34,7.236,0.1,667
1811,-0.2,-12.34,7.24,-0.1,667
1812,-0.2,-12.35,7.244,-0.1,667.5
1813,0,-12.36,7.248,0,668
1814,-0.2,-12.36,7.252,-0.1,668
1815,-0.2,-12.37,7.256,-0.1,668.5
1816,0,-12.38,7.26,0,669
1817,0.2,-12.39,7.264,0.1,669.5
1818,0.2,-12.39,7.268,0.1,669.5
1819,0,-12.4,7.272,0,670.5
1820,0,-12.41,7.276,0,671
1821,0,-12.41,7.28,0,671
1822,0,-12.42,7.284,0,671.5
1823,0,-12.43,7.288,0,672
1824,0,-12.43,7.292,0,672
1825,0,-12.44,7.296,0,672.5
1826,0,-12.45,7.3,0,673
1827,-0.2,-12.46,7.304,-0.1,673.5
1828,0,-12.46,7.308,0,673.5
1829,0,-12.47,7.312,0,674
1830,0,-12.48,7.316,0,674.5
1831,0,-12.48,7.32,0,674.5
1832,-0.2,-12.49,7.324,-0.1,675
1833,-0.4,-12.5,7.328,-0.2,675.5
1834,0,-12.5,7.332,0,675.5
1835,0.4,-12.51,7.336,0.2,676
1836,-0.2,-12.52,7.34,-0.1,677
1837,-0.2,-12.53,7.344,-0.1,677.5
1838,-0.2,-12.53,7.348,-0.1,677.5
1839,0,-12.54,7.352,0,678
1840,0.2,-12.55,7.356,0.1,678.5
1841,0,-12.55,7.36,0,678.5
1842,0,-12.56,7.364,0,679
1843,0,-12.57,7.368,0,679.5
1844,0,-12.57,7.372,0,679.5
1845,0,-12.58,7.376,0,680
1846,0,-12.59,7.38,0,680.5
1847,-0.2,-12.59,7.384,-0.1,680.5
1848,-0.2,-12.6,7.388,-0.1,681
1849,0,-12.61,7.392,0,681.5
1850,0,-12.62,7.396,0,682
1851,-0.2,-12.62,7.4,-0.1,682
1852,0,-12.63,7.404,0,682.5
1853,0,-12.64,7.408,0,683
1854,0,-12.64,7.412,0,683
1855,0.4,-12.65,7.416,0.2,684
1856,0.2,-12.66,7.42,0.1,684.5
1857,0,-12.66,7.424,0,684.5
1858,0,-12.67,7.428,0,685
1859,0.2,-12.68,7.432,0.1,685.5
1860,0,-12.69,7.436,0,686
1861,0,-12.69,7.44,0,686
1862,0,-12.7,7.444,0,686.5
1863,0,-12.71,7.448,0,687
1864,0.2,-12.71,7.452,0.1,687
1865,0,-12.72,7.456,0,687.5
1866,0,-12.73,7.46,0,688
1867,0.2,-12.73,7.464,0.1,688
1868,-0.2,-12.74,7.468,-0.1,688.5
1869,0,-12.75,7.472,0,689
1870,0,-12.76,7.476,0,689.5
1871,0,-12.76,7.48,0,689.5
1872,-0.2,-12.77,7.484,-0.1,690.5
1873,0,-12.78,7.488,0,691
1874,-0.2,-12.78,7.492,-0.1,691
1875,-0.4,-12.79,7.496,-0.2,691.5
1876,-0.2,-12.8,7.5,-0.1,692
1877,-0.2,-12.8,7.504,-0.1,692
1878,0,-12.81,7.508,0,692.5
1879,0,-12.82,7.512,0,693
1880,0,-12.83,7.516,0,693.5
1881,0,-12.83,7.52,0,693.5
1882,0,-12.84,7.524,0,694
1883,0,-12.84,7.528,0,694
1884,0,-12.85,7.532,0,694.5
1885,0.2,-12.86,7.536,0.1,695
1886,0.2,-12.87,7.54,0.1,695.5
1887,0.2,-12.87,7.544,0.1,695.5
1888,0,-12.88,7.548,0,696
1889,0,-12.89,7.552,0,697
1890,0,-12.89,7.556,0,697
1891,0,-12.9,7.56,0,697.5
1892,0,-12.91,7.564,0,698
1893,0.2,-12.91,7.568,0.1,698
1894,0,-12.92,7.572,0,698.5
1895,0,-12.93,7.576,0,699
1896,-0.2,-12.94,7.58,-0.1,699.5
1897,-0.2,-12.94,7.584,-0.1,699.5
1898,0,-12.95,7.588,0,700
1899,0,-12.96,7.592,0,700.5
1900,0,-12.96,7.596,0,700.5
1901,0,-12.97,7.6,0,701
1902,0,-12.98,7.604,0,701.5
1903,0,-12.98,7.608,0,701.5
1904,0,-12.99,7.612,0,702
1905,0,-13,7.616,0,702.5
1906,0.2,-13,7.62,0.1,702.5
1907,0.2,-13.01,7.624,0.1,703
1908,0,-13.02,7.628,0,704
1909,0.4,-13.03,7.632,0.2,704.5
1910,0,-13.03,7.636,0,704.5
1911,0,-13.04,7.64,0,705
1912,0,-13.05,7.644,0,705.5
1913,0,-13.05,7.648,0,705.5
1914,-0.2,-13.06,7.652,-0.1,706
1915,0.2,-13.07,7.656,0.1,706.5
1916,0,-13.07,7.66,0,706.5
1917,-0.2,-13.08,7.664,-0.1,707
1918,0,-13.09,7.668,0,707.5
1919,0.2,-13.1,7.672,0.1,708
1920,0,-13.1,7.676,0,708
1921,0,-13.11,7.68,0,708.5
1922,0,-13.12,7.684,0,709
1923,0,-13.12,7.688,0,709
1924,0,-13.13,7.692,0,709.5
1925,0,-13.14,7.696,0,710.5
1926,0,-13.14,7.7,0,710.5
1927,0.2,-13.15,7.704,0.1,711
1928,0.2,-13.16,7.708,0.1,711.5
1929,0,-13.17,7.712,0,712
1930,0,-13.17,7.716,0,712
1931,0,-13.18,7.72,0,712.5
1932,0,-13.19,7.724,0,713
1933,0,-13.19,7.728,0,713
1934,0,-13.2,7.732,0,713.5
1935,0,-13.21,7.736,0,714
1936,0.2,-13.22,7.74,0.1,714.5
1937,0,-13.22,7.744,0,714.5
1938,0,-13.23,7.748,0,715
1939,0,-13.24,7.752,0,715.5
1940,0,-13.24,7.756,0,715.5
1941,0,-13.25,7.76,0,716
1942,0,-13.26,7.764,0,717
1943,0,-13.26,7.768,0,717
1944,0,-13.27,7.772,0,717.5
1945,0,-13.28,7.776,0,718
1946,0,-13.29,7.78,0,718.5
1947,0,-13.29,7.784,0,718.5
1948,0,-13.3,7.788,0,719
1949,-0.2,-13.31,7.792,-0.1,719.5
1950,-0.2,-13.31,7.796,-0.1,719.5
1951,0,-13.32,7.8,0,720
1952,0,-13.33,7.804,0,720.5
1953,-0.2,-13.33,7.808,-0.1,720.5
1954,0.2,-13.34,7.812,0.1,721
1955,0,-13.35,7.816,0,721.5
1956,0.4,-13.36,7.82,0.2,722
1957,0,-13.36,7.824,0,722
1958,0,-13.37,7.828,0,722.5
1959,0,-13.38,7.832,0,723
1960,0,-13.38,7.836,0,723
1961,0,-13.39,7.84,0,724
1962,0,-13.4,7.844,0,724.5
1963,0.2,-13.41,7.848,0.1,725
1964,0.2,-13.41,7.852,0.1,725
1965,0,-13.42,7.856,0,725.5
1966,0,-13.43,7.86,0,726
1967,0.2,-13.43,7.864,0.1,726
1968,-0.2,-13.44,7.868,-0.1,726.5
1969,0,-13.45,7.872,0,727
1970,0,-13.45,7.876,0,727
1971,0.2,-13.46,7.88,0.1,727.5
1972,0,-13.47,7.884,0,728
1973,0,-13.48,7.888,0,728.5
1974,0,-13.48,7.892,0,728.5
1975,0,-13.49,7.896,0,729
1976,0,-13.5,7.9,0,729.5
1977,-0.2,-13.5,7.904,-0.1,729.5
1978,0,-13.51,7.908,0,730.5
1979,0.2,-13.52,7.912,0.1,731
1980,0.2,-13.52,7.916,0.1,731
1981,0,-13.53,7.92,0,731.5
1982,0,-13.54,7.924,0,732
1983,0,-13.55,7.928,0,732.5
1984,0,-13.55,7.932,0,732.5
1985,0,-13.56,7.936,0,733
1986,0.2,-13.57,7.94,0.1,733.5
1987,-0.2,-13.57,7.944,-0.1,733.5
1988,-0.2,-13.58,7.948,-0.1,734
1989,0,-13.59,7.952,0,734.5
1990,0,-13.59,7.956,0,734.5
1991,0,-13.6,7.96,0,735
1992,-0.2,-13.61,7.964,-0.1,735.5
1993,0,-13.62,7.968,0,736
1994,0,-13.62,7.972,0,736
1995,-0.2,-13.63,7.976,-0.1,737
1996,0,-13.64,7.98,0,737.5
1997,0,-13.64,7.984,0,737.5
1998,0.2,-13.65,7.988,0.1,738
1999,0,-13.66,7.992,0,738.5
2000,0,-13.67,7.996,0,739
2001,0.2,-13.67,8,0.1,739
2002,0,-13.68,8.004,0,739.5
2003,0,-13.69,8.008,0,740
2004,-0.2,-13.69,8.012,-0.1,740
2005,0,-13.7,8.016,0,740.5
2006,0.2,-13.71,8.02,0.1,741
2007,0.4,-13.71,8.024,0.2,741
2008,0.2,-13.72,8.028,0.1,741.5
2009,0,-13.73,8.032,0,742
2010,0,-13.74,8.036,0,742.5
2011,0,-13.74,8.04,0,742.5
2012,0.2,-13.75,8.044,0.1,743
2013,0,-13.76,8.048,0,744
2014,-0.2,-13.76,8.052,-0.1,744
2015,0,-13.77,8.056,0,744.5
2016,0,-13.78,8.06,0,745
2017,0.2,-13.79,8.064,0.1,745.5
2018,0,-13.79,8.068,0,745.5
2019,0,-13.8,8.072,0,746
2020,-0.2,-13.81,8.076,-0.1,746.5
2021,0,-13.81,8.08,0,746.5
2022,0,-13.82,8.084,0,747
2023,0,-13.83,8.088,0,747.5
2024,0,-13.83,8.092,0,747.5
2025,0.2,-13.84,8.096,0.1,748
2026,0,-13.85,8.1,0,748.5
2027,-0.2,-13.86,8.104,-0.1,749
2028,0,-13.86,8.108,0,749
2029,0,-13.87,8.112,0,749.5
2030,0,-13.88,8.116,0,750.5
2031,0,-13.88,8.12,0,750.5
2032,-0.2,-13.89,8.124,-0.1,751
2033,0,-13.9,8.128,0,751.5
2034,0,-13.9,8.132,0,751.5
2035,-0.2,-13.91,8.136,-0.1,752
2036,-0.2,-13.92,8.14,-0.1,752.5
2037,0.2,-13.93,8.144,0.1,753
2038,0.2,-13.93,8.148,0.1,753
2039,0,-13.94,8.152,0,753.5
2040,0,-13.95,8.156,0,754
2041,0,-13.95,8.16,0,754
2042,0,-13.96,8.164,0,754.5
2043,0,-13.97,8.168,0,755
2044,0,-13.98,8.172,0,755.5
2045,0,-13.98,8.176,0,755.5
2046,-0.2,-13.99,8.18,-0.1,756
2047,0,-14,8.184,0,757
2048,-0.2,-14,8.188,-0.1,757
2049,0,-14.01,8.192,0,757.5
2050,0,-14.02,8.196,0,758
2051,0,-14.02,8.2,0,758
2052,-0.2,-14.03,8.204,-0.1,758.5
2053,0,-14.04,8.208,0,759
2054,0,-14.05,8.212,0,759.5
2055,0,-14.05,8.216,0,759.5
2056,0,-14.06,8.22,0,760
2057,-0.2,-14.07,8.224,-0.1,760.5
2058,-0.4,-14.07,8.228,-0.2,760.5
2059,0,-14.08,8.232,0,761
2060,0,-14.09,8.236,0,761.5
2061,0,-14.1,8.24,0,762
2062,0,-14.1,8.244,0,762
2063,0,-14.11,8.248,0,762.5
2064,0.2,-14.12,8.252,0.1,763
2065,0.2,-14.12,8.256,0.1,763
2066,0.4,-14.13,8.26,0.2,764
2067,0,-14.14,8.264,0,764.5
2068,-0.2,-14.14,8.268,-0.1,764.5
2069,0,-14.15,8.272,0,765
2070,0.4,-14.16,8.276,0.2,765.5
2071,0,-14.17,8.28,0,766
2072,0,-14.17,8.284,0,766
2073,0,-14.18,8.288,0,766.5
2074,0,-14.19,8.292,0,767
2075,0,-14.2,8.296,0,767.5
2076,0.4,-14.2,8.3,0.2,767.5
2077,0,-14.21,8.304,0,768
2078,0,-14.22,8.308,0,768.5
2079,-0.2,-14.22,8.312,-0.1,768.5
2080,-0.2,-14.23,8.316,-0.1,769
2081,0,-14.24,8.32,0,769.5
2082,0,-14.24,8.324,0,769.5
2083,0,-14.25,8.328,0,770.5
2084,0,-14.26,8.332,0,771
2085,0,-14.27,8.336,0,771.5
2086,0.2,-14.27,8.34,0.1,771.5
2087,0,-14.28,8.344,0,772
2088,0,-14.29,8.348,0,772.5
2089,0,-14.29,8.352,0,772.5
2090,0.2,-14.3,8.356,0.1,773
2091,-0.2,-14.31,8.36,-0.1,773.5
2092,0.2,-14.31,8.364,0.1,773.5
2093,0,-14.32,8.368,0,774
2094,0,-14.33,8.372,0,774.5
2095,0,-14.34,8.376,0,775
2096,0,-14.34,8.38,0,775
2097,-0.2,-14.35,8.384,-0.1,775.5
2098,-0.2,-14.36,8.388,-0.1,776
2099,-0.4,-14.36,8.392,-0.2,776
2100,-0.2,-14.37,8.396,-0.1,777
2101,0,-14.38,8.4,0,777.5
2102,0,-14.39,8.404,0,778
2103,0.2,-14.39,8.408,0.1,778
2104,-0.2,-14.4,8.412,-0.1,778.5
2105,0,-14.41,8.416,0,779
2106,0,-14.41,8.42,0,779
2107,0.2,-14.42,8.424,0.1,779.5
2108,0,-14.43,8.428,0,780
2109,0,-14.43,8.432,0,780
2110,0,-14.44,8.436,0,780.5
2111,-0.4,-14.45,8.44,-0.2,781
2112,-0.2,-14.46,8.444,-0.1,781.5
2113,0,-14.46,8.448,0,781.5
2114,0,-14.47,8.452,0,782
2115,0.4,-14.48,8.456,0.2,782.5
2116,0,-14.48,8.46,0,782.5
2117,0.4,-14.49,8.464,0.2,783
2118,0,-14.5,8.468,0,784
2119,0,-14.5,8.472,0,784
2120,0,-14.51,8.476,0,784.5
2121,0,-14.52,8.48,0,785
2122,0,-14.53,8.484,0,785.5
2123,-0.2,-14.53,8.488,-0.1,785.5
2124,0,-14.54,8.492,0,786
2125,0,-14.55,8.496,0,786.5
2126,-0.2,-14.55,8.5,-0.1,786.5
2127,0,-14.56,8.504,0,787
2128,0,-14.57,8.508,0,787.5
2129,0,-14.58,8.512,0,788
2130,0,-14.58,8.516,0,788
2131,0,-14.59,8.52,0,788.5
2132,0,-14.6,8.524,0,789
2133,0,-14.6,8.528,0,789
2134,0.4,-14.61,8.532,0.2,789.5
2135,0,-14.62,8.536,0,790.5
2136,0,-14.62,8.54,0,790.5
2137,0,-14.63,8.544,0,791
2138,0,-14.64,8.548,0,791.5
2139,0,-14.65,8.552,0,792
2140,-0.2,-14.65,8.556,-0.1,792
2141,-0.2,-14.66,8.56,-0.1,792.5
2142,0,-14.67,8.564,0,793
2143,0,-14.67,8.568,0,793
2144,0,-14.68,8.572,0,793.5
2145,0,-14.69,8.576,0,794
2146,0,-14.7,8.58,0,794.5
2147,0.2,-14.7,8.584,0.1,794.5
2148,0,-14.71,8.588,0,795
2149,-0.2,-14.72,8.592,-0.1,795.5
2150,0,-14.72,8.596,0,795.5
2151,0,-14.73,8.6,0,796
2152,0,-14.74,8.604,0,797
2153,0.2,-14.74,8.608,0.1,797
2154,0,-14.75,8.612,0,797.5
2155,-0.2,-14.76,8.616,-0.1,798
2156,0,-14.77,8.62,0,798.5
2157,0,-14.77,8.624,0,798.5
2158,0.2,-14.78,8.628,0.1,799
2159,0.2,-14.79,8.632,0.1,799.5
2160,0,-14.79,8.636,0,799.5
2161,0,-14.8,8.64,0,800
2162,0,-14.81,8.644,0,800.5
2163,-0.2,-14.81,8.648,-0.1,800.5
2164,-0.2,-14.82,8.652,-0.1,801
2165,0,-14.83,8.656,0,801.5
2166,0,-14.84,8.66,0,802
2167,0,-14.84,8.664,0,802
2168,0,-14.85,8.668,0,802.5
2169,0,-14.86,8.672,0,803
2170,0,-14.86,8.676,0,803
2171,-0.4,-14.87,8.68,-0.2,804
2172,0,-14.88,8.684,0,804.5
2173,0,-14.89,8.688,0,805
2174,0,-14.89,8.692,0,805
2175,0,-14.9,8.696,0,805.5
2176,-0.2,-14.91,8.7,-0.1,806
2177,-0.2,-14.91,8.704,-0.1,806
2178,0,-14.92,8.708,0,806.5
2179,0.2,-14.93,8.712,0.1,807
2180,0,-14.93,8.716,0,807
2181,0.2,-14.94,8.72,0.1,807.5
2182,0.4,-14.95,8.724,0.2,808
2183,0.2,-14.96,8.728,0.1,808.5
2184,0,-14.96,8.732,0,808.5
2185,-0.2,-14.97,8.736,-0.1,809
2186,-0.2,-14.98,8.74,-0.1,809.5
2187,-0.2,-14.98,8.744,-0.1,809.5
2188,0,-14.99,8.748,0,810.5
2189,0,-15,8.752,0,811
2190,0,-15,8.756,0,811
2191,0,-15.01,8.76,0,811.5
2192,0,-15.02,8.764,0,812
2193,-0.2,-15.03,8.768,-0.1,812.5
2194,0.2,-15.03,8.772,0.1,812.5
2195,0.2,-15.04,8.776,0.1,813
2196,0,-15.05,8.78,0,813.5
2197,0,-15.05,8.784,0,813.5
2198,0,-15.06,8.788,0,814
2199,0,-15.07,8.792,0,814.5
2200,0,-15.08,8.796,0,815
2201,-0.2,-15.08,8.8,-0.1,815
2202,0,-15.09,8.804,0,815.5
2203,0,-15.1,8.808,0,816
2204,0,-15.1,8.812,0,816
2205,0.2,-15.11,8.816,0.1,817
2206,0.2,-15.12,8.82,0.1,817.5
2207,0.2,-15.12,8.824,0.1,817.5
2208,0.2,-15.13,8.828,0.1,818
2209,0.2,-15.14,8.832,0.1,818.5
2210,0,-15.15,8.836,0,819
2211,0.4,-15.15,8.84,0.2,819
2212,0.2,-15.16,8.844,0.1,819.5
2213,0.2,-15.17,8.848,0.1,820
2214,0,-15.17,8.852,0,820
2215,0,-15.18,8.856,0,820.5
2216,0.2,-15.19,8.86,0.1,821
2217,0,-15.19,8.864,0,821
2218,0,-15.2,8.868,0,821.5
2219,0,-15.21,8.872,0,822
2220,0.2,-15.22,8.876,0.1,822.5
2221,0,-15.21,8.88,0,822
2222,-0.2,-15.22,8.884,-0.1,822.5
2223,0,-15.23,8.888,0,823
2224,0,-15.23,8.892,0,823
2225,-0.2,-15.24,8.896,-0.1,824
2226,0,-15.25,8.9,0,824.5
2227,0,-15.26,8.904,0,825
2228,0,-15.26,8.908,0,825
2229,-0.2,-15.27,8.912,-0.1,825.5
2230,0,-15.28,8.916,0,826
2231,0,-15.28,8.92,0,826
2232,0.2,-15.29,8.924,0.1,826.5
2233,0.2,-15.3,8.928,0.1,827
2234,0.2,-15.3,8.932,0.1,827
2235,0,-15.31,8.936,0,827.5
2236,0,-15.32,8.94,0,828
2237,0,-15.33,8.944,0,828.5
2238,0,-15.33,8.948,0,828.5
2239,-0.2,-15.34,8.952,-0.1,829
2240,0,-15.35,8.956,0,829.5
2241,0,-15.35,8.96,0,829.5
2242,0.4,-15.36,8.964,0.2,830.5
2243,0,-15.37,8.968,0,831
2244,-0.2,-15.37,8.972,-0.1,831
2245,-0.2,-15.38,8.976,-0.1,831.5
2246,0,-15.39,8.98,0,832
2247,0,-15.4,8.984,0,832.5
2248,0,-15.4,8.988,0,832.5
2249,0,-15.41,8.992,0,833
2250,-0.2,-15.42,8.996,-0.1,833.5
2251,-0.4,-15.42,9,-0.2,833.5
2252,-0.2,-15.43,9.004,-0.1,834
2253,0,-15.44,9.008,0,834.5
2254,0,-15.45,9.012,0,835
2255,-0.2,-15.45,9.016,-0.1,835
2256,-0.2,-15.46,9.02,-0.1,835.5
2257,-0.2,-15.47,9.024,-0.1,836
2258,-0.2,-15.47,9.028,-0.1,836
2259,0,-15.48,9.032,0,837
2260,0,-15.49,9.036,0,837.5
2261,-0.2,-15.49,9.04,-0.1,837.5
2262,0,-15.5,9.044,0,838
2263,0,-15.51,9.048,0,838.5
2264,0,-15.52,9.052,0,839
2265,0,-15.52,9.056,0,839
2266,0,-15.53,9.06,0,839.5
2267,0,-15.54,9.064,0,840
2268,0,-15.54,9.068,0,840
2269,-0.2,-15.55,9.072,-0.1,840.5
2270,0,-15.56,9.076,0,841
2271,0,-15.56,9.08,0,841
2272,-0.2,-15.57,9.084,-0.1,841.5
2273,0,-15.58,9.088,0,842
2274,0,-15.59,9.092,0,842.5
2275,0,-15.59,9.096,0,842.5
2276,0,-15.6,9.1,0,843
2277,0,-15.61,9.104,0,844
2278,0.2,-15.61,9.108,0.1,844
2279,0.2,-15.62,9.112,0.1,844.5
2280,0,-15.63,9.116,0,845
2281,0.2,-15.63,9.12,0.1,845
2282,0,-15.64,9.124,0,845.5
2283,0.2,-15.65,9.128,0.1,846
2284,0,-15.66,9.132,0,846.5
2285,0,-15.66,9.136,0,846.5
2286,0.2,-15.67,9.14,0.1,847
2287,0.2,-15.68,9.144,0.1,847.5
2288,0,-15.68,9.148,0,847.5
2289,0,-15.69,9.152,0,848
2290,-0.2,-15.7,9.156,-0.1,848.5
2291,0,-15.7,9.16,0,848.5
2292,-0.2,-15.71,9.164,-0.1,849
2293,0,-15.72,9.168,0,849.5
2294,0,-15.72,9.172,0,849.5
2295,0,-15.73,9.176,0,850.5
2296,0,-15.74,9.18,0,851
2297,-0.2,-15.75,9.184,-0.1,851.5
2298,0,-15.75,9.188,0,851.5
2299,0,-15.76,9.192,0,852
2300,-0.2,-15.77,9.196,-0.1,852.5
2301,0,-15.77,9.2,0,852.5
2302,0,-15.78,9.204,0,853
2303,0,-15.79,9.208,0,853.5
2304,0,-15.79,9.212,0,853.5
2305,0.4,-15.8,9.216,0.2,854
2306,-0.2,-15.81,9.22,-0.1,854.5
2307,0,-15.82,9.224,0,855
2308,0,-15.82,9.228,0,855
2309,0,-15.83,9.232,0,855.5
2310,0.2,-15.84,9.236,0.1,856
2311,0,-15.84,9.24,0,856
2312,0.2,-15.85,9.244,0.1,857
2313,-0.2,-15.86,9.248,-0.1,857.5
2314,-0.2,-15.86,9.252,-0.1,857.5
2315,-0.2,-15.87,9.256,-0.1,858
2316,0,-15.88,9.26,0,858.5
2317,0,-15.89,9.264,0,859
2318,-0.2,-15.89,9.268,-0.1,859
2319,0.2,-15.9,9.272,0.1,859.5
2320,0,-15.91,9.276,0,860
2321,-0.2,-15.91,9.28,-0.1,860
2322,0,-15.92,9.284,0,860.5
2323,0,-15.93,9.288,0,861
2324,0,-15.94,9.292,0,861.5
2325,0,-15.94,9.296,0,861.5
2326,0,-15.95,9.3,0,862
2327,0,-15.96,9.304,0,862.5
2328,0,-15.96,9.308,0,862.5
2329,0,-15.97,9.312,0,863
2330,0,-15.98,9.316,0,864
2331,0,-15.98,9.32,0,864
2332,0,-15.99,9.324,0,864.5
2333,-0.2,-16,9.328,-0.1,865
2334,-0.2,-16,9.332,-0.1,865
2335,0,-16.01,9.336,0,865.5
2336,0.2,-16.02,9.34,0.1,866
2337,0,-16.02,9.344,0,866
2338,0,-16.03,9.348,0,866.5
2339,-0.2,-16.04,9.352,-0.1,867
2340,0,-16.05,9.356,0,867.5
2341,0,-16.05,9.36,0,867.5
2342,-0.2,-16.06,9.364,-0.1,868
2343,0,-16.07,9.368,0,868.5
2344,0,-16.07,9.372,0,868.5
2345,-0.2,-16.08,9.376,-0.1,869
2346,0.2,-16.09,9.38,0.1,869.5
2347,0,-16.09,9.384,0,869.5
2348,0.2,-16.1,9.388,0.1,870.5
2349,0,-16.11,9.392,0,871
2350,0,-16.12,9.396,0,871.5
2351,0,-16.12,9.4,0,871.5
2352,0,-16.13,9.404,0,872
2353,-0.2,-16.14,9.408,-0.1,872.5
2354,0,-16.14,9.412,0,872.5
2355,0,-16.15,9.416,0,873
2356,-0.2,-16.16,9.42,-0.1,873.5
2357,0,-16.16,9.424,0,873.5
2358,0,-16.17,9.428,0,874
2359,0,-16.18,9.432,0,874.5
2360,0,-16.19,9.436,0,875
2361,0,-16.19,9.44,0,875
2362,0,-16.2,9.444,0,875.5
2363,0,-16.21,9.448,0,876
2364,0,-16.21,9.452,0,876
2365,0.2,-16.22,9.456,0.1,877
2366,-0.2,-16.23,9.46,-0.1,877.5
2367,0.2,-16.23,9.464,0.1,877.5
2368,0,-16.24,9.468,0,878
2369,0,-16.25,9.472,0,878.5
2370,-0.2,-16.25,9.476,-0.1,878.5
2371,0,-16.26,9.48,0,879
2372,0,-16.27,9.484,0,879.5
2373,0,-16.28,9.488,0,880
2374,0,-16.28,9.492,0,880
2375,0,-16.29,9.496,0,880.5
2376,0,-16.3,9.5,0,881
2377,0,-16.3,9.504,0,881
2378,0.2,-16.31,9.508,0.1,881.5
2379,0,-16.32,9.512,0,882
2380,0,-16.32,9.516,0,882
2381,0,-16.33,9.52,0,882.5
2382,0,-16.34,9.524,0,883
2383,0,-16.35,9.528,0,884
2384,0,-16.35,9.532,0,884
2385,0,-16.36,9.536,0,884.5
2386,0,-16.37,9.54,0,885
2387,0,-16.37,9.544,0,885
2388,0.4,-16.38,9.548,0.2,885.5
2389,0.6,-16.39,9.552,0.3,886
2390,0.2,-16.39,9.556,0.1,886
2391,0.2,-16.4,9.56,0.1,886.5
2392,0,-16.41,9.564,0,887
2393,0.2,-16.42,9.568,0.1,887.5
2394,0,-16.42,9.572,0,887.5
2395,0,-16.43,9.576,0,888
2396,0,-16.43,9.58,0,888
2397,-0.2,-16.44,9.584,-0.1,888.5
2398,0.2,-16.45,9.588,0.1,889
2399,0.2,-16.46,9.592,0.1,889.5
2400,0,-16.46,9.596,0,889.5
2401,0,-16.47,9.6,0,890.5
2402,0,-16.48,9.604,0,891
2403,0,-16.48,9.608,0,891
2404,0,-16.49,9.612,0,891.5
2405,0,-16.5,9.616,0,892
2406,0,-16.5,9.62,0,892
2407,0.2,-16.51,9.624,0.1,892.5
2408,0,-16.52,9.628,0,893
2409,0.2,-16.53,9.632,0.1,893.5
2410,0,-16.53,9.636,0,893.5
2411,-0.4,-16.54,9.64,-0.2,894
2412,0,-16.55,9.644,0,894.5
2413,0,-16.55,9.648,0,894.5
2414,-0.2,-16.56,9.652,-0.1,895
2415,0,-16.57,9.656,0,895.5
2416,0.2,-16.57,9.66,0.1,895.5
2417,0,-16.58,9.664,0,896
2418,0,-16.59,9.668,0,897
2419,0,-16.6,9.672,0,897.5
2420,0.2,-16.6,9.676,0.1,897.5
2421,0.4,-16.61,9.68,0.2,898
2422,0.2,-16.62,9.684,0.1,898.5
2423,-0.2,-16.62,9.688,-0.1,898.5
2424,0,-16.63,9.692,0,899
2425,-0.2,-16.64,9.696,-0.1,899.5
2426,0,-16.64,9.7,0,899.5
2427,0,-16.65,9.704,0,900
2428,0.2,-16.66,9.708,0.1,900.5
2429,0,-16.66,9.712,0,900.5
2430,0.2,-16.67,9.716,0.1,901
2431,0,-16.68,9.72,0,901.5
2432,0,-16.69,9.724,0,902
2433,-0.2,-16.69,9.728,-0.1,902
2434,0,-16.7,9.732,0,902.5
2435,-0.2,-16.71,9.736,-0.1,903
2436,0,-16.71,9.74,0,903
2437,-0.2,-16.72,9.744,-0.1,904
2438,0,-16.73,9.748,0,904.5
2439,0,-16.73,9.752,0,904.5
2440,-0.2,-16.74,9.756,-0.1,905
2441,-0.2,-16.75,9.76,-0.1,905.5
2442,0,-16.76,9.764,0,906
2443,0,-16.76,9.768,0,906
2444,0,-16.77,9.772,0,906.5
2445,0.4,-16.78,9.776,0.2,907
2446,0.2,-16.78,9.78,0.1,907
2447,0,-16.79,9.784,0,907.5
2448,-0.4,-16.8,9.788,-0.2,908
2449,0,-16.8,9.792,0,908
2450,0,-16.81,9.796,0,908.5
2451,0,-16.82,9.8,0,909
2452,0,-16.82,9.804,0,909
2453,0.4,-16.83,9.808,0.2,909.5
2454,0,-16.84,9.812,0,910.5
2455,0,-16.84,9.816,0,910.5
2456,0,-16.85,9.82,0,911
2457,0,-16.86,9.824,0,911.5
2458,0,-16.87,9.828,0,912
2459,0,-16.87,9.832,0,912
2460,0,-16.88,9.836,0,912.5
2461,-0.2,-16.89,9.84,-0.1,913
2462,-0.2,-16.89,9.844,-0.1,913
2463,0,-16.9,9.848,0,913.5
2464,0,-16.91,9.852,0,914
2465,0,-16.91,9.856,0,914
2466,0.4,-16.92,9.86,0.2,914.5
2467,0,-16.93,9.864,0,915
2468,0.2,-16.94,9.868,0.1,915.5
2469,-0.2,-16.94,9.872,-0.1,915.5
2470,0,-16.95,9.876,0,916
2471,0,-16.96,9.88,0,917
2472,0,-16.96,9.884,0,917
2473,-0.2,-16.97,9.888,-0.1,917.5
2474,0.6,-16.98,9.892,0.3,918
2475,0,-16.98,9.896,0,918
2476,0.2,-16.99,9.9,0.1,918.5
2477,0.2,-17,9.904,0.1,919
2478,0.4,-17,9.908,0.2,919
2479,0,-17.01,9.912,0,919.5
2480,-0.2,-17.02,9.916,-0.1,920
2481,0.4,-17.03,9.92,0.2,920.5
2482,0,-17.03,9.924,0,920.5
2483,0,-17.04,9.928,0,921
2484,-0.2,-17.05,9.932,-0.1,921.5
2485,-0.2,-17.05,9.936,-0.1,921.5
2486,0.2,-17.06,9.94,0.1,922
2487,0,-17.07,9.944,0,922.5
2488,-0.2,-17.07,9.948,-0.1,922.5
2489,0,-17.08,9.952,0,923
2490,-0.2,-17.09,9.956,-0.1,924
2491,0,-17.1,9.96,0,924.5
2492,0,-17.1,9.964,0,924.5
2493,0,-17.11,9.968,0,925
2494,0.2,-17.12,9.972,0.1,925.5
2495,0.2,-17.12,9.976,0.1,925.5
2496,0.2,-17.13,9.98,0.1,926
2497,-0.2,-17.14,9.984,-0.1,926.5
2498,0,-17.14,9.988,0,926.5
2499,-0.2,-17.15,9.992,-0.1,927
2500,0,-17.16,9.996,0,927.5
2501,0,-17.17,10,0,928
2502,0.2,-17.17,10.004,0.1,928
2503,0,-17.18,10.008,0,928.5
2504,0,-17.18,10.012,0,928.5
2505,-0.2,-17.19,10.016,-0.1,929
2506,0,-17.2,10.02,0,929.5
2507,0,-17.21,10.024,0,930.5
2508,-0.2,-17.22,10.028,-0.1,931
2509,0,-17.23,10.032,0,931.5
2510,0,-17.24,10.036,0,932
2511,0,-17.24,10.04,0,932
2512,0.4,-17.25,10.044,0.2,932.5
2513,0.2,-17.26,10.048,0.1,933
2514,-0.2,-17.26,10.052,-0.1,933
2515,-0.2,-17.27,10.056,-0.1,933.5
2516,-0.2,-17.28,10.06,-0.1,934
2517,0,-17.29,10.064,0,934.5
2518,0,-17.29,10.068,0,934.5
2519,0.2,-17.3,10.072,0.1,935
2520,0,-17.31,10.076,0,935.5
2521,0,-17.31,10.08,0,935.5
2522,0,-17.32,10.084,0,936
2523,0,-17.33,10.088,0,937
2524,0,-17.33,10.092,0,937
2525,0,-17.34,10.096,0,937.5
2526,0,-17.35,10.1,0,938
2527,0,-17.36,10.104,0,938.5
2528,0,-17.36,10.108,0,938.5
2529,0.2,-17.37,10.112,0.1,939
2530,0,-17.38,10.116,0,939.5
2531,-0.2,-17.38,10.12,-0.1,939.5
2532,-0.2,-17.39,10.124,-0.1,940
2533,0,-17.4,10.128,0,940.5
2534,0.2,-17.4,10.132,0.1,940.5
2535,0.2,-17.41,10.136,0.1,941
2536,0,-17.42,10.14,0,941.5
2537,0,-17.42,10.144,0,941.5
2538,0,-17.43,10.148,0,942
2539,0,-17.44,10.152,0,942.5
2540,0,-17.45,10.156,0,943
2541,0.2,-17.45,10.16,0.1,943
2542,0,-17.46,10.164,0,944
2543,0,-17.47,10.168,0,944.5
2544,-0.4,-17.47,10.172,-0.2,944.5
2545,0,-17.48,10.176,0,945
2546,0,-17.49,10.18,0,945.5
2547,-0.2,-17.49,10.184,-0.1,945.5
2548,0,-17.5,10.188,0,946
2549,-0.4,-17.51,10.192,-0.2,946.5
2550,0,-17.52,10.196,0,947
2551,0.2,-17.52,10.2,0.1,947
2552,0,-17.53,10.204,0,947.5
2553,0,-17.54,10.208,0,948
2554,0,-17.54,10.212,0,948
2555,0,-17.55,10.216,0,948.5
2556,-0.2,-17.56,10.22,-0.1,949
2557,-0.2,-17.56,10.224,-0.1,949
2558,0,-17.57,10.228,0,949.5
2559,0,-17.58,10.232,0,950.5
2560,0,-17.59,10.236,0,951
2561,-0.2,-17.59,10.24,-0.1,951
2562,0,-17.6,10.244,0,951.5
2563,0.2,-17.61,10.248,0.1,952
2564,0,-17.61,10.252,0,952
2565,0.2,-17.62,10.256,0.1,952.5
2566,0,-17.63,10.26,0,953
2567,0,-17.63,10.264,0,953
2568,0,-17.64,10.268,0,953.5
2569,0,-17.65,10.272,0,954
2570,0,-17.66,10.276,0,954.5
2571,0,-17.66,10.28,0,954.5
2572,0.4,-17.67,10.284,0.2,955
2573,0.2,-17.68,10.288,0.1,955.5
2574,0.4,-17.68,10.292,0.2,955.5
2575,0,-17.69,10.296,0,956
2576,0.2,-17.7,10.3,0.1,957
2577,0,-17.7,10.304,0,957
2578,0,-17.71,10.308,0,957.5
2579,0,-17.72,10.312,0,958
2580,-0.2,-17.72,10.316,-0.1,958
2581,-0.2,-17.73,10.32,-0.1,958.5
2582,-0.2,-17.74,10.324,-0.1,959
2583,0,-17.75,10.328,0,959.5
2584,-0.2,-17.75,10.332,-0.1,959.5
2585,-0.2,-17.76,10.336,-0.1,960
2586,0.2,-17.77,10.34,0.1,960.5
2587,0,-17.77,10.344,0,960.5
2588,-0.4,-17.78,10.348,-0.2,961
2589,0,-17.79,10.352,0,961.5
2590,0,-17.79,10.356,0,961.5
2591,0,-17.8,10.36,0,962
2592,0,-17.81,10.364,0,962.5
2593,-0.2,-17.82,10.368,-0.1,963
2594,0.2,-17.82,10.372,0.1,963
2595,0,-17.83,10.376,0,964
2596,0,-17.84,10.38,0,964.5
2597,0,-17.84,10.384,0,964.5
2598,0.2,-17.85,10.388,0.1,965
2599,0.2,-17.86,10.392,0.1,965.5
2600,0,-17.86,10.396,0,965.5
2601,0.2,-17.87,10.4,0.1,966
2602,0,-17.88,10.404,0,966.5
2603,0,-17.88,10.408,0,966.5
2604,0,-17.89,10.412,0,967
2605,-0.2,-17.9,10.416,-0.1,967.5
2606,0,-17.9,10.42,0,967.5
2607,-0.2,-17.91,10.424,-0.1,968
2608,0,-17.92,10.428,0,968.5
2609,-0.2,-17.93,10.432,-0.1,969
2610,0,-17.93,10.436,0,969
2611,-0.2,-17.94,10.44,-0.1,969.5
2612,-0.4,-17.95,10.444,-0.2,970.5
2613,0,-17.95,10.448,0,970.5
2614,0.2,-17.96,10.452,0.1,971
2615,0,-17.97,10.456,0,971.5
2616,0,-17.97,10.46,0,971.5
2617,0.2,-17.98,10.464,0.1,972
2618,0,-17.99,10.468,0,972.5
2619,0,-18,10.472,0,973
2620,0.2,-18,10.476,0.1,973
2621,0,-18.01,10.48,0,973.5
2622,0,-18.02,10.484,0,974
2623,0,-18.02,10.488,0,974
2624,0,-18.03,10.492,0,974.5
2625,0,-18.04,10.496,0,975
2626,0,-18.04,10.5,0,975
2627,0,-18.05,10.504,0,975.5
2628,0,-18.06,10.508,0,976
2629,0,-18.07,10.512,0,977
2630,0,-18.07,10.516,0,977
2631,0,-18.08,10.52,0,977.5
2632,0,-18.09,10.524,0,978
2633,-0.2,-18.09,10.528,-0.1,978
2634,0.2,-18.1,10.532,0.1,978.5
2635,0,-18.11,10.536,0,979
2636,-0.2,-18.11,10.54,-0.1,979
2637,0,-18.12,10.544,0,979.5
2638,0,-18.13,10.548,0,980
2639,0.2,-18.13,10.552,0.1,980
2640,-0.2,-18.14,10.556,-0.1,980.5
2641,0,-18.15,10.56,0,981
2642,0,-18.16,10.564,0,981.5
2643,0,-18.16,10.568,0,981.5
2644,0,-18.17,10.572,0,982
2645,0,-18.18,10.576,0,982.5
2646,-0.4,-18.18,10.58,-0.2,982.5
2647,-0.2,-18.19,10.584,-0.1,983
2648,0,-18.2,10.588,0,984
2649,0,-18.2,10.592,0,984
2650,0.2,-18.21,10.596,0.1,984.5
2651,0,-18.22,10.6,0,985
2652,0,-18.23,10.604,0,985.5
2653,0,-18.23,10.608,0,985.5
2654,0,-18.24,10.612,0,986
2655,0.2,-18.25,10.616,0.1,986.5
2656,0,-18.25,10.62,0,986.5
2657,0,-18.26,10.624,0,987
2658,0,-18.27,10.628,0,987.5
2659,0,-18.27,10.632,0,987.5
2660,0.2,-18.28,10.636,0.1,988
2661,-0.2,-18.29,10.64,-0.1,988.5
2662,0,-18.3,10.644,0,989
2663,0.2,-18.3,10.648,0.1,989
2664,0,-18.31,10.652,0,989.5
2665,0,-18.32,10.656,0,990.5
2666,0,-18.32,10.66,0,990.5
2667,0,-18.33,10.664,0,991
2668,0.2,-18.34,10.668,0.1,991.5
2669,0,-18.35,10.672,0,992
2670,0,-18.35,10.676,0,992
2671,-0.2,-18.36,10.68,-0.1,992.5
2672,-0.2,-18.37,10.684,-0.1,993
2673,0,-18.37,10.688,0,993
2674,-0.2,-18.38,10.692,-0.1,993.5
2675,-0.2,-18.39,10.696,-0.1,994
2676,-0.2,-18.39,10.7,-0.1,994
2677,-0.4,-18.4,10.704,-0.2,994.5
2678,-0.2,-18.41,10.708,-0.1,995
2679,0.2,-18.42,10.712,0.1,995.5
2680,-0.2,-18.42,10.716,-0.1,995.5
2681,-0.2,-18.43,10.72,-0.1,996
2682,0,-18.44,10.724,0,997
2683,0,-18.44,10.728,0,997
2684,-0.2,-18.45,10.732,-0.1,997.5
2685,0,-18.46,10.736,0,998
2686,0,-18.46,10.74,0,998
2687,0,-18.47,10.744,0,998.5
2688,-0.2,-18.48,10.748,-0.1,999
2689,0,-18.49,10.752,0,999.5
2690,-0.2,-18.49,10.756,-0.1,999.5
2691,-0.2,-18.5,10.76,-0.1,1000
2692,0.2,-18.51,10.764,0.1,1000.5
2693,0,-18.51,10.768,0,1000.5
2694,0,-18.52,10.772,0,1001
2695,-0.2,-18.53,10.776,-0.1,1001.5
2696,0,-18.54,10.78,0,1002
2697,0.2,-18.54,10.784,0.1,1002
2698,0.2,-18.55,10.788,0.1,1002.5
2699,0,-18.56,10.792,0,1003
2700,0,-18.56,10.796,0,1003
2701,0.2,-18.57,10.8,0.1,1004
2702,0.2,-18.58,10.804,0.1,1004.5
2703,0,-18.58,10.808,0,1004.5
2704,0,-18.59,10.812,0,1005
2705,0,-18.6,10.816,0,1005.5
2706,0,-18.61,10.82,0,1006
2707,-0.2,-18.61,10.824,-0.1,1006
2708,-0.2,-18.62,10.828,-0.1,1006.5
2709,0,-18.63,10.832,0,1007
2710,0,-18.63,10.836,0,1007
2711,0,-18.64,10.84,0,1007.5
2712,0,-18.65,10.844,0,1008
2713,0.2,-18.65,10.848,0.1,1008
2714,0,-18.66,10.852,0,1008.5
2715,0,-18.67,10.856,0,1009
2716,0,-18.68,10.86,0,1009.5
2717,-0.4,-18.68,10.864,-0.2,1009.5
2718,-0.4,-18.69,10.868,-0.2,1010.5
2719,0,-18.7,10.872,0,1011
2720,-0.2,-18.7,10.876,-0.1,1011
2721,0,-18.71,10.88,0,1011.5
2722,0,-18.72,10.884,0,1012
2723,0.2,-18.72,10.888,0.1,1012
2724,0.2,-18.73,10.892,0.1,1012.5
2725,-0.2,-18.74,10.896,-0.1,1013
2726,0,-18.75,10.9,0,1013.5
2727,-0.2,-18.75,10.904,-0.1,1013.5
2728,0,-18.76,10.908,0,1014
2729,0,-18.77,10.912,0,1014.5
2730,0,-18.77,10.916,0,1014.5
2731,0,-18.78,10.92,0,1015
2732,0,-18.79,10.924,0,1015.5
2733,0,-18.8,10.928,0,1016
2734,0.2,-18.8,10.932,0.1,1016
2735,0.2,-18.81,10.936,0.1,1017
2736,0.2,-18.82,10.94,0.1,1017.5
2737,0,-18.82,10.944,0,1017.5
2738,0.4,-18.83,10.948,0.2,1018
2739,0.2,-18.84,10.952,0.1,1018.5
2740,0,-18.84,10.956,0,1018.5
2741,0,-18.85,10.96,0,1019
2742,0.4,-18.86,10.964,0.2,1019.5
2743,-0.2,-18.87,10.968,-0.1,1020
2744,0,-18.87,10.972,0,1020
2745,-0.4,-18.88,10.976,-0.2,1020.5
2746,-0.2,-18.89,10.98,-0.1,1021
2747,0,-18.89,10.984,0,1021
2748,0,-18.9,10.988,0,1021.5
2749,-0.2,-18.91,10.992,-0.1,1022
2750,0,-18.91,10.996,0,1022
2751,-0.2,-18.92,11,-0.1,1022.5
2752,0,-18.93,11.004,0,1023
2753,0,-18.94,11.008,0,1024
2754,0,-18.94,11.012,0,1024
2755,0.2,-18.95,11.016,0.1,1024.5
2756,0,-18.96,11.02,0,1025
2757,0,-18.96,11.024,0,1025
2758,0,-18.97,11.028,0,1025.5
2759,0,-18.98,11.032,0,1026
2760,0,-18.99,11.036,0,1026.5
2761,0,-18.99,11.04,0,1026.5
2762,0.2,-19,11.044,0.1,1027
2763,0.2,-19.01,11.048,0.1,1027.5
2764,0,-19.01,11.052,0,1027.5
2765,0,-19.02,11.056,0,1028
2766,0,-19.03,11.06,0,1028.5
2767,0.2,-19.03,11.064,0.1,1028.5
2768,0,-19.04,11.068,0,1029
2769,0,-19.05,11.072,0,1029.5
2770,0.2,-19.06,11.076,0.1,1030.5
2771,0,-19.06,11.08,0,1030.5
2772,0.2,-19.07,11.084,0.1,1031
2773,0,-19.08,11.088,0,1031.5
2774,0,-19.08,11.092,0,1031.5
2775,0,-19.09,11.096,0,1032
2776,0.2,-19.1,11.1,0.1,1032.5
2777,0.2,-19.11,11.104,0.1,1033
2778,0,-19.11,11.108,0,1033
2779,0,-19.12,11.112,0,1033.5
2780,0,-19.13,11.116,0,1034
2781,0,-19.13,11.12,0,1034
2782,0,-19.14,11.124,0,1034.5
2783,0.4,-19.15,11.128,0.2,1035
2784,0,-19.15,11.132,0,1035
2785,0,-19.16,11.136,0,1035.5
2786,0,-19.17,11.14,0,1036
2787,0,-19.18,11.144,0,1037
2788,0.2,-19.18,11.148,0.1,1037
2789,0,-19.19,11.152,0,1037.5
2790,0,-19.2,11.156,0,1038
2791,-0.2,-19.2,11.16,-0.1,1038
2792,0,-19.21,11.164,0,1038.5
2793,0,-19.22,11.168,0,1039
2794,0,-19.21,11.172,0,1038.5
2795,0,-19.22,11.176,0,1039
2796,-0.2,-19.23,11.18,-0.1,1039.5
2797,0,-19.24,11.184,0,1040
2798,0.2,-19.24,11.188,0.1,1040
2799,0.2,-19.25,11.192,0.1,1040.5
2800,0,-19.26,11.196,0,1041
2801,-0.2,-19.26,11.2,-0.1,1041
2802,0,-19.27,11.204,0,1041.5
2803,-0.2,-19.28,11.208,-0.1,1042
2804,-0.2,-19.29,11.212,-0.1,1042.5
2805,0,-19.29,11.216,0,1042.5
2806,0.2,-19.3,11.22,0.1,1043
2807,0,-19.31,11.224,0,1044
2808,0,-19.31,11.228,0,1044
2809,0.2,-19.32,11.232,0.1,1044.5
2810,0.2,-19.33,11.236,0.1,1045
2811,0,-19.33,11.24,0,1045
2812,0.4,-19.34,11.244,0.2,1045.5
2813,0.2,-19.35,11.248,0.1,1046
2814,0.2,-19.36,11.252,0.1,1046.5
2815,0,-19.36,11.256,0,1046.5
2816,0,-19.37,11.26,0,1047
2817,0,-19.38,11.264,0,1047.5
2818,-0.2,-19.38,11.268,-0.1,1047.5
2819,-0.2,-19.39,11.272,-0.1,1048
2820,0,-19.4,11.276,0,1048.5
2821,0.6,-19.41,11.28,0.3,1049
2822,0,-19.41,11.284,0,1049
2823,0,-19.42,11.288,0,1049.5
2824,0,-19.43,11.292,0,1050.5
2825,0,-19.43,11.296,0,1050.5
2826,0,-19.44,11.3,0,1051
2827,0.2,-19.45,11.304,0.1,1051.5
2828,0,-19.45,11.308,0,1051.5
2829,0,-19.46,11.312,0,1052
2830,0,-19.47,11.316,0,1052.5
2831,0,-19.48,11.32,0,1053
2832,-0.2,-19.48,11.324,-0.1,1053
2833,0,-19.49,11.328,0,1053.5
2834,-0.2,-19.5,11.332,-0.1,1054
2835,0,-19.5,11.336,0,1054
2836,0.2,-19.51,11.34,0.1,1054.5
2837,0,-19.52,11.344,0,1055
2838,0,-19.52,11.348,0,1055
2839,0,-19.53,11.352,0,1055.5
2840,-0.2,-19.54,11.356,-0.1,1056
2841,0,-19.55,11.36,0,1057
2842,0.2,-19.55,11.364,0.1,1057
2843,0.6,-19.56,11.368,0.3,1057.5
2844,0,-19.57,11.372,0,1058
2845,0,-19.57,11.376,0,1058
2846,0,-19.58,11.38,0,1058.5
2847,0,-19.59,11.384,0,1059
2848,0,-19.6,11.388,0,1059.5
2849,-0.2,-19.6,11.392,-0.1,1059.5
2850,0,-19.61,11.396,0,1060
2851,0,-19.62,11.4,0,1060.5
2852,-0.4,-19.62,11.404,-0.2,1060.5
2853,0.2,-19.63,11.408,0.1,1061
2854,-0.2,-19.64,11.412,-0.1,1061.5
2855,0,-19.64,11.416,0,1061.5
2856,0,-19.65,11.42,0,1062
2857,0,-19.66,11.424,0,1062.5
2858,0.2,-19.67,11.428,0.1,1063
2859,0,-19.67,11.432,0,1063
2860,0,-19.68,11.436,0,1064
2861,0,-19.69,11.44,0,1064.5
2862,0.2,-19.7,11.444,0.1,1065
2863,-0.2,-19.7,11.448,-0.1,1065
2864,-0.2,-19.71,11.452,-0.1,1065.5
2865,0,-19.71,11.456,0,1065.5
2866,0,-19.72,11.46,0,1066
2867,0,-19.73,11.464,0,1066.5
2868,0,-19.74,11.468,0,1067
2869,0,-19.74,11.472,0,1067
2870,0.2,-19.75,11.476,0.1,1067.5
2871,0,-19.76,11.48,0,1068
2872,0,-19.76,11.484,0,1068
2873,0.2,-19.77,11.488,0.1,1068.5
2874,0.2,-19.78,11.492,0.1,1069
2875,0.2,-19.79,11.496,0.1,1069.5
2876,0,-19.79,11.5,0,1069.5
2877,0,-19.8,11.504,0,1070.5
2878,-0.2,-19.81,11.508,-0.1,1071
2879,-0.2,-19.81,11.512,-0.1,1071
2880,-0.2,-19.82,11.516,-0.1,1071.5
2881,-0.2,-19.83,11.52,-0.1,1072
2882,-0.2,-19.83,11.524,-0.1,1072
2883,-0.2,-19.84,11.528,-0.1,1072.5
2884,0,-19.85,11.532,0,1073
2885,-0.2,-19.86,11.536,-0.1,1073.5
2886,0,-19.86,11.54,0,1073.5
2887,0,-19.87,11.544,0,1074
2888,0,-19.88,11.548,0,1074.5
2889,0,-19.89,11.552,0,1075
2890,0,-19.89,11.556,0,1075
2891,-0.2,-19.9,11.56,-0.1,1075.5
2892,0,-19.9,11.564,0,1075.5
2893,-0.2,-19.91,11.568,-0.1,1076
2894,0,-19.92,11.572,0,1077
2895,0.4,-19.93,11.576,0.2,1077.5
2896,0,-19.93,11.58,0,1077.5
2897,0,-19.94,11.584,0,1078
2898,0.2,-19.95,11.588,0.1,1078.5
2899,0,-19.95,11.592,0,1078.5
2900,0,-19.96,11.596,0,1079
2901,-0.2,-19.97,11.6,-0.1,1079.5
2902,-0.2,-19.98,11.604,-0.1,1080
2903,0,-19.98,11.608,0,1080
2904,0,-19.99,11.612,0,1080.5
2905,0,-20,11.616,0,1081
2906,0,-20,11.62,0,1081
2907,0,-20.01,11.624,0,1081.5
2908,-0.6,-20.02,11.628,-0.3,1082
2909,-0.2,-20.02,11.632,-0.1,1082
2910,-0.2,-20.03,11.636,-0.1,1082.5
2911,0,-20.04,11.64,0,1083
2912,0.2,-20.05,11.644,0.1,1084
2913,0,-20.05,11.648,0,1084
2914,0,-20.06,11.652,0,1084.5
2915,0,-20.07,11.656,0,1085
2916,0,-20.07,11.66,0,1085
2917,0,-20.08,11.664,0,1085.5
2918,0,-20.09,11.668,0,1086
2919,0.4,-20.09,11.672,0.2,1086
2920,0.2,-20.1,11.676,0.1,1086.5
2921,0,-20.11,11.68,0,1087
2922,0,-20.12,11.684,0,1087.5
2923,0,-20.12,11.688,0,1087.5
2924,0,-20.13,11.692,0,1088
2925,-0.2,-20.14,11.696,-0.1,1088.5
2926,0,-20.15,11.7,0,1089
2927,0,-20.15,11.704,0,1089
2928,-0.2,-20.16,11.708,-0.1,1089.5
2929,0,-20.17,11.712,0,1090.5
2930,0,-20.17,11.716,0,1090.5
2931,0,-20.18,11.72,0,1091
2932,0,-20.19,11.724,0,1091.5
2933,0,-20.19,11.728,0,1091.5
2934,0,-20.2,11.732,0,1092
2935,0,-20.21,11.736,0,1092.5
2936,-0.2,-20.22,11.74,-0.1,1093
2937,0,-20.22,11.744,0,1093
2938,0,-20.23,11.748,0,1093.5
2939,0.2,-20.24,11.752,0.1,1094
2940,0,-20.24,11.756,0,1094
2941,0,-20.25,11.76,0,1094.5
2942,-0.2,-20.26,11.764,-0.1,1095
2943,0.4,-20.27,11.768,0.2,1095.5
2944,0.4,-20.27,11.772,0.2,1095.5
2945,0.2,-20.28,11.776,0.1,1096
2946,0,-20.28,11.78,0,1096
2947,-0.2,-20.29,11.784,-0.1,1097
2948,-0.2,-20.3,11.788,-0.1,1097.5
2949,0,-20.31,11.792,0,1098
2950,0,-20.31,11.796,0,1098
2951,-0.4,-20.32,11.8,-0.2,1098.5
2952,0,-20.33,11.804,0,1099
2953,0,-20.34,11.808,0,1099.5
2954,0,-20.34,11.812,0,1099.5
2955,0,-20.35,11.816,0,1100
2956,-0.2,-20.36,11.82,-0.1,1100.5
2957,-0.2,-20.36,11.824,-0.1,1100.5
2958,0,-20.37,11.828,0,1101
2959,-0.2,-20.38,11.832,-0.1,1101.5
2960,-0.2,-20.38,11.836,-0.1,1101.5
2961,0,-20.39,11.84,0,1102
2962,0,-20.4,11.844,0,1102.5
2963,0.2,-20.4,11.848,0.1,1102.5
2964,0,-20.41,11.852,0,1103
2965,0,-20.42,11.856,0,1104
2966,0,-20.43,11.86,0,1104.5
2967,-0.2,-20.43,11.864,-0.1,1104.5
2968,0,-20.44,11.868,0,1105
2969,0.2,-20.45,11.872,0.1,1105.5
2970,0,-20.45,11.876,0,1105.5
2971,0,-20.46,11.88,0,1106
2972,0,-20.47,11.884,0,1106.5
2973,0,-20.47,11.888,0,1106.5
2974,0,-20.48,11.892,0,1107
2975,0.2,-20.49,11.896,0.1,1107.5
2976,0.4,-20.5,11.9,0.2,1108
2977,0,-20.5,11.904,0,1108
2978,0,-20.51,11.908,0,1108.5
2979,0,-20.52,11.912,0,1109
2980,0,-20.52,11.916,0,1109
2981,0,-20.53,11.92,0,1109.5
2982,-0.4,-20.54,11.924,-0.2,1110.5
2983,0,-20.54,11.928,0,1110.5
2984,-0.2,-20.55,11.932,-0.1,1111
2985,0,-20.56,11.936,0,1111.5
2986,0.2,-20.57,11.94,0.1,1112
2987,-0.2,-20.57,11.944,-0.1,1112
2988,-0.4,-20.58,11.948,-0.2,1112.5
2989,-0.2,-20.59,11.952,-0.1,1113
2990,0,-20.59,11.956,0,1113
2991,0.2,-20.6,11.96,0.1,1113.5
2992,0,-20.61,11.964,0,1114
2993,0,-20.61,11.968,0,1114
2994,0,-20.62,11.972,0,1114.5
2995,0,-20.63,11.976,0,1115
2996,0,-20.64,11.98,0,1115.5
2997,0,-20.64,11.984,0,1115.5
2998,0,-20.65,11.988,0,1116
2999,0,-20.66,11.992,0,1117
3000,0,-20.66,11.996,0,1117
3001,0.2,-20.67,12,0.1,1117.5
3002,0,-20.68,12.004,0,1118
3003,0,-20.69,12.008,0,1118.5
3004,0.2,-20.69,12.012,0.1,1118.5
3005,0,-20.7,12.016,0,1119
3006,0,-20.71,12.02,0,1119.5
3007,-0.2,-20.71,12.024,-0.1,1119.5
3008,-0.2,-20.72,12.028,-0.1,1120
3009,-0.4,-20.73,12.032,-0.2,1120.5
3010,0,-20.73,12.036,0,1120.5
3011,0.2,-20.74,12.04,0.1,1121
3012,0,-20.75,12.044,0,1121.5
3013,0,-20.76,12.048,0,1122
3014,0.2,-20.76,12.052,0.1,1122
3015,0.2,-20.77,12.056,0.1,1122.5
3016,0.2,-20.78,12.06,0.1,1123
3017,0.2,-20.78,12.064,0.1,1123
3018,0.8,-20.79,12.068,0.4,1124
3019,0.6,-20.8,12.072,0.3,1124.5
3020,1,-20.8,12.076,0.5,1124.5
3021,1.6,-20.81,12.08,0.8,1125
3022,2.2,-20.82,12.084,1.1,1125.5
3023,2.6,-20.83,12.088,1.3,1126
3024,3.4,-20.83,12.092,1.7,1126
3025,4,-20.84,12.096,2,1126.5
3026,5.4,-20.84,12.1,2.8,1126.5
3027,6,-20.85,12.104,3.1,1127
3028,7.2,-20.86,12.108,3.7,1127.5
3029,8.4,-20.86,12.112,4.3,1127.5
3030,9.4,-20.87,12.116,4.8,1128
3031,10.8,-20.87,12.12,5.5,1128
3032,11.8,-20.88,12.124,6,1128.5
3033,13.6,-20.89,12.128,6.9,1129
3034,15.2,-20.89,12.132,7.8,1129
3035,17.2,-20.9,12.136,8.8,1129.5
3036,19.4,-20.9,12.14,9.9,1129.5
3037,21.4,-20.91,12.144,10.9,1130.5
3038,23.6,-20.91,12.148,12,1130.5
3039,25.8,-20.92,12.152,13.2,1131
3040,27.6,-20.92,12.156,14.1,1131
3041,29.4,-20.93,12.16,15,1131.5
3042,31.4,-20.93,12.164,16,1131.5
3043,33.2,-20.94,12.168,16.9,1132
3044,34.6,-20.94,12.172,17.6,1132
3045,35.4,-20.95,12.176,18.1,1132.5
3046,35.8,-20.96,12.18,18.3,1133
3047,36.6,-20.96,12.184,18.7,1133
3048,36.6,-20.97,12.188,18.7,1133.5
3049,36.4,-20.98,12.192,18.6,1134
3050,36.4,-20.98,12.196,18.6,1134
3051,28.6,-21,12.2,14.6,1135
3052,24,-21.01,12.204,12.2,1135.5
3053,23.4,-21.02,12.208,11.9,1136
3054,23.6,-21.02,12.212,12,1136
3055,24.4,-21.03,12.216,12.4,1137
3056,25.2,-21.04,12.22,12.9,1137.5
3057,26.2,-21.04,12.224,13.4,1137.5
3058,27.8,-21.05,12.228,14.2,1138
3059,30,-21.05,12.232,15.3,1138
3060,32.2,-21.06,12.236,16.4,1138.5
3061,34.4,-21.06,12.24,17.5,1138.5
3062,35.6,-21.07,12.244,18.2,1139
3063,33.4,-21.08,12.248,17,1139.5
3064,30.6,-21.09,12.252,15.6,1140
3065,29.4,-21.1,12.256,15,1140.5
3066,30.2,-21.1,12.26,15.4,1140.5
3067,31.2,-21.11,12.264,15.9,1141
3068,32.4,-21.11,12.268,16.5,1141
3069,32.8,-21.12,12.272,16.7,1141.5
3070,33.6,-21.13,12.276,17.1,1142
3071,34.2,-21.13,12.28,17.4,1142
3072,34.8,-21.14,12.284,17.7,1142.5
3073,35.4,-21.15,12.288,18.1,1143
3074,35.6,-21.15,12.292,18.2,1143
3075,36.2,-21.16,12.296,18.5,1144
3076,37,-21.16,12.3,18.9,1144
3077,36.8,-21.17,12.304,18.8,1144.5
3078,36.8,-21.18,12.308,18.8,1145
3079,36.6,-21.19,12.312,18.7,1145.5
3080,36.2,-21.19,12.316,18.5,1145.5
3081,26.2,-21.21,12.32,13.4,1146.5
3082,19.8,-21.22,12.324,10.1,1147
3083,18.4,-21.23,12.328,9.4,1147.5
3084,18.2,-21.24,12.332,9.3,1148
3085,18.4,-21.24,12.336,9.4,1148
3086,18.6,-21.25,12.34,9.5,1148.5
3087,18.8,-21.26,12.344,9.6,1149
3088,18.8,-21.27,12.348,9.6,1149.5
3089,19,-21.27,12.352,9.7,1149.5
3090,18.8,-21.28,12.356,9.6,1150.5
3091,19,-21.28,12.36,9.7,1150.5
3092,19,-21.29,12.364,9.7,1151
3093,19.8,-21.3,12.368,10.1,1151.5
3094,19.8,-21.31,12.372,10.1,1152
3095,20,-21.31,12.376,10.2,1152
3096,20.4,-21.32,12.38,10.4,1152.5
3097,21,-21.33,12.384,10.7,1153
3098,21.6,-21.33,12.388,11,1153
3099,22.4,-21.34,12.392,11.4,1153.5
3100,23,-21.35,12.396,11.7,1154
3101,22.4,-21.35,12.4,11.4,1154
3102,23.2,-21.36,12.404,11.8,1154.5
3103,24,-21.36,12.408,12.2,1154.5
3104,24.6,-21.37,12.412,12.5,1155
3105,25.4,-21.38,12.416,13,1155.5
3106,26.8,-21.38,12.42,13.7,1155.5
3107,28,-21.39,12.424,14.3,1156
3108,29.4,-21.39,12.428,15,1156
3109,30.4,-21.4,12.432,15.5,1157
3110,31.4,-21.41,12.436,16,1157.5
3111,31.4,-21.41,12.44,16,1157.5
3112,31.8,-21.42,12.444,16.2,1158
3113,30.6,-21.43,12.448,15.6,1158.5
3114,29.8,-21.44,12.452,15.2,1159
3115,28.6,-21.44,12.456,14.6,1159
3116,28,-21.45,12.46,14.3,1159.5
3117,27.6,-21.46,12.464,14.1,1160
3118,27.8,-21.46,12.468,14.2,1160
3119,28.4,-21.47,12.472,14.5,1160.5
3120,28.6,-21.48,12.476,14.6,1161
3121,28.8,-21.49,12.48,14.7,1161.5
3122,29.2,-21.49,12.484,14.9,1161.5
3123,29.2,-21.5,12.488,14.9,1162
3124,29.8,-21.51,12.492,15.2,1162.5
3125,30.4,-21.51,12.496,15.5,1162.5
3126,30.8,-21.52,12.5,15.7,1163
3127,30.6,-21.53,12.504,15.6,1164
3128,29.8,-21.53,12.508,15.2,1164
3129,28.6,-21.54,12.512,14.6,1164.5
3130,28,-21.55,12.516,14.3,1165
3131,27.8,-21.55,12.52,14.2,1165
3132,28,-21.56,12.524,14.3,1165.5
3133,27.4,-21.57,12.528,14,1166
3134,27.4,-21.58,12.532,14,1166.5
3135,27.4,-21.58,12.536,14,1166.5
3136,27.2,-21.59,12.54,13.9,1167
3137,25.8,-21.59,12.544,13.2,1167
3138,24.8,-21.59,12.548,12.6,1167
3139,24,-21.59,12.552,12.2,1167
3140,23.6,-21.59,12.556,12,1167
3141,23.2,-21.59,12.56,11.8,1167
3142,22.6,-21.59,12.564,11.5,1167
3143,22.4,-21.59,12.568,11.4,1167
3144,22.2,-21.59,12.572,11.3,1167
3145,21.8,-21.59,12.576,11.1,1167
3146,21.4,-21.59,12.58,10.9,1167
3147,21.4,-21.59,12.584,10.9,1167
3148,21.4,-21.59,12.588,10.9,1167
3149,21,-21.59,12.592,10.7,1167
3150,21,-21.59,12.596,10.7,1167
3151,20.8,-21.59,12.6,10.6,1167
3152,20.8,-21.59,12.604,10.6,1167
3153,20.6,-21.59,12.608,10.5,1167
3154,20.6,-21.59,12.612,10.5,1167
3155,20.4,-21.59,12.616,10.4,1167
3156,20.4,-21.59,12.62,10.4,1167
3157,20.4,-21.59,12.624,10.4,1167
3158,20.2,-21.59,12.628,10.3,1167
3159,20,-21.59,12.632,10.2,1167
3160,20,-21.59,12.636,10.2,1167
3161,20.2,-21.59,12.64,10.3,1167
3162,20,-21.59,12.644,10.2,1167
3163,20,-21.59,12.648,10.2,1167
3164,19.6,-21.59,12.652,10,1167
3165,19.8,-21.59,12.656,10.1,1167
3166,19.8,-21.59,12.66,10.1,1167
3167,19.6,-21.59,12.664,10,1167
3168,19.6,-21.59,12.668,10,1167
3169,19.8,-21.59,12.672,10.1,1167
3170,19.4,-21.59,12.676,9.9,1167
3171,19.6,-21.59,12.68,10,1167
3172,19.6,-21.59,12.684,10,1167
3173,19.2,-21.59,12.688,9.8,1167
3174,19.2,-21.59,12.692,9.8,1167
