name,max.slope,max.strain,max.score,inflection.slope,inflection.strain,inflection.score,fds.slope,fds.strain,fds.score
PF01CP1,131.8960786125102,0.078,0.23558987519500155,131.89593309060967,0.0779,0.2356234147861679,130.4748691874883,0.0844,0.24999682288899586
PF01CP2,211.7136970193783,0.19870000000000002,0.6980146388118783,165.08644504242704,0.0434,0.3139326190318578,163.99505895462931,0.043000000000000003,0.3072557663025367
PF01CP3,79.32236815357922,0.038200000000000005,0.20014514640296635,79.32225833976187,0.0381,0.20023672563749137,76.09402569746541,0.037700000000000004,0.17744156143850962
PF01CP4,153.55559231764062,0.0541,0.3430976834112935,153.55544956071464,0.054,0.34418574760699044,151.743224239382,0.054200000000000005,0.2912750663007973
PF01LT1,43.27426831529172,0.08220000000000001,0.3370479272170741,43.27426831529172,0.08220000000000001,0.3370479272170741,43.590896471125795,0.08030000000000001,0.3486675272763024
PF01MT1,113.61780478466731,0.1584,0.9965577196357499,95.37786169272385,0.044500000000000005,0.3336185705961947,103.9520443568693,0.0761,0.2857341832088173
PF01MT2,235.07926171365443,0.11330000000000001,0.689785247302622,172.0718126504868,0.0533,0.4542391941333159,169.35780045275382,0.049,0.45133314339871866
PF01MT3,139.6838462089082,0.0688,0.36832684755669876,139.68366699698592,0.0687,0.36918236410617333,121.79281492244473,0.0873,0.27326286624175883
PF01UT1,199.78462356231398,0.1807,0.7025432012374803,191.7661392687973,0.0438,0.4454358055384552,194.9226045050523,0.0395,0.40399431065520813
PF01UT2,170.52894921362667,0.1993,0.5741844050426932,97.82220912329622,0.0426,0.4186806945455711,146.6796954193684,0.098,0.29795534396125306
PF01UT3,218.3938787384449,0.0466,0.4973769315536403,218.39210116171017,0.0465,0.4970941387815708,225.42977837919386,0.0442,0.49963225212234647
PF01UT4,147.7936095995798,0.0574,0.28458428367233857,147.7936095995798,0.0574,0.28458428367233857,143.5068385147279,0.053000000000000005,0.27298849261480057
PF02CP1,83.12179352276523,0.1278,0.3348958511500087,83.12179352276523,0.1278,0.3348958511500087,82.98519434026636,0.12710000000000002,0.34309233760123087
PF02CP2,189.3509584431561,0.19540000000000002,0.6568298132962652,146.80592046224544,0.060500000000000005,0.370163828057346,139.95126245364918,0.0637,0.37567525360437165
PF02LT1,161.48018597142465,0.0444,0.41997730184198,161.4798278107564,0.0443,0.4196922326719874,155.99315530700542,0.045000000000000005,0.39425816837380306
PF02LT2,147.28308220863119,0.046200000000000005,0.4670128385361831,147.2821281091139,0.0461,0.4667498697234224,137.27870738516066,0.0495,0.4161872896520221
PF02LT3,155.55286408581497,0.0408,0.43920392286757787,155.55286408581497,0.0408,0.43920392286757787,152.71635147654777,0.0437,0.4521589858760716
PF02MT1,399.65820940507285,0.198,1.3474068656022593,106.2604158055045,0.0455,0.5085260557031485,101.19258068417346,0.0558,0.5384473788137061
PF02MT2,99.86107722071031,0.049300000000000004,0.35310780052612345,99.86083720123295,0.0492,0.35288906732612474,97.36379618443112,0.0546,0.31493964853119166
PF02MT3,149.8166372811299,0.0646,0.22897908581595702,149.8166372811299,0.0646,0.22897908581595702,146.52209729040234,0.0658,0.1991112717303256
PF02MT4,191.1660967131148,0.035,0.5567375788453451,191.1660967131148,0.035,0.5567375788453451,187.05282977237118,0.032600000000000004,0.5515202724100934
PF02UT1,215.3396351090161,0.0801,0.35365664931759266,215.3394869929544,0.08,0.3534543621724894,176.15816233266654,0.09380000000000001,0.40551604525183715
PF02UT2,197.85134296205712,0.0703,0.3899382561754621,197.85134296205712,0.0703,0.3899382561754621,196.0420217089312,0.06960000000000001,0.3985832505513106
PF02UT3,422.8117089311761,0.1587,0.7880510449656428,12.79159826737056,0.015300000000000001,0.7561434874017344,0.7944475297712015,0.0287,23.133977340162723
PF02UT4,162.93162710283752,0.13340000000000002,0.3352249554203397,32.439990672475886,0.02,0.8813652300611658,156.5995369797432,0.1318,0.3217424203562987
PF03CP1,172.51099828873896,0.037000000000000005,0.4130381571865195,172.51099828873896,0.037000000000000005,0.4130381571865195,155.00751443891937,0.0373,0.3765734903294393
PF03CP2,180.9417356479487,0.0487,0.34330821252970795,180.9417356479487,0.0487,0.34330821252970795,158.6768227844863,0.0533,0.31948994386681745
PF03CP3,144.1340474855645,0.037700000000000004,0.2603917231601516,144.1340474855645,0.037700000000000004,0.2603917231601516,137.29503009266173,0.041100000000000005,0.26795610159800476
PF03CP4,161.53052281477952,0.0395,0.2272729053323113,161.53052281477952,0.0395,0.2272729053323113,145.5389096106874,0.034300000000000004,0.17480505565390275
PF03LT1,93.0353235908285,0.0262,0.3823605598876385,93.0353235908285,0.0262,0.3823605598876385,88.66423839717356,0.0337,0.38483464191319067
PF03LT2,207.9175760982892,0.18480000000000002,0.8443118769575789,59.10818892902562,0.038200000000000005,0.42061969743929434,56.85968372598478,0.038400000000000004,0.4267194455135592
PF03LT3,213.13977659518193,0.16820000000000002,0.7101615367104418,162.67434905060438,0.043500000000000004,0.5491614058570724,145.48882613663966,0.0475,0.5308564152980549
PF03MT1,51.636451451341706,0.0264,0.4922572092736061,51.636451451341706,0.0264,0.4922572092736061,44.0639153214222,0.031,0.6095012169165578
PF03MT2,146.45109071886782,0.055200000000000006,0.5683253205267979,146.45109071886782,0.055200000000000006,0.5683253205267979,143.00684713554313,0.053500000000000006,0.5658320540346923
PF03MT3,90.50041262714313,0.0189,0.35624362685910504,90.49926258147404,0.0188,0.35623809763720454,78.6314409843605,0.020300000000000002,0.25252922610398215
PF03UT1,127.91219751307074,0.09480000000000001,0.4422484939840808,38.3131264271575,0.0152,0.24634068015500907,108.85170414409998,0.1077,0.2804729371006949
PF03UT2,117.19248679249547,0.0942,0.4399435710143596,35.33636729856449,0.0149,0.24624107436873544,98.79070261685165,0.1091,0.26449478426734657
PF03UT3,196.30680663729035,0.0878,0.19876287694162745,196.30680663729035,0.0878,0.19876287694162745,178.38645051582387,0.0882,0.15565267362121757
PF04CP1,172.02533340620502,0.0391,0.3643117215329027,172.0252446545472,0.039,0.3642056638256896,168.79463765899635,0.0344,0.3504268630047048
PF04CP2,188.04994523329486,0.059300000000000005,0.44841107325532137,188.0498004683673,0.0592,0.4484819033853088,177.416261379494,0.0545,0.4245198720333253
PF04CP3,110.42237789989615,0.07490000000000001,0.336601666374935,110.42237789989615,0.07490000000000001,0.336601666374935,106.7861640756359,0.077,0.3524718282441004
PF04LT1,104.94804006809647,0.037700000000000004,0.5662070143723557,104.94804006809647,0.037700000000000004,0.5662070143723557,98.2799501239414,0.0357,0.5478352087875814
PF04MT1,257.800490021267,0.19870000000000002,0.6773348089771167,155.22829138236278,0.0482,0.5124323186300173,154.849179848045,0.0463,0.49111784048832663
PF04MT2,136.64938953709114,0.0369,0.5259480123011895,136.64938953709114,0.0369,0.5259480123011895,135.2870801631377,0.0324,0.5100245274627845
PF04UT1,96.43719591697908,0.10780000000000001,0.2138705348713702,96.43717744607726,0.1077,0.21314270055817428,96.719127627025685,0.11510000000000001,0.2851954301500557
PF04UT2,112.12040806838216,0.157,0.2882594072592991,38.90803936111742,0.0281,0.33400971720875566,36.447118015732585,0.0297,0.30937882737901506
PF04UT3,131.24840434996702,0.16190000000000002,0.3198441292030051,14.24774361862236,0.0268,0.3051050461280266,14.03543068299981,0.028200000000000003,0.3665079551488489
PF05CP1,110.11443791853736,0.10700000000000001,0.26877471365677824,40.363021991705914,0.024300000000000002,0.7338000455503061,101.90371149460489,0.1169,0.35242227065600207
PF05CP2,158.94459383578695,0.044700000000000004,0.38600615383786757,158.94459383578695,0.044700000000000004,0.38600615383786757,147.61629972280332,0.0492,0.3598698222843903
PF05CP3,143.90751355913764,0.0627,0.3106585349742505,143.90723914064543,0.0626,0.31086668245831534,137.17689634580162,0.061900000000000004,0.2799138442134972
PF05LT1,134.35569787605561,0.058600000000000006,0.4209180019572438,134.35569787605561,0.058600000000000006,0.4209180019572438,126.85300773657272,0.0614,0.39018387934627363
PF05LT2,172.75105839271316,0.0523,0.46373684691361544,172.7506764798662,0.0522,0.4639921338524384,166.95426948566168,0.0533,0.4373238234156822
PF05LT3,143.58108365980735,0.07780000000000001,0.3434849958245847,143.58035207226462,0.0777,0.34350384581912535,136.92737785886365,0.07880000000000001,0.3317828248070145
PF05MT1,127.53298766664605,0.0631,0.4197191863754671,127.53298766664605,0.0631,0.4197191863754671,122.21245989161915,0.0664,0.43037162536552764
PF05MT2,159.63230488072054,0.046900000000000004,0.4409077059122834,159.6316455421325,0.0468,0.44056546656389134,155.1497167891003,0.0499,0.4329064673736422
PF05UT1,250.47992647698499,0.0645,0.4115704835902813,250.47992647698499,0.0645,0.4115704835902813,222.6749812960614,0.07010000000000001,0.3358618387482321
PF05UT2,124.21336732758874,0.1126,0.2639128050750094,72.21330860136604,0.0711,0.4532141333294704,16.861039787622985,0.0164,1.521569768204815
PF05UT3,93.85663453983429,0.1226,0.23721789455456738,15.841213207392721,0.036000000000000004,0.8404532226977317,14.018461013007487,0.015600000000000001,0.2653403995877527
PF06CP1,85.08946751728986,0.09000000000000001,0.3154577020901419,59.51197961912893,0.0419,0.3623252820508633,57.141794868578465,0.039,0.33423686515512574
PF06CP2,113.14985000987862,0.0597,0.35279255068580984,113.1497242463598,0.0596,0.3529456996793943,106.85767619367152,0.061500000000000006,0.32635721420987907
PF06CP3,169.82936706828008,0.0505,0.4041401340577457,169.82907313714483,0.0504,0.4048996417554378,160.98551376093866,0.0427,0.35269913686391224
PF06CP4,101.06123198881828,0.0668,0.2405155501971968,101.06123198881828,0.0668,0.2405155501971968,94.57155822283204,0.0603,0.19413890206285617
PF06LT1,177.81284574067553,0.076,0.53731496422339,27.990292539312705,0.0183,2.1549903408821294,170.35064943522505,0.0786,0.5106779642752897
PF06LT2,162.43433363075337,0.0373,0.4733063315326897,162.43433363075337,0.0373,0.4733063315326897,155.1523632074735,0.035500000000000004,0.46449995828528134
PF06LT3,159.28056106641594,0.043000000000000003,0.519649870806003,159.28001213599958,0.0429,0.5192472406043234,146.68206481817538,0.0487,0.5159927111611452
PF06MT1,246.75734137021732,0.19870000000000002,0.8592241805262658,163.42062012995925,0.0391,0.5427918858501034,162.78395868864567,0.0366,0.5366777863027904
PF06MT2,426.6315499897342,0.0711,0.7185672128464068,172.1515052389886,0.0179,0.8673223033047188,34.65737518106095,0.028,7.875715429890244
PF06MT3,131.8889217233735,0.046200000000000005,0.45297678073555264,131.88849650908585,0.0461,0.4528238793087849,124.85853494975335,0.051500000000000004,0.4217324451543173
PF06MT4,136.04609785758487,0.0712,0.4948181956042174,136.04532686514648,0.0711,0.495198764679734,11.12388891919562,0.0171,5.656362076239495
PF06UT1,121.21426716495914,0.138,0.47740268380527706,47.74935264137981,0.0849,0.5006508654708838,44.33913656319314,0.08320000000000001,0.50756699661479
PF06UT2,114.4932439120539,0.057600000000000005,0.4560112597708716,114.4932439120539,0.057600000000000005,0.4560112597708716,112.59012007598102,0.058800000000000005,0.43573349370645387
PF06UT3,125.9631288974779,0.0855,0.41168647772312117,125.9631288974779,0.0855,0.41168647772312117,122.83201537284195,0.0877,0.4004259342834773
PF07CP1,58.193606163044414,0.0636,0.25166982013949446,37.91048071667629,0.0182,0.267878866011582,55.52493947084365,0.0634,0.22575011175559426
PF07CP2,80.7580616856167,0.08900000000000001,0.42782758099364515,44.71987332351741,0.038200000000000005,0.31471966318935657,61.58289343421466,0.1008,0.4396169322591189
PF07CP3,59.48858017854832,0.06420000000000001,0.2858502637330974,59.48858017854832,0.06420000000000001,0.2858502637330974,51.09823025805633,0.0729,0.26730368631837836
PF07LT1,27.7560499116045,0.018500000000000003,0.5184439798506507,27.7560499116045,0.018500000000000003,0.5184439798506507,22.162995038033667,0.0171,0.4716081430044418
PF07LT2,76.68785723050468,0.0412,0.5061900061345794,76.68756346497189,0.041100000000000005,0.5052682490049476,72.95456728138731,0.043300000000000005,0.5765193764710446
PF07LT3,64.96772748272643,0.0371,0.7516453563292594,64.9669557913587,0.037000000000000005,0.7503389127673636,40.277424479364086,0.0476,0.96207579956425
PF07MT1,108.4021878929872,0.044500000000000005,0.45430637135623175,108.40181616022184,0.0444,0.45372456398067673,103.04131155743748,0.046400000000000004,0.4502275584160167
PF07MT2,79.86173911717349,0,0.4907649674820347,54.63493844823841,0.0514,0.27761015351160934,51.3224959766819,0.0655,0.32230772061926394
PF07MT3,69.81788544746661,0.1585,0.5025175839223798,56.971451062979135,0.0494,0.23118041749871904,53.15934819594436,0.058100000000000006,0.24161760659873543
PF07UT1,149.49991716947466,0.0472,0.504060906856645,149.49991716947466,0.0472,0.504060906856645,142.51421126874212,0.048100000000000004,0.503998841952053
PF07UT2,119.4446940071331,0.0477,0.4624360027693578,119.4446940071331,0.0477,0.4624360027693578,110.43587657336667,0.0563,0.48214843651325595
PF07UT3,114.49929200354013,0.0517,0.3410950738595848,114.49926267234295,0.0516,0.34117111620751706,98.02444109466205,0.058100000000000006,0.29072915257673954
PF07UT4,92.67506752654847,0.1625,0.42114595435935226,50.695997594184306,0.0247,0.4923993544284476,53.58894366282574,0.058,0.1936807979243235
PF08CP1,107.96813371852949,0.022500000000000003,0.25230607176923997,107.96813371852949,0.022500000000000003,0.25230607176923997,111.99121188972806,0.020900000000000002,0.2024839911429135
PF08CP2,106.45658462492982,0.0217,0.3512505312044943,106.45658462492982,0.0217,0.3512505312044943,98.7115238979451,0.0263,0.32303702622593333
PF08CP3,116.06063820385579,0.049300000000000004,0.38551636064526007,116.06063820385579,0.049300000000000004,0.38551636064526007,109.14710789195412,0.0603,0.3004396916214729
PF08LT1,202.8980369708086,0.042300000000000004,0.5034070397909475,202.8980369708086,0.042300000000000004,0.5034070397909475,211.6418629646027,0.0378,0.5147600125488058
PF08LT2,8.613573620646628,0,0.6931263719507286,2.2396023668653324,0.0632,0.31957801349888587,3.6948058623915427,0.0114,0.686209282592937
PF08LT3,83.20638015368506,0.016,0.4237930916581612,83.20499445958852,0.0159,0.42346422017764135,81.39796691242283,0.0145,0.4273594608258587
PF08MT1,118.91528240398354,0.0585,0.3438411186669067,109.6503055715263,0.020800000000000003,0.24787061647187403,97.41088835962252,0.0322,0.2052130519943754
PF08MT2,161.35899653100697,0.050800000000000005,0.5665173892583865,161.3585399748114,0.0507,0.5663972967018022,167.09989616058297,0.0477,0.5644889125386301
PF08MT3,225.9309591440204,0.108,1.3542916797285014,209.1329184104172,0.031900000000000005,0.5289054023525745,197.02940652792185,0.0347,0.5033394865655497
PF08UT1,178.18554868577533,0.0718,0.48481032473785735,178.18532845326945,0.0717,0.4852945274756505,175.38020747989452,0.0748,0.45955234238415654
PF08UT2,150.1227692672078,0.0495,0.46075506808303895,150.1227692672078,0.0495,0.46075506808303895,150.9365111061173,0.0531,0.4675805166593144
PF08UT3,114.00938809655719,0.0843,0.3914762744988852,114.00938809655719,0.0843,0.3914762744988852,114.70595060728883,0.0844,0.40734396193692013
PF08UT4,195.87815842334072,0.09340000000000001,0.4661776896440754,195.87815842334072,0.09340000000000001,0.4661776896440754,21.432468887636247,0.0149,2.4693093549009584
PF09CP1,199.47711005008068,0.19999999999999982,0.6517015121762151,178.37007415352437,0.0227,0.45627232607975543,151.42404083218204,0.028300000000000002,0.3930034142365003
PF09CP2,126.46128477053665,0.054200000000000005,0.4373333782390549,126.4605227160756,0.0541,0.4373351691454546,122.02644347812597,0.0504,0.4221783546777678
PF09CP3,75.93532042555555,0.055,0.2646087743402581,75.93532042555555,0.055,0.2646087743402581,70.14366235328492,0.0599,0.2313750464156885
PF09LT1,66.67230741289205,0.1999999999999993,1.573366009482972,66.14366968440041,0.0378,0.27835115469276683,55.41434100998139,0.050800000000000005,0.2573981613674619
PF09LT2,26.440812557511094,0.1782,0.15708872531749193,23.04641966232266,0.0204,0.5391379333804474,20.655553642900053,0.0217,0.5369108906269178
PF09LT3,84.66425223933054,0.0454,0.3443694988262596,84.66380411381826,0.0453,0.3444283034727986,75.81894518161897,0.054900000000000004,0.20627962903741714
PF09MT1,48.58261923753297,0.040400000000000005,0.4505119429909808,48.58213056941834,0.0403,0.4502577725962512,45.30867858698683,0.0439,0.4158964240017055
PF09MT2,100.60662074812898,0.023200000000000002,0.4498773851133733,100.60662074812898,0.023200000000000002,0.4498773851133733,96.40817877474042,0.027600000000000003,0.4655400636980894
PF09MT3,68.9056057654658,0.0529,0.36608896823592724,68.9056057654658,0.0529,0.36608896823592724,66.93067441961263,0.054400000000000004,0.34726404194023053
PF09UT1,152.0858154990322,0.0575,0.4252533897157743,152.0854706417395,0.0574,0.42541468524125853,143.75816040923974,0.0545,0.4076616306232134
PF09UT2,315.6802655545626,0.1092,0.8371331481656288,176.1277731811475,0.0545,0.5064037160637263,161.72549255340553,0.051300000000000005,0.45866101513915974
PF09UT3,137.47973121351922,0.075,0.226231300008705,137.47973121351922,0.075,0.226231300008705,129.83780345830974,0.07880000000000001,0.22860162039685022
PF10CP1,43.433205174703076,0.0371,0.37834604075735323,43.433037654047865,0.037000000000000005,0.3774578949380264,35.52983945160971,0.0494,0.44790119587110505
PF10CP2,83.78550269056326,0.0405,0.40236196695264104,83.78502123256831,0.040400000000000005,0.4015573671343471,79.38621553310851,0.0417,0.44308028814834766
PF10CP3,116.9245569385205,0.0568,0.4102848071812527,116.9245569385205,0.0568,0.4102848071812527,105.49531275415771,0.061000000000000006,0.36211275827294603
PF10LT1,63.958149527774,0.1999999999999993,0.773259731167624,28.230165905044814,0.0201,0.5968519908319817,16.937648374567935,0.0245,0.5113617170336656
PF10LT2,95.29871228678442,0.1008,0.3613289763823796,26.527343110931206,0.0189,0.6907325928035881,91.35175757859082,0.097,0.3413645921441718
PF10LT3,73.17910642885948,0.048100000000000004,0.3817349617003236,73.17885796005856,0.048,0.38171174016549675,67.95726612703739,0.0553,0.30738697781452085
PF10MT1,41.780412115517464,0.196,0.3932345035259997,7.211190717634123,0.02,0.38443545193827,5.0352031179514025,0.0216,0.4906274559628953
PF10MT2,47.59387185568427,0.035300000000000005,0.3808292085792164,47.59377235801869,0.0352,0.38055209971101095,37.282428070457854,0.0477,0.297745318349153
PF10MT3,78.88988891158813,0.0424,0.5047127257053456,78.8898629807084,0.042300000000000004,0.5041251104499569,51.682696020920815,0.057300000000000004,0.5424824794768017
PF10UT1,105.02162498940947,0.17250000000000001,0.21631680709082682,105.02102935223581,0.1724,0.21668062526116982,17.713720697545433,0.0614,1.0529328422594886
PF10UT2,138.49674049046743,0.0601,0.4884758207832489,138.49568223729244,0.060000000000000005,0.48882151328826406,140.6272603614787,0.058,0.49227673337999217
PF10UT3,118.02155289492404,0.0693,0.4696230080813776,30.816878051921698,0.019700000000000002,1.3530059973433872,97.1131162949277,0.08710000000000001,0.5348714938118542
PF11CP1,93.94477391064646,0.0454,0.29548585329621524,93.9446885528057,0.0453,0.295091412764216,66.61847341742467,0.0205,0.2286843606887028
PF11CP2,150.73954845021797,0.11620000000000001,1.1905587389968864,106.70817757422365,0.039,0.3523728157955482,103.61896928824468,0.040100000000000004,0.3101162197036834
PF11CP3,167.9144821312305,0.1595,0.833267887108939,69.741204503843,0.0528,0.28841786704455913,66.61623363727297,0.054,0.24606289625508584
PF11CP4,296.45055398724196,0.0753,0.6463192086318096,127.49773893750302,0.0181,0.5912665278460494,67.04579817829021,0.032100000000000004,2.149476707644434
PF11LT1,185.3647617803344,0.0523,0.6273255799402145,185.3638627553809,0.0522,0.6269537302425157,176.9118847329661,0.0441,0.5681535610593771
PF11LT2,347.80153596998014,0.06620000000000001,0.7360121919113326,46.96701992440404,0.0189,3.108108097366668,35.23770248109968,0.0142,4.245320859509307
PF11LT3,242.62302553498736,0.11180000000000001,0.7982783792007048,174.58743208705766,0.0224,0.41725331806520016,139.33054363995856,0.0333,0.4894253581233808
PF11MT1,111.4075615930929,0.031200000000000002,0.46894689709862736,111.40707325736682,0.031100000000000003,0.4683158547551161,104.13814583268045,0.030100000000000002,0.4332509750179802
PF11MT2,238.85038073208818,0.06670000000000001,0.674634019519769,86.5342689334163,0.0172,0.9642079730094845,245.33758104450771,0.0698,0.71765294585805
PF11MT3,178.73020761348278,0.1087,0.8759948792088407,99.12718291715002,0.0434,0.38219005589271116,91.30545021912131,0.048600000000000004,0.30928812808401035
PF11UT1,135.22974952153334,0.184,0.3585870088304481,120.5802974196664,0.1188,0.3824159594480087,6.8151447745487985,0.0125,2.4314634406829834
PF11UT2,133.15077994392232,0.1718,0.28248079704903206,33.8942145202718,0.0206,0.2969085519548347,76.84007166421512,0.1275,0.38036443466059777
PF11UT3,225.37993595714656,0.1638,0.6364504856606085,94.31290208028264,0.0671,0.24674431908732103,98.93278891213477,0.1114,0.39445526267793746
PF11UT4,345.77736034656726,0.1777,0.6016171744708134,40.81712428907725,0.014400000000000001,0.5976081466762132,34.759850903466905,0.0148,0.551418814207747
PF11UT5,246.7988236506241,0.1925,0.6508637754982196,102.26048897350626,0.0897,0.22511060740941974,95.65546261475777,0.10200000000000001,0.28898364368006724
PF12CP1,206.30779268504193,0.1558,0.404256146626066,34.422683294830456,0.0458,1.0389643933856583,23.361460130386412,0.031,1.0144027636894306
PF12CP2,1022.4297320801945,0.1976,0.9474786702852517,108.88466829810957,0.0335,0.18608782276371083,99.07558832167324,0.043500000000000004,0.17212546190275774
PF12CP3,353.452805057225,0.0636,0.6176990944864662,135.94958861091277,0.0189,0.8658631109345061,369.230519139651,0.0608,0.6401545373728145
PF12LT1,255.8187316284318,0.0465,0.7143101724559869,255.8187316284318,0.0465,0.7143101724559869,282.33892974477317,0.045000000000000005,0.7280840278989844
PF12LT3,114.35711728399706,0.0828,0.4839503013643699,114.35658655106106,0.08270000000000001,0.48372058318243216,113.24748412921504,0.0815,0.49044098433985933
PF12MT1,120.31015331335928,0.1356,0.8401222785481739,113.35036936147466,0.0383,0.36510189284812705,104.57293290872448,0.043300000000000005,0.36622729208405735
PF12MT2,141.50659033521725,0.0367,0.4196248659993473,141.50659033521725,0.0367,0.4196248659993473,134.54489965946513,0.0328,0.39964260586580147
PF12MT3,131.49962253617076,0.0466,0.463116760479681,131.4990684159943,0.0465,0.46282496974594933,124.17657345605139,0.050100000000000006,0.4444822137440692
PF12UT1,159.55471492828224,0.0611,0.35705927311405106,159.55471492828224,0.0611,0.35705927311405106,155.20420046188036,0.058100000000000006,0.3479081360081986
PF12UT2,206.36799727268465,0.1607,0.44170180421199273,6.2245161266392515,0.0888,6.6737128708893465,190.42521381031497,0.1685,0.34221896960491077
PF12UT3,103.34414100841093,0.0892,0.22176837999403295,92.6653832984839,0.039400000000000004,0.2539459126031661,91.14593412906699,0.0381,0.2123682161020919
PF12UT4,159.03866341027577,0.053900000000000003,0.2873303074399387,159.03865460916447,0.0538,0.2886471805281276,152.56852331417218,0.058800000000000005,0.17810500168967255
PF13CP1,94.52619710393432,0.1809,0.7142363698910739,65.00517437605089,0.0397,0.23153526704076358,60.03869345246897,0.0339,0.20050157105889022
PF13CP2,72.28455997846882,0.0941,0.2761612786037906,39.13007358278752,0.047400000000000005,0.49425052621114807,61.78756484734346,0.1044,0.22884317999764012
PF13CP3,30.947159507116737,0.1652,0.7752627537230817,29.132584609748974,0.015700000000000002,0.3979455771488261,19.881747545614477,0.0123,0.3490873935822
PF13MT1,28.934133723196034,0.1988,1.0208482645621753,6.423217903239036,0.020900000000000002,0.639646228377479,1.7103293099932797,0.035300000000000005,2.8149919108886974
PF13MT2,72.61483331928679,0.056900000000000006,0.5407484128924899,72.61483331928679,0.056900000000000006,0.5407484128924899,68.92177852672046,0.057800000000000004,0.5522038893172458
PF13MT3,89.61737943033246,0.014700000000000001,0.5252107191011958,89.61573317587313,0.0146,0.5254677689065611,70.73062789764518,0.0145,0.44866403265477905
PF13UT1,274.91901609957927,0.1295,0.8532413402763782,160.47312700676454,0.0804,0.2433667424949295,109.33180791425485,0.036500000000000005,0.41138368756495813
PF13UT2,74.6292110374073,0.0459,0.30421822817624494,74.62878543097337,0.0458,0.30435926528588675,66.11625915028341,0.0558,0.1862779261146866
PF13UT3,153.69044296777906,0.1948,1.1241732840202956,128.70648814161623,0.0568,0.3741121725706409,123.63301390316944,0.0528,0.35105901631594044
PF13UT4,276.1495530588983,0.1105,0.5591977026339994,50.5755156351281,0.0238,0.8075836519354138,37.94191200488568,0.0102,1.1121887161360304
PF13UT5,69.57235774184048,0.0806,0.2582001663261214,69.57235774184048,0.0806,0.2582001663261214,64.87260094052394,0.0906,0.3102233074804378
PF15LT1,321.5084373446313,0.051000000000000004,0.38103652433504515,321.5084373446313,0.051000000000000004,0.38103652433504515,301.94884265369126,0.0335,0.33131808773173776
PF15LT2,261.8281593306264,0.0658,0.24805485694178803,220.02232631325973,0.0217,0.3385448415489582,274.131919105537,0.0658,0.3115466222738795
PF15LT3,294.92276832407634,0.050300000000000004,0.46587158290842184,294.92276832407634,0.050300000000000004,0.46587158290842184,292.31111945732084,0.0563,0.44231784426297366
PF15MT1,242.3057752387785,0.0646,0.3792758414370665,242.3057752387785,0.0646,0.3792758414370665,235.25926520727782,0.0663,0.3559871417569843
PF15MT2,202.2514603587576,0.0579,0.42269650504019024,202.2509058062376,0.057800000000000004,0.4234485321620212,196.000486489631,0.062200000000000005,0.35934356316319377
PF15MT3,186.09914257674336,0.10980000000000001,0.2500968053595106,117.81863162840625,0.018000000000000002,0.2993558050341487,81.73797890465924,0.0287,0.3887840489519628
PF15CP1,152.0557660730008,0.09680000000000001,0.6640701655850354,37.17219872817286,0.01,0.2664709420463103,28.115297785357527,0.012400000000000001,0.5757939039561473
PF15CP3,265.4579435159174,0.041100000000000005,0.3896575936265168,265.4579435159174,0.041100000000000005,0.3896575936265168,234.63315638957437,0.0453,0.36372630084725055
PF15CP4,227.06343130983606,0.0765,0.4357310430372909,113.73717594696483,0.0364,0.5323903877002295,110.55641183164441,0.0329,0.48804907761296984
PF15LT1,192.41319833585737,0.061700000000000005,0.5098718401570526,95.2434991243266,0.0224,0.5779534266396019,86.53740412143291,0.0164,0.5898188031141683
PF15LT2,205.33269916885163,0.043500000000000004,0.541359696602921,205.33269916885163,0.043500000000000004,0.541359696602921,187.69695859756564,0.0475,0.5174843288708141
PF15LT3,123.13631457155603,0.046700000000000005,0.40220144271486774,123.13524905788032,0.0466,0.40192560892266666,116.19654449991653,0.0514,0.40274585878811936
PF15MT1,87.08686877928582,0.1746,0.38987953529966335,44.560450802607434,0.0693,0.2494736723700584,35.70126712848579,0.0446,0.2706720699670427
PF15MT2,108.48963422481738,0.046700000000000005,0.4621893992700642,108.48963422481738,0.046700000000000005,0.4621893992700642,99.49759646567932,0.0519,0.4085958565143224
PF15MT3,81.18101629603373,0.0666,0.22238995647480922,81.18101629603373,0.0666,0.22238995647480922,76.64092473570491,0.0732,0.15879382757486032
PF15UT1,158.77702379854293,0.0738,0.44497578109929276,158.77702379854293,0.0738,0.44497578109929276,157.6794491487754,0.07540000000000001,0.44355797843595063
PF15UT2,211.87412290524802,0.0772,0.4263091703466158,211.87412290524802,0.0772,0.4263091703466158,209.05738439300254,0.0772,0.4260580039324453
PF15UT3,178.36075482328872,0.09970000000000001,0.44822195929317915,178.36075482328872,0.09970000000000001,0.44822195929317915,14.652285346853246,0.0324,2.6430408169315305
PF15UT4,97.97244689721677,0.1375,0.3005359855499022,82.69408831705113,0.07490000000000001,0.1859305852393684,81.1894051420413,0.0772,0.17663704773741823
PF16CP1,113.69134498572205,0.053900000000000003,0.28834056288313636,113.69127079625603,0.0538,0.28855163967393604,107.22998978431535,0.0375,0.248298755689096
PF16CP2,321.1865548429856,0.0742,0.6617787653807935,130.7971078593548,0.0212,0.7151362803689093,380.36171595420717,0.065,0.6582231743761827
PF16CP3,240.93170675259657,0.1017,0.48415682838869234,240.93170675259657,0.1017,0.48415682838869234,209.54071874575678,0.1062,0.4587646390813199
PF16LT1,134.08901833677183,0.0316,0.4688943517337092,134.08901833677183,0.0316,0.4688943517337092,127.08883552174235,0.0302,0.40039110040223264
PF16LT2,204.0523942459591,0.0666,0.6908811150297683,79.91582467914643,0.0181,0.8217855279170522,31.01734092966487,0.032100000000000004,3.53015259615949
PF16LT3,614.5395994709567,0.1981,1.0509714776451153,216.6885017598806,0.0367,0.38201423489479786,196.89512914565296,0.029400000000000003,0.3575325208789146
PF16MT1,212.51009891103666,0.1363,0.9938679860347936,105.16623623664925,0.0427,0.345349414656382,88.98293954314356,0.052000000000000005,0.38646091816007866
PF16MT2,142.73815176895903,0.1385,0.6410643830494129,47.65467881072229,0.019,0.15363889822045845,38.43311559954663,0.019,0.2447248801657694
PF16MT3,234.98917156744517,0.0712,0.612529649899058,77.50337961136366,0.0239,1.117267054531109,244.40706627265158,0.0682,0.6145812681408792
PF16UT1,129.8400866370617,0.09910000000000001,0.3491259250136779,19.924085063539657,0.0137,1.0304701032595014,14.530978200574154,0.0149,1.6576978546277288
PF16UT2,281.93508674079237,0.1092,0.5594241985734046,29.294161103849806,0.02,1.189445485805435,23.279170428555005,0.014700000000000001,1.2202420569014818
PF16UT3,232.06294305334123,0.11760000000000001,1.105763971039787,146.05591067040137,0.0386,0.3909089319865947,109.46961298422367,0.046,0.2941723075542521
PF17CP1,109.08688539952954,0.13140000000000002,0.22113160176988084,104.14299776005767,0.056600000000000004,0.21829738264701423,96.36556091021444,0.0514,0.19218654047743025
PF17CP2,252.44527757434614,0.0606,0.5172583538348248,109.16692369661531,0.0204,0.7168943865437137,241.78158428779963,0.0568,0.5084778215609701
PF17LT1,101.62532761960819,0.0395,0.4675456501590902,101.62532761960819,0.0395,0.4675456501590902,95.33133484885175,0.0434,0.4165281155455377
PF17LT2,77.0184641157486,0.021500000000000002,0.2789821568692186,77.0184641157486,0.021500000000000002,0.2789821568692186,72.53860470925264,0.0219,0.13619792297099564
PF17LT3,214.49241841957638,0.17850000000000002,0.7487732673125124,142.96565088314452,0.0451,0.4580944034335349,129.77902712011732,0.049300000000000004,0.4284538065065162
PF17MT1,82.69291304967615,0.041,0.32702489504019955,82.69254490940864,0.0409,0.32665183764351413,78.02041168822707,0.039900000000000005,0.3001628651772316
PF17MT2,53.69693654513502,0.059300000000000005,0.3408537257216628,53.69693654513502,0.059300000000000005,0.3408537257216628,29.625935064316174,0.018600000000000002,0.4856027148531391
PF17MT3,185.9088878654116,0.0855,0.6297766869467585,116.00140332149006,0.0395,0.4504799051304934,86.52020189400497,0.0504,0.5226804715258323
PF17UT1,54.338235165202484,0.1278,0.34091305885730305,53.497236576927655,0.044500000000000005,0.2596470386068336,50.08525329531169,0.0364,0.24649314937522745
PF17UT2,286.8872935579583,0.11120000000000001,0.4809329248884856,193.70446274936495,0.059300000000000005,0.34568661058428907,182.11251874322537,0.0606,0.3102467309305119
PF17UT3,127.4169918088962,0.0405,0.4429514278392329,127.41697376676433,0.040400000000000005,0.44267144604829034,97.29177192842789,0.0519,0.37814695010199295
PF18CP1,337.0740875026394,0.1082,0.8049456151519028,143.95754001547024,0.058800000000000005,0.5507441537478097,125.78256261425064,0.053000000000000005,0.46901612884960564
PF18CP2,130.4446704890621,0.1434,0.19242058782931123,130.44466597418543,0.1433,0.19233223137908698,122.76175401401736,0.1355,0.16901669674954525
PF18CP3,131.89592199276686,0.07970000000000001,0.3550737355453146,131.8949140831082,0.0796,0.3547263950068556,125.23297111384923,0.07590000000000001,0.3390057368932984
PF18LT1,208.80704970722,0.056100000000000004,0.7441086886412026,208.80523014163842,0.056,0.7438852766231876,23.27315622969156,0.0134,4.9524016516676115
PF18LT2,136.5281557800249,0.0551,0.442564403957042,136.52744345189953,0.055,0.44271336848733983,129.18185201072748,0.0546,0.41267871553763624
PF18LT3,219.92949642309128,0.061900000000000004,0.7206776932685471,71.5385022487613,0.0179,1.0647854348626087,219.44359933577903,0.060000000000000005,0.7294901405855787
PF18MT1,282.53913794148934,0.0809,0.7100323702843043,282.535020815459,0.08080000000000001,0.7098076544506735,58.69535642880723,0.035500000000000004,1.9849935737696565
PF18MT2,194.73396144752382,0.11120000000000001,0.7804328927423473,107.12743302937311,0.055600000000000004,0.4364843680232308,94.93902720247243,0.0471,0.39329596882247925
PF18MT3,392.7760060390816,0.0417,0.6849034265820422,392.7760060390816,0.0417,0.6849034265820422,401.5231747450671,0.0364,0.6799991562480451
PF18UT1,83.31397128337696,0.09290000000000001,0.18774127296391852,83.31397128337696,0.09290000000000001,0.18774127296391852,81.43086075199957,0.0936,0.16363225025307407
PF18UT2,143.15186151856983,0.19920000000000002,0.5136131230708693,137.70137940213368,0.0685,0.3874039767806884,12.08900452866143,0.0161,5.671192166904341
PF19CP1,102.31239641046346,0.1855,0.878275574227041,82.48075917564198,0.0379,0.4060595344336957,76.602879529973,0.0313,0.34153552763033507
PF19CP2,121.1225348021515,0.044000000000000004,0.3942056252945163,121.1225348021515,0.044000000000000004,0.3942056252945163,119.26040749113982,0.044500000000000005,0.38021076569246887
PF19CP3,151.7548404455246,0.034,0.36368761456441345,151.7548404455246,0.034,0.36368761456441345,144.3993964977671,0.0325,0.34997872763597454
PF19LT1,117.37678471865271,0.0296,0.5468803379630605,117.37662704334765,0.029500000000000002,0.5462611040784237,104.06939662950913,0.031200000000000002,0.5093081522599605
PF19LT2,141.23253075304007,0.0381,0.3957530122207213,141.23195237311342,0.038,0.3953233719444504,127.90120493350848,0.0388,0.35777053664503855
PF19LT3,100.7742670041659,0.0546,0.45758718249778646,100.7742670041659,0.0546,0.45758718249778646,97.90921387521448,0.0563,0.47115411198427093
PF19MT1,111.10927203219153,0.08600000000000001,0.42828831982693133,70.49403472421157,0.042800000000000005,0.46950352127391287,65.10899709396634,0.036500000000000005,0.4383591456140781
PF19MT2,152.97662964207274,0.0426,0.3630653781342961,152.97571284365182,0.0425,0.3628583595953333,152.1336770050674,0.0442,0.3471155087319186
PF19MT3,299.87258498444237,0.06670000000000001,0.7165312049892609,101.66871617940902,0.0175,1.0353371202384987,307.4260920460187,0.06910000000000001,0.7544654573634239
PF19UT1,128.07056401486932,0.1821,0.7013995853049243,110.10070057394898,0.053700000000000005,0.4226140011882375,109.02097812851837,0.053900000000000003,0.4264888061189102
PF19UT2,244.82753735361445,0.1068,0.5970227812476943,244.82701793649045,0.1067,0.5962609367637325,119.15175719922557,0.0608,0.5032308318326889
PF19UT3,170.60598082869447,0.0613,0.38180470920207094,170.60598082869447,0.0613,0.38180470920207094,162.4845315508547,0.06280000000000001,0.36561459416794945
PF20CP1,402.79355573694545,0.1768,0.7671911025870207,61.01520879758199,0.0234,0.7507429199160651,172.5844417979097,0.0862,0.3430840664055287
PF20CP2,269.70676988676473,0.07930000000000001,0.531359851805142,158.77821708465615,0.0239,0.3573916515016677,125.88959632329865,0.034800000000000005,0.5635060152619484
PF20CP3,119.92043774444682,0.1163,0.2997219702250085,90.61163352237347,0.056600000000000004,0.23613255557794813,78.61712742698703,0.058800000000000005,0.18708081655751413
PF20CP4,418.74850527073784,0.0839,0.6520908981677985,176.4708757231023,0.0408,0.6626925745506551,142.14938644839538,0.0337,0.7875127190306924
PF20LT1,69.11712058821432,0.02,0.31436541678300217,69.11712058821432,0.02,0.31436541678300217,65.78182984076653,0.019700000000000002,0.33603897915012887
PF20LT2,101.30884135172474,0.061700000000000005,0.33275935975924215,80.27293570469348,0.0218,0.3915193902724531,94.37358604276886,0.0631,0.3372535432859924
PF20MT1,150.42141137111383,0.13520000000000001,0.6550554595934046,107.60329128790123,0.043500000000000004,0.39066249715748946,104.87997477772123,0.0395,0.374704165324296
PF20MT2,118.74706131089556,0.0625,0.405475836952688,52.307794333366644,0.0198,0.738037477334043,110.23006449172763,0.0697,0.3416456360067999
PF20MT3,364.7449632981677,0.19770000000000001,1.4575865330063111,142.7183952588561,0.0824,0.49070083462088276,107.77650501272825,0.0918,0.5294729365254967
PF20UT1,131.26472051409593,0.157,0.3267388366173008,50.91813639084701,0.048100000000000004,0.5559805489163693,107.90399026774766,0.11040000000000001,0.17964049247907968
PF20UT2,501.1062381688193,0.11230000000000001,0.6386593942650831,63.778393598318885,0.0167,0.6152702141822363,405.573299900382,0.12140000000000001,0.6065333967732683
PF20UT3,215.71949386328146,0.0368,0.3773543526966825,215.71837883188786,0.0367,0.376888454442163,212.78027644028614,0.035,0.35806968095139274
PF20UT4,207.1525572407652,0.1119,0.4616260220961354,72.70223849423596,0.062,0.7187987743063206,66.24052402475837,0.0629,0.8426129352606914
PF21CP1,334.6027952597418,0.1143,0.8532331521113105,29.35268335212335,0.017,1.1971929059955289,2.308306234183873,0.0329,26.242762459432207
PF21CP2,96.12668031602254,0.08600000000000001,0.3542082858024039,71.72446996037658,0.0247,0.12481573966734646,68.8601590530778,0.024200000000000003,0.05320333424230806
PF21CP3,52.065755565772776,0.054,0.48889877931985826,52.065218587740866,0.053900000000000003,0.48876326139712434,47.549614181339784,0.050800000000000005,0.46505867670253415
PF21LT2,162.44277711483107,0.1605,1.2527128568194825,102.43459954790598,0.0661,0.2423979793207993,96.86181443759013,0.076,0.32180213041529965
PF21MT1,252.00807718013778,0.1976,1.207989287393983,71.9226941954216,0.0181,0.7703361692988371,135.82399917223813,0.0703,0.632414842827296
PF21MT2,75.55817004764842,0.0613,0.4282415274995871,75.55817004764842,0.0613,0.4282415274995871,75.30002413288503,0.0594,0.4366554056156415
PF21MT3,88.96591371040333,0.0517,0.4646052551052417,88.96591371040333,0.0517,0.4646052551052417,80.69150239926127,0.0548,0.46280025028874705
PF21UT1,198.20051631940908,0.063,0.44971112822646925,84.84880933293395,0.019100000000000002,0.683661944149188,75.16652227107652,0.0152,0.7694966577469208
PF21UT2,126.76932448004055,0.0731,0.3782517095989293,126.76932448004055,0.0731,0.3782517095989293,118.89830971181206,0.0748,0.3775377999428598
PF21UT3,133.8855923849373,0.1584,0.11311323367667851,6.841242210712679,0.030600000000000002,1.0590198152405912,4.58343840512789,0.034800000000000005,2.379722556051605
SV01CP1,262.0453544836413,0.1589,0.9075671765374188,185.96769895577972,0.0475,0.4229310597691928,193.3746467238374,0.0463,0.418549739454943
SV01CP2,222.4113109289354,0.044500000000000005,0.49224008225941956,222.4094591576208,0.0444,0.49178880066013403,232.44299345728723,0.0424,0.49253287769567566
SV01CP3,263.5869249502248,0.18000000000000002,0.8792037589740407,222.91568232295268,0.038900000000000004,0.5654335833018554,224.0187148713248,0.0352,0.5763298059859004
SV01CP4,181.92360691390286,0.19870000000000002,0.8113735828781716,179.70870656787213,0.0403,0.4167232592644458,172.2985462431493,0.0397,0.36970959968498013
SV01LT1,177.88293795003725,0.1771,0.9351257246536746,162.10477520810895,0.0524,0.5397261091223096,164.5166387415898,0.0494,0.5396210466221604
SV01LT2,294.098910839468,0.1796,0.8120026207369417,157.58307632283152,0.0596,0.46451616826756426,151.19025303297434,0.0579,0.44887641159354535
SV01LT3,107.94820790715431,0.0507,0.4592808179838683,107.94820790715431,0.0507,0.4592808179838683,104.21271811356884,0.0502,0.4298673065528125
SV01MT1,123.80363600366621,0.043300000000000005,0.5099189547940866,123.8023579226338,0.0432,0.509634209119221,121.31547557901163,0.046900000000000004,0.49407273490719117
SV01UT1,461.0302570887461,0.197,0.7385923730959426,84.96632228531645,0.022000000000000002,0.3376569110938186,67.18094538000113,0.0322,0.5230400840140615
SV01UT2,375.0813074968619,0.1715,0.7902756954037384,82.1366587705148,0.0206,0.37305791618722345,66.76429682418986,0.029900000000000003,0.6125308556265187
SV01UT3,142.36611366510468,0.056400000000000006,0.5096098077530947,142.36611366510468,0.056400000000000006,0.5096098077530947,137.6151984110006,0.0541,0.4989533510472465
